assertion_id,entity_type,entity_name,office,source_record_id,asserted_fact,claimed_reference_date,claimed_status,claimed_party,source_urls_raw,document_identifier,publisher,publication_date_raw,source_retrieval_date,audit_import_date,locator,support_kind,source_access_status,temporal_limit,conflict_or_limit
LEG-6acbef0c8e72,person,Luís Inácio Adams,Advocacia-Geral da União,dilma_rousseff:1:1,DIAP January 2015 ministerial directory explicitly reports individual party affiliation.,2015-01-01,UNAFFILIATED,,https://www.diap.org.br/index.php/publicacoes?catid=61&id=878&m=0&task=download.send,,not_normalized_in_prior_ledger,2015-01,,2026-09-10,Prior appointment_evidence.csv row source_record_id=dilma_rousseff:1:1,inherited_prior_audit_claim_not_new_verification,not_individually_retrieved_by_inventory_projection,Appointment-date claim only unless underlying assertion explicitly covers a longer interval; not a certified affiliation spell.,
LEG-7a1f7e7148d0,person,Guilherme Walder Mora Ramalho,Secretaria de Aviação Civil,dilma_rousseff:1:10,Bounded name/party/filiação and contemporary appointment searches did not locate dated formal affiliation or explicit absence evidence. Blank pinned field and technical career are insufficient.,2016-04-18,UNRESOLVED,,,,not_normalized_in_prior_ledger,,,2026-09-10,Prior appointment_evidence.csv row source_record_id=dilma_rousseff:1:10,inherited_prior_audit_claim_not_new_verification,not_individually_retrieved_by_inventory_projection,Appointment-date claim only unless underlying assertion explicitly covers a longer interval; not a certified affiliation spell.,Diagnostic only: unresolved party is not an unaffiliated classification; do not use in production.
LEG-3a3bd99ec9c2,person,Alexandre Tombini,Presidente do Banco Central do Brasil,dilma_rousseff:1:11,DIAP January 2015 ministerial directory explicitly reports individual party affiliation.,2015-01-01,UNAFFILIATED,,https://www.diap.org.br/index.php/publicacoes?catid=61&id=878&m=0&task=download.send,,not_normalized_in_prior_ledger,2015-01,,2026-09-10,Prior appointment_evidence.csv row source_record_id=dilma_rousseff:1:11,inherited_prior_audit_claim_not_new_verification,not_individually_retrieved_by_inventory_projection,Appointment-date claim only unless underlying assertion explicitly covers a longer interval; not a certified affiliation spell.,
LEG-d255b4dea116,person,Aloizio Mercadante,Casa Civil,dilma_rousseff:1:12,DIAP January 2015 ministerial directory explicitly reports individual party affiliation.,2015-01-01,PARTY,PT,https://www.diap.org.br/index.php/publicacoes?catid=61&id=878&m=0&task=download.send,,not_normalized_in_prior_ledger,2015-01,,2026-09-10,Prior appointment_evidence.csv row source_record_id=dilma_rousseff:1:12,inherited_prior_audit_claim_not_new_verification,not_individually_retrieved_by_inventory_projection,Appointment-date claim only unless underlying assertion explicitly covers a longer interval; not a certified affiliation spell.,
LEG-8fea2cf59c34,person,Jaques Wagner,Casa Civil,dilma_rousseff:1:13,Contemporaneous reform roster explicitly identifies party or no affiliation.,2015-10-02,PARTY,PT,https://www.jb.com.br/pais/noticias/2015/10/02/veja-como-ficou-a-composicao-do-novo-ministerio-de-dilma-por-partidos.html,,not_normalized_in_prior_ledger,2015-10-02,,2026-09-10,Prior appointment_evidence.csv row source_record_id=dilma_rousseff:1:13,inherited_prior_audit_claim_not_new_verification,not_individually_retrieved_by_inventory_projection,Appointment-date claim only unless underlying assertion explicitly covers a longer interval; not a certified affiliation spell.,
LEG-f7165c075478,person,Eva Chiavon,Casa Civil,dilma_rousseff:1:15,Appointment-day profile identifies her as PT member.,2016-03-22,PARTY,PT,https://www1.folha.uol.com.br/poder/2016/03/1753047-com-impasse-sobre-lula-dilma-da-bahia-assume-casa-civil.shtml,,not_normalized_in_prior_ledger,2016-03-22,,2026-09-10,Prior appointment_evidence.csv row source_record_id=dilma_rousseff:1:15,inherited_prior_audit_claim_not_new_verification,not_individually_retrieved_by_inventory_projection,Appointment-date claim only unless underlying assertion explicitly covers a longer interval; not a certified affiliation spell.,
LEG-9551d742d972,person,Aldo Rebelo,"Ministério da Ciência, Tecnologia e Inovação",dilma_rousseff:1:16,DIAP January 2015 ministerial directory explicitly reports individual party affiliation.,2015-01-01,PARTY,PCdoB,https://www.diap.org.br/index.php/publicacoes?catid=61&id=878&m=0&task=download.send,,not_normalized_in_prior_ledger,2015-01,,2026-09-10,Prior appointment_evidence.csv row source_record_id=dilma_rousseff:1:16,inherited_prior_audit_claim_not_new_verification,not_individually_retrieved_by_inventory_projection,Appointment-date claim only unless underlying assertion explicitly covers a longer interval; not a certified affiliation spell.,
LEG-c63d31861f21,person,Celso Pansera,"Ministério da Ciência, Tecnologia e Inovação",dilma_rousseff:1:17,Contemporaneous reform roster explicitly identifies party or no affiliation.,2015-10-02,PARTY,PMDB,https://www.jb.com.br/pais/noticias/2015/10/02/veja-como-ficou-a-composicao-do-novo-ministerio-de-dilma-por-partidos.html,,not_normalized_in_prior_ledger,2015-10-02,,2026-09-10,Prior appointment_evidence.csv row source_record_id=dilma_rousseff:1:17,inherited_prior_audit_claim_not_new_verification,not_individually_retrieved_by_inventory_projection,Appointment-date claim only unless underlying assertion explicitly covers a longer interval; not a certified affiliation spell.,
LEG-3adefb71d2bc,person,Emília Maria Silva Ribeiro Curi,"Ministério da Ciência, Tecnologia e Inovação",dilma_rousseff:1:18,Bounded name/party/filiação and contemporary appointment searches did not locate dated formal affiliation or explicit absence evidence. Blank pinned field and technical career are insufficient.,2016-04-14,UNRESOLVED,,,,not_normalized_in_prior_ledger,,,2026-09-10,Prior appointment_evidence.csv row source_record_id=dilma_rousseff:1:18,inherited_prior_audit_claim_not_new_verification,not_individually_retrieved_by_inventory_projection,Appointment-date claim only unless underlying assertion explicitly covers a longer interval; not a certified affiliation spell.,Diagnostic only: unresolved party is not an unaffiliated classification; do not use in production.
LEG-79221ce8a4c6,person,Gilberto Kassab,Ministério das Cidades,dilma_rousseff:1:19,DIAP January 2015 ministerial directory explicitly reports individual party affiliation.,2015-01-01,PARTY,PSD,https://www.diap.org.br/index.php/publicacoes?catid=61&id=878&m=0&task=download.send,,not_normalized_in_prior_ledger,2015-01,,2026-09-10,Prior appointment_evidence.csv row source_record_id=dilma_rousseff:1:19,inherited_prior_audit_claim_not_new_verification,not_individually_retrieved_by_inventory_projection,Appointment-date claim only unless underlying assertion explicitly covers a longer interval; not a certified affiliation spell.,
LEG-6eb6d5643016,person,José Eduardo Cardozo,Advocacia-Geral da União,dilma_rousseff:1:2,Agência Brasil appointment-day biography explicitly states PT affiliation since the 1980s.,2016-03-03,PARTY,PT,https://exame.com/brasil/dilma-da-posse-aos-ministros-da-justica-da-agu-e-da-cgu/,,not_normalized_in_prior_ledger,2016-03-03,,2026-09-10,Prior appointment_evidence.csv row source_record_id=dilma_rousseff:1:2,inherited_prior_audit_claim_not_new_verification,not_individually_retrieved_by_inventory_projection,Appointment-date claim only unless underlying assertion explicitly covers a longer interval; not a certified affiliation spell.,
LEG-c8ef1de4a884,person,Inês da Silva Magalhães,Ministério das Cidades,dilma_rousseff:1:20,"Dated reporting explicitly establishes PT membership before appointment; retrospective ministerial chronology Table32 p171 identifies PT for her2016 tenure, citing Ministry of Regional Development2019.",2016-04-15,PARTY,PT,https://acervojamildo.com/posts/2010/2010-11-24-dilma-estuda-dividir-o-ministerio-das-cidades-em-dois-para-agradar-aliados-12419424/ | https://teses.usp.br/teses/disponiveis/8/8136/tde-27112019-184232/publico/2019_GullitTorresDias_VCorr.pdf,,not_normalized_in_prior_ledger,2010-11-24 / 2019,,2026-09-10,Prior appointment_evidence.csv row source_record_id=dilma_rousseff:1:20,inherited_prior_audit_claim_not_new_verification,not_individually_retrieved_by_inventory_projection,Appointment-date claim only unless underlying assertion explicitly covers a longer interval; not a certified affiliation spell.,Retrospective tenure evidence corroborates pre-appointment membership; no later party label used to back-project a new affiliation.
LEG-645dc7ca47f1,person,Thomas Traumann,Secretaria de Comunicação Social,dilma_rousseff:1:21,DIAP January 2015 ministerial directory explicitly reports individual party affiliation.,2015-01-01,UNAFFILIATED,,https://www.diap.org.br/index.php/publicacoes?catid=61&id=878&m=0&task=download.send,,not_normalized_in_prior_ledger,2015-01,,2026-09-10,Prior appointment_evidence.csv row source_record_id=dilma_rousseff:1:21,inherited_prior_audit_claim_not_new_verification,not_individually_retrieved_by_inventory_projection,Appointment-date claim only unless underlying assertion explicitly covers a longer interval; not a certified affiliation spell.,
LEG-89bba1651520,person,Edinho Silva,Secretaria de Comunicação Social,dilma_rousseff:1:22,PT identified in appointment announcement for March 31.,2015-03-31,PARTY,PT,https://epoca.globo.com/tempo/filtro/noticia/2015/03/edinho-silva-substitui-thomas-traumann-na-comunicacao-social.html,,not_normalized_in_prior_ledger,2015-03-27,,2026-09-10,Prior appointment_evidence.csv row source_record_id=dilma_rousseff:1:22,inherited_prior_audit_claim_not_new_verification,not_individually_retrieved_by_inventory_projection,Appointment-date claim only unless underlying assertion explicitly covers a longer interval; not a certified affiliation spell.,
LEG-a0ba08a78c10,person,Ricardo Berzoini,Ministério das Comunicações,dilma_rousseff:1:23,DIAP January 2015 ministerial directory explicitly reports individual party affiliation.,2015-01-01,PARTY,PT,https://www.diap.org.br/index.php/publicacoes?catid=61&id=878&m=0&task=download.send,,not_normalized_in_prior_ledger,2015-01,,2026-09-10,Prior appointment_evidence.csv row source_record_id=dilma_rousseff:1:23,inherited_prior_audit_claim_not_new_verification,not_individually_retrieved_by_inventory_projection,Appointment-date claim only unless underlying assertion explicitly covers a longer interval; not a certified affiliation spell.,
LEG-86c922df0c71,person,André Figueiredo,Ministério das Comunicações,dilma_rousseff:1:24,Contemporaneous reform roster explicitly identifies party or no affiliation.,2015-10-02,PARTY,PDT,https://www.jb.com.br/pais/noticias/2015/10/02/veja-como-ficou-a-composicao-do-novo-ministerio-de-dilma-por-partidos.html,,not_normalized_in_prior_ledger,2015-10-02,,2026-09-10,Prior appointment_evidence.csv row source_record_id=dilma_rousseff:1:24,inherited_prior_audit_claim_not_new_verification,not_individually_retrieved_by_inventory_projection,Appointment-date claim only unless underlying assertion explicitly covers a longer interval; not a certified affiliation spell.,
LEG-8a829ddf0700,person,Valdir Moysés Simão,Controladoria-Geral da União,dilma_rousseff:1:25,DIAP January 2015 ministerial directory explicitly reports individual party affiliation.,2015-01-01,UNAFFILIATED,,https://www.diap.org.br/index.php/publicacoes?catid=61&id=878&m=0&task=download.send,,not_normalized_in_prior_ledger,2015-01,,2026-09-10,Prior appointment_evidence.csv row source_record_id=dilma_rousseff:1:25,inherited_prior_audit_claim_not_new_verification,not_individually_retrieved_by_inventory_projection,Appointment-date claim only unless underlying assertion explicitly covers a longer interval; not a certified affiliation spell.,
LEG-f1564ca79a01,person,Carlos Higino Ribeiro de Alencar,Controladoria-Geral da União,dilma_rousseff:1:26,"Gomes, Revista da CGU 8(13), Table 3 p464 and historical membership index pp471-472 explicitly report no affiliation for the 2003-2016 period; direct study of official records, LAI and biographical data.",2015-12-21,UNAFFILIATED,,https://repositorio.cgu.gov.br/bitstream/1/34422/10/V8.n13_Importancia.pdf,,not_normalized_in_prior_ledger,2016-12,,2026-09-10,Prior appointment_evidence.csv row source_record_id=dilma_rousseff:1:26,inherited_prior_audit_claim_not_new_verification,not_individually_retrieved_by_inventory_projection,Appointment-date claim only unless underlying assertion explicitly covers a longer interval; not a certified affiliation spell.,
LEG-27767c7555e1,person,Luiz Navarro de Britto,Controladoria-Geral da União,dilma_rousseff:1:27,"Gomes, Revista da CGU 8(13), Table 3 p464 and historical membership index pp471-472 explicitly report no affiliation for the 2003-2016 period; direct study of official records, LAI and biographical data.",2016-02-29,UNAFFILIATED,,https://repositorio.cgu.gov.br/bitstream/1/34422/10/V8.n13_Importancia.pdf,,not_normalized_in_prior_ledger,2016-12,,2026-09-10,Prior appointment_evidence.csv row source_record_id=dilma_rousseff:1:27,inherited_prior_audit_claim_not_new_verification,not_individually_retrieved_by_inventory_projection,Appointment-date claim only unless underlying assertion explicitly covers a longer interval; not a certified affiliation spell.,
LEG-e0ac31b0f981,person,Juca Ferreira,Ministério da Cultura,dilma_rousseff:1:28,DIAP January 2015 ministerial directory explicitly reports individual party affiliation.,2015-01-01,PARTY,PT,https://www.diap.org.br/index.php/publicacoes?catid=61&id=878&m=0&task=download.send,,not_normalized_in_prior_ledger,2015-01,,2026-09-10,Prior appointment_evidence.csv row source_record_id=dilma_rousseff:1:28,inherited_prior_audit_claim_not_new_verification,not_individually_retrieved_by_inventory_projection,Appointment-date claim only unless underlying assertion explicitly covers a longer interval; not a certified affiliation spell.,
LEG-d44eb314acd9,person,Jaques Wagner,Ministério da Defesa,dilma_rousseff:1:29,DIAP January 2015 ministerial directory explicitly reports individual party affiliation.,2015-01-01,PARTY,PT,https://www.diap.org.br/index.php/publicacoes?catid=61&id=878&m=0&task=download.send,,not_normalized_in_prior_ledger,2015-01,,2026-09-10,Prior appointment_evidence.csv row source_record_id=dilma_rousseff:1:29,inherited_prior_audit_claim_not_new_verification,not_individually_retrieved_by_inventory_projection,Appointment-date claim only unless underlying assertion explicitly covers a longer interval; not a certified affiliation spell.,
LEG-bbe559c76692,person,Kátia Abreu,"Ministério da Agricultura, Pecuária e Abastecimento",dilma_rousseff:1:3,DIAP January 2015 ministerial directory explicitly reports individual party affiliation.,2015-01-01,PARTY,PMDB,https://www.diap.org.br/index.php/publicacoes?catid=61&id=878&m=0&task=download.send,,not_normalized_in_prior_ledger,2015-01,,2026-09-10,Prior appointment_evidence.csv row source_record_id=dilma_rousseff:1:3,inherited_prior_audit_claim_not_new_verification,not_individually_retrieved_by_inventory_projection,Appointment-date claim only unless underlying assertion explicitly covers a longer interval; not a certified affiliation spell.,
LEG-bada6905fc7f,person,Aldo Rebelo,Ministério da Defesa,dilma_rousseff:1:30,Contemporaneous reform roster explicitly identifies party or no affiliation.,2015-10-02,PARTY,PCdoB,https://www.jb.com.br/pais/noticias/2015/10/02/veja-como-ficou-a-composicao-do-novo-ministerio-de-dilma-por-partidos.html,,not_normalized_in_prior_ledger,2015-10-02,,2026-09-10,Prior appointment_evidence.csv row source_record_id=dilma_rousseff:1:30,inherited_prior_audit_claim_not_new_verification,not_individually_retrieved_by_inventory_projection,Appointment-date claim only unless underlying assertion explicitly covers a longer interval; not a certified affiliation spell.,
LEG-9fb226a0f1d8,person,Patrus Ananias,Ministério do Desenvolvimento Agrário,dilma_rousseff:1:31,DIAP January 2015 ministerial directory explicitly reports individual party affiliation.,2015-01-01,PARTY,PT,https://www.diap.org.br/index.php/publicacoes?catid=61&id=878&m=0&task=download.send,,not_normalized_in_prior_ledger,2015-01,,2026-09-10,Prior appointment_evidence.csv row source_record_id=dilma_rousseff:1:31,inherited_prior_audit_claim_not_new_verification,not_individually_retrieved_by_inventory_projection,Appointment-date claim only unless underlying assertion explicitly covers a longer interval; not a certified affiliation spell.,
LEG-4e35512833d0,person,Maria Fernanda Ramos Coelho,Ministério do Desenvolvimento Agrário,dilma_rousseff:1:32,Explicit earlier PT membership is documented; the bounded search did not establish continuity to April2016. Raw blank must not be treated as verified no-party.,2016-04-14,UNRESOLVED,,"https://www1.folha.uol.com.br/fsp/brasil/fc2410200702.htm | https://www.correiobraziliense.com.br/app/noticia/economia/2011/03/25/internas_economia,244489/para-acalmar-pt-e-pmdb-dilma-rousseff-muda-comando-da-caixa.shtml",,not_normalized_in_prior_ledger,2007-10-24 / 2011-03-25,,2026-09-10,Prior appointment_evidence.csv row source_record_id=dilma_rousseff:1:32,inherited_prior_audit_claim_not_new_verification,not_individually_retrieved_by_inventory_projection,Appointment-date claim only unless underlying assertion explicitly covers a longer interval; not a certified affiliation spell.,Diagnostic only: unresolved party is not an unaffiliated classification; do not use in production.
LEG-42ef15a41df1,person,Patrus Ananias,Ministério do Desenvolvimento Agrário,dilma_rousseff:1:33,Chamber historical mandate and leave records identify PT mandate and fresh ministerial leave on April 19.,2016-04-19,PARTY,PT,https://www.camara.leg.br/deputados/74160/biografia,,not_normalized_in_prior_ledger,2016-04-19,,2026-09-10,Prior appointment_evidence.csv row source_record_id=dilma_rousseff:1:33,inherited_prior_audit_claim_not_new_verification,not_individually_retrieved_by_inventory_projection,Appointment-date claim only unless underlying assertion explicitly covers a longer interval; not a certified affiliation spell.,
LEG-ba4b75fca9f5,person,Armando Monteiro,"Ministério do Desenvolvimento, Indústria e Comércio Exterior",dilma_rousseff:1:34,DIAP January 2015 ministerial directory explicitly reports individual party affiliation.,2015-01-01,PARTY,PTB,https://www.diap.org.br/index.php/publicacoes?catid=61&id=878&m=0&task=download.send,,not_normalized_in_prior_ledger,2015-01,,2026-09-10,Prior appointment_evidence.csv row source_record_id=dilma_rousseff:1:34,inherited_prior_audit_claim_not_new_verification,not_individually_retrieved_by_inventory_projection,Appointment-date claim only unless underlying assertion explicitly covers a longer interval; not a certified affiliation spell.,
LEG-af4dca441a45,person,Tereza Campello,Ministério do Desenvolvimento Social e Combate à Fome,dilma_rousseff:1:35,DIAP January 2015 ministerial directory explicitly reports individual party affiliation.,2015-01-01,PARTY,PT,https://www.diap.org.br/index.php/publicacoes?catid=61&id=878&m=0&task=download.send,,not_normalized_in_prior_ledger,2015-01,,2026-09-10,Prior appointment_evidence.csv row source_record_id=dilma_rousseff:1:35,inherited_prior_audit_claim_not_new_verification,not_individually_retrieved_by_inventory_projection,Appointment-date claim only unless underlying assertion explicitly covers a longer interval; not a certified affiliation spell.,
LEG-d13b06a2d6ea,person,Ideli Salvatti,Secretaria de Direitos Humanos,dilma_rousseff:1:36,DIAP January 2015 ministerial directory explicitly reports individual party affiliation.,2015-01-01,PARTY,PT,https://www.diap.org.br/index.php/publicacoes?catid=61&id=878&m=0&task=download.send,,not_normalized_in_prior_ledger,2015-01,,2026-09-10,Prior appointment_evidence.csv row source_record_id=dilma_rousseff:1:36,inherited_prior_audit_claim_not_new_verification,not_individually_retrieved_by_inventory_projection,Appointment-date claim only unless underlying assertion explicitly covers a longer interval; not a certified affiliation spell.,
LEG-b81907f65c5f,person,Pepe Vargas,Secretaria de Direitos Humanos,dilma_rousseff:1:37,Government appointment biography reports PT membership since 1981.,2015-04-16,PARTY,PT,https://www.gov.br/mdh/pt-br/sdh/noticias/2015/abril/pepe-vargas-assume-secretaria-de-direitos-humanos,,not_normalized_in_prior_ledger,2015-04-16,,2026-09-10,Prior appointment_evidence.csv row source_record_id=dilma_rousseff:1:37,inherited_prior_audit_claim_not_new_verification,not_individually_retrieved_by_inventory_projection,Appointment-date claim only unless underlying assertion explicitly covers a longer interval; not a certified affiliation spell.,
LEG-bcc69be0973d,person,Nilma Lino Gomes,Secretaria de Direitos Humanos,dilma_rousseff:1:38,Contemporaneous reform roster explicitly identifies party or no affiliation.,2015-10-02,UNAFFILIATED,,https://www.jb.com.br/pais/noticias/2015/10/02/veja-como-ficou-a-composicao-do-novo-ministerio-de-dilma-por-partidos.html,,not_normalized_in_prior_ledger,2015-10-02,,2026-09-10,Prior appointment_evidence.csv row source_record_id=dilma_rousseff:1:38,inherited_prior_audit_claim_not_new_verification,not_individually_retrieved_by_inventory_projection,Appointment-date claim only unless underlying assertion explicitly covers a longer interval; not a certified affiliation spell.,
LEG-8702e7355c32,person,Cid Gomes,Ministério da Educação,dilma_rousseff:1:39,DIAP January 2015 ministerial directory explicitly reports individual party affiliation.,2015-01-01,PARTY,PROS,https://www.diap.org.br/index.php/publicacoes?catid=61&id=878&m=0&task=download.send,,not_normalized_in_prior_ledger,2015-01,,2026-09-10,Prior appointment_evidence.csv row source_record_id=dilma_rousseff:1:39,inherited_prior_audit_claim_not_new_verification,not_individually_retrieved_by_inventory_projection,Appointment-date claim only unless underlying assertion explicitly covers a longer interval; not a certified affiliation spell.,
LEG-165ae748c303,person,Marcelo Neri,Secretaria de Assuntos Estratégicos,dilma_rousseff:1:4,DIAP January 2015 ministerial directory explicitly reports individual party affiliation.,2015-01-01,UNAFFILIATED,,https://www.diap.org.br/index.php/publicacoes?catid=61&id=878&m=0&task=download.send,,not_normalized_in_prior_ledger,2015-01,,2026-09-10,Prior appointment_evidence.csv row source_record_id=dilma_rousseff:1:4,inherited_prior_audit_claim_not_new_verification,not_individually_retrieved_by_inventory_projection,Appointment-date claim only unless underlying assertion explicitly covers a longer interval; not a certified affiliation spell.,
LEG-71604753d832,person,Luiz Cláudio Costa,Ministério da Educação,dilma_rousseff:1:40,"Explicit PT membership in 2012 and party-event participation in May2015 suggest PT, but no direct evidence establishes uninterrupted formal membership at March2015 start. Raw blank is unsafe.",2015-03-18,UNRESOLVED,,https://educacao.uol.com.br/noticias/2012/02/07/luiz-claudio-costa-e-o-novo-presidente-do-inep.htm | https://pt.org.br/blog-secretarias/snai-realiza-encontro-nacional-de-gestores-petistas-nesta-terca-feira-26-em-brasilia/,,not_normalized_in_prior_ledger,2012-02-07 / 2015-05-26,,2026-09-10,Prior appointment_evidence.csv row source_record_id=dilma_rousseff:1:40,inherited_prior_audit_claim_not_new_verification,not_individually_retrieved_by_inventory_projection,Appointment-date claim only unless underlying assertion explicitly covers a longer interval; not a certified affiliation spell.,Diagnostic only: unresolved party is not an unaffiliated classification; do not use in production.
LEG-5819c21b71da,person,Renato Janine Ribeiro,Ministério da Educação,dilma_rousseff:1:41,In contemporaneous interview minister says he has never belonged to any party; applies backward to April appointment.,2015-04-06,UNAFFILIATED,,https://brasil.elpais.com/brasil/2015/06/15/politica/1434388809_231783.html,,not_normalized_in_prior_ledger,2015-06-15,,2026-09-10,Prior appointment_evidence.csv row source_record_id=dilma_rousseff:1:41,inherited_prior_audit_claim_not_new_verification,not_individually_retrieved_by_inventory_projection,Appointment-date claim only unless underlying assertion explicitly covers a longer interval; not a certified affiliation spell.,
LEG-85841e849f8e,person,Aloizio Mercadante,Ministério da Educação,dilma_rousseff:1:42,Contemporaneous reform roster explicitly identifies party or no affiliation.,2015-10-02,PARTY,PT,https://www.jb.com.br/pais/noticias/2015/10/02/veja-como-ficou-a-composicao-do-novo-ministerio-de-dilma-por-partidos.html,,not_normalized_in_prior_ledger,2015-10-02,,2026-09-10,Prior appointment_evidence.csv row source_record_id=dilma_rousseff:1:42,inherited_prior_audit_claim_not_new_verification,not_individually_retrieved_by_inventory_projection,Appointment-date claim only unless underlying assertion explicitly covers a longer interval; not a certified affiliation spell.,
LEG-16d934587913,person,George Hilton,Ministério do Esporte,dilma_rousseff:1:43,DIAP January 2015 ministerial directory explicitly reports individual party affiliation.,2015-01-01,PARTY,PRB,https://www.diap.org.br/index.php/publicacoes?catid=61&id=878&m=0&task=download.send,,not_normalized_in_prior_ledger,2015-01,,2026-09-10,Prior appointment_evidence.csv row source_record_id=dilma_rousseff:1:43,inherited_prior_audit_claim_not_new_verification,not_individually_retrieved_by_inventory_projection,Appointment-date claim only unless underlying assertion explicitly covers a longer interval; not a certified affiliation spell.,
LEG-548e8979a482,person,Ricardo Leyser,Ministério do Esporte,dilma_rousseff:1:44,Appointment-day Valor report explicitly identifies PCdoB affiliation.,2016-03-31,PARTY,PCdoB,https://economia.uol.com.br/noticias/valor-online/2016/03/31/saida-de-george-hilton-do-esporte-e-publicada-no-diario-oficial.htm,,not_normalized_in_prior_ledger,2016-03-31,,2026-09-10,Prior appointment_evidence.csv row source_record_id=dilma_rousseff:1:44,inherited_prior_audit_claim_not_new_verification,not_individually_retrieved_by_inventory_projection,Appointment-date claim only unless underlying assertion explicitly covers a longer interval; not a certified affiliation spell.,
LEG-2df1ae3ab2c1,person,Joaquim Levy,Ministério da Fazenda,dilma_rousseff:1:45,DIAP January 2015 ministerial directory explicitly reports individual party affiliation.,2015-01-01,UNAFFILIATED,,https://www.diap.org.br/index.php/publicacoes?catid=61&id=878&m=0&task=download.send,,not_normalized_in_prior_ledger,2015-01,,2026-09-10,Prior appointment_evidence.csv row source_record_id=dilma_rousseff:1:45,inherited_prior_audit_claim_not_new_verification,not_individually_retrieved_by_inventory_projection,Appointment-date claim only unless underlying assertion explicitly covers a longer interval; not a certified affiliation spell.,
LEG-e5f7ea3a676b,person,Nelson Barbosa,Ministério da Fazenda,dilma_rousseff:1:46,Appointment profile states never affiliated with PT; consistent explicit independent classification in January and October 2015 directories.,2015-12-18,UNAFFILIATED,,https://m.folha.uol.com.br/mercado/2015/12/1720985-conheca-o-novo-ministro-da-fazenda-nelson-barbosa.shtml,,not_normalized_in_prior_ledger,2015-12-18,,2026-09-10,Prior appointment_evidence.csv row source_record_id=dilma_rousseff:1:46,inherited_prior_audit_claim_not_new_verification,not_individually_retrieved_by_inventory_projection,Appointment-date claim only unless underlying assertion explicitly covers a longer interval; not a certified affiliation spell.,
LEG-3274ba9a4075,person,José Elito Carvalho Siqueira,Gabinete de Segurança Institucional,dilma_rousseff:1:47,DIAP January 2015 ministerial directory explicitly reports individual party affiliation.,2015-01-01,UNAFFILIATED,,https://www.diap.org.br/index.php/publicacoes?catid=61&id=878&m=0&task=download.send,,not_normalized_in_prior_ledger,2015-01,,2026-09-10,Prior appointment_evidence.csv row source_record_id=dilma_rousseff:1:47,inherited_prior_audit_claim_not_new_verification,not_individually_retrieved_by_inventory_projection,Appointment-date claim only unless underlying assertion explicitly covers a longer interval; not a certified affiliation spell.,
LEG-761e73bcf196,person,Nilma Lino Gomes,Secretaria de Políticas de Promoção da Igualdade Racial,dilma_rousseff:1:48,DIAP January 2015 ministerial directory explicitly reports individual party affiliation.,2015-01-01,UNAFFILIATED,,https://www.diap.org.br/index.php/publicacoes?catid=61&id=878&m=0&task=download.send,,not_normalized_in_prior_ledger,2015-01,,2026-09-10,Prior appointment_evidence.csv row source_record_id=dilma_rousseff:1:48,inherited_prior_audit_claim_not_new_verification,not_individually_retrieved_by_inventory_projection,Appointment-date claim only unless underlying assertion explicitly covers a longer interval; not a certified affiliation spell.,
LEG-3df9b9d5037a,person,Gilberto Occhi,Ministério da Integração Nacional,dilma_rousseff:1:49,DIAP January 2015 ministerial directory explicitly reports individual party affiliation.,2015-01-01,PARTY,PP,https://www.diap.org.br/index.php/publicacoes?catid=61&id=878&m=0&task=download.send,,not_normalized_in_prior_ledger,2015-01,,2026-09-10,Prior appointment_evidence.csv row source_record_id=dilma_rousseff:1:49,inherited_prior_audit_claim_not_new_verification,not_individually_retrieved_by_inventory_projection,Appointment-date claim only unless underlying assertion explicitly covers a longer interval; not a certified affiliation spell.,
LEG-7076a873efe6,person,Roberto Mangabeira Unger,Secretaria de Assuntos Estratégicos,dilma_rousseff:1:5,Appointment announcement explicitly identifies PMDB affiliation; November 2015 PDT entry is later.,2015-02-05,PARTY,PMDB,https://www.gazetadopovo.com.br/vida-publica/dilma-faz-a-primeira-troca-ministerial-do-segundo-mandato-ejjoezl52abzjdoyyx324m2q6/,,not_normalized_in_prior_ledger,2015-02-03,,2026-09-10,Prior appointment_evidence.csv row source_record_id=dilma_rousseff:1:5,inherited_prior_audit_claim_not_new_verification,not_individually_retrieved_by_inventory_projection,Appointment-date claim only unless underlying assertion explicitly covers a longer interval; not a certified affiliation spell.,
LEG-69449ca60500,person,Josélio de Andrade Moura,Ministério da Integração Nacional,dilma_rousseff:1:50,Bounded name/party/filiação and contemporary appointment searches did not locate dated formal affiliation or explicit absence evidence. Blank pinned field and technical career are insufficient.,2016-04-13,UNRESOLVED,,,,not_normalized_in_prior_ledger,,,2026-09-10,Prior appointment_evidence.csv row source_record_id=dilma_rousseff:1:50,inherited_prior_audit_claim_not_new_verification,not_individually_retrieved_by_inventory_projection,Appointment-date claim only unless underlying assertion explicitly covers a longer interval; not a certified affiliation spell.,Diagnostic only: unresolved party is not an unaffiliated classification; do not use in production.
LEG-8f31809fa406,person,José Eduardo Cardozo,Ministério da Justiça,dilma_rousseff:1:51,DIAP January 2015 ministerial directory explicitly reports individual party affiliation.,2015-01-01,PARTY,PT,https://www.diap.org.br/index.php/publicacoes?catid=61&id=878&m=0&task=download.send,,not_normalized_in_prior_ledger,2015-01,,2026-09-10,Prior appointment_evidence.csv row source_record_id=dilma_rousseff:1:51,inherited_prior_audit_claim_not_new_verification,not_individually_retrieved_by_inventory_projection,Appointment-date claim only unless underlying assertion explicitly covers a longer interval; not a certified affiliation spell.,
LEG-6b43a38603cc,person,Eugênio Aragão,Ministério da Justiça,dilma_rousseff:1:53,"Later report says not a PT member, which does not establish absence of all party affiliation at March2016 appointment. Career as prosecutor is not itself proof.",2016-03-14,UNRESOLVED,,"https://www.correiobraziliense.com.br/app/noticia/cidades/2017/11/30/interna_cidadesdf,644432/com-correntes-rachadas-pt-ainda-nao-tem-nome-para-o-buriti-em-2018.shtml",,not_normalized_in_prior_ledger,2017-11-30,,2026-09-10,Prior appointment_evidence.csv row source_record_id=dilma_rousseff:1:53,inherited_prior_audit_claim_not_new_verification,not_individually_retrieved_by_inventory_projection,Appointment-date claim only unless underlying assertion explicitly covers a longer interval; not a certified affiliation spell.,Diagnostic only: unresolved party is not an unaffiliated classification; do not use in production.
LEG-85c2f5b66096,person,Izabella Teixeira,Ministério do Meio Ambiente,dilma_rousseff:1:54,DIAP January 2015 ministerial directory explicitly reports individual party affiliation.,2015-01-01,UNAFFILIATED,,https://www.diap.org.br/index.php/publicacoes?catid=61&id=878&m=0&task=download.send,,not_normalized_in_prior_ledger,2015-01,,2026-09-10,Prior appointment_evidence.csv row source_record_id=dilma_rousseff:1:54,inherited_prior_audit_claim_not_new_verification,not_individually_retrieved_by_inventory_projection,Appointment-date claim only unless underlying assertion explicitly covers a longer interval; not a certified affiliation spell.,
LEG-ea956fb419a3,person,Guilherme Afif Domingos,Secretaria da Micro e Pequena Empresa,dilma_rousseff:1:55,DIAP January 2015 ministerial directory explicitly reports individual party affiliation.,2015-01-01,PARTY,PSD,https://www.diap.org.br/index.php/publicacoes?catid=61&id=878&m=0&task=download.send,,not_normalized_in_prior_ledger,2015-01,,2026-09-10,Prior appointment_evidence.csv row source_record_id=dilma_rousseff:1:55,inherited_prior_audit_claim_not_new_verification,not_individually_retrieved_by_inventory_projection,Appointment-date claim only unless underlying assertion explicitly covers a longer interval; not a certified affiliation spell.,
LEG-328a5753236c,person,Eduardo Braga,Ministério de Minas e Energia,dilma_rousseff:1:56,DIAP January 2015 ministerial directory explicitly reports individual party affiliation.,2015-01-01,PARTY,PMDB,https://www.diap.org.br/index.php/publicacoes?catid=61&id=878&m=0&task=download.send,,not_normalized_in_prior_ledger,2015-01,,2026-09-10,Prior appointment_evidence.csv row source_record_id=dilma_rousseff:1:56,inherited_prior_audit_claim_not_new_verification,not_individually_retrieved_by_inventory_projection,Appointment-date claim only unless underlying assertion explicitly covers a longer interval; not a certified affiliation spell.,
LEG-eb980c56cacd,person,Marco Antônio Martins Almeida,Ministério de Minas e Energia,dilma_rousseff:1:57,Bounded name/party/filiação and contemporary appointment searches did not locate dated formal affiliation or explicit absence evidence. Blank pinned field and technical career are insufficient.,2016-04-20,UNRESOLVED,,,,not_normalized_in_prior_ledger,,,2026-09-10,Prior appointment_evidence.csv row source_record_id=dilma_rousseff:1:57,inherited_prior_audit_claim_not_new_verification,not_individually_retrieved_by_inventory_projection,Appointment-date claim only unless underlying assertion explicitly covers a longer interval; not a certified affiliation spell.,Diagnostic only: unresolved party is not an unaffiliated classification; do not use in production.
LEG-1591c82663db,person,Helder Barbalho,Ministério da Pesca e Aquicultura,dilma_rousseff:1:58,DIAP January 2015 ministerial directory explicitly reports individual party affiliation.,2015-01-01,PARTY,PMDB,https://www.diap.org.br/index.php/publicacoes?catid=61&id=878&m=0&task=download.send,,not_normalized_in_prior_ledger,2015-01,,2026-09-10,Prior appointment_evidence.csv row source_record_id=dilma_rousseff:1:58,inherited_prior_audit_claim_not_new_verification,not_individually_retrieved_by_inventory_projection,Appointment-date claim only unless underlying assertion explicitly covers a longer interval; not a certified affiliation spell.,
LEG-50db413117de,person,Nelson Barbosa,"Ministério do Planejamento, Orçamento e Gestão",dilma_rousseff:1:59,DIAP January 2015 ministerial directory explicitly reports individual party affiliation.,2015-01-01,UNAFFILIATED,,https://www.diap.org.br/index.php/publicacoes?catid=61&id=878&m=0&task=download.send,,not_normalized_in_prior_ledger,2015-01,,2026-09-10,Prior appointment_evidence.csv row source_record_id=dilma_rousseff:1:59,inherited_prior_audit_claim_not_new_verification,not_individually_retrieved_by_inventory_projection,Appointment-date claim only unless underlying assertion explicitly covers a longer interval; not a certified affiliation spell.,
LEG-f2d52d14d0bb,person,Vitor Pinto Chaves,Secretaria de Assuntos Estratégicos,dilma_rousseff:1:6,Bounded name/party/filiação and contemporary appointment searches did not locate dated formal affiliation or explicit absence evidence. Blank pinned field and technical career are insufficient.,2015-09-14,UNRESOLVED,,,,not_normalized_in_prior_ledger,,,2026-09-10,Prior appointment_evidence.csv row source_record_id=dilma_rousseff:1:6,inherited_prior_audit_claim_not_new_verification,not_individually_retrieved_by_inventory_projection,Appointment-date claim only unless underlying assertion explicitly covers a longer interval; not a certified affiliation spell.,Diagnostic only: unresolved party is not an unaffiliated classification; do not use in production.
LEG-3a0fd99272c8,person,Valdir Moysés Simão,"Ministério do Planejamento, Orçamento e Gestão",dilma_rousseff:1:60,"Gomes, Revista da CGU 8(13), retrospective affiliation index for 2003-2016 p472 explicitly scores no party membership; complements initial 2015 directory.",2015-12-21,UNAFFILIATED,,https://repositorio.cgu.gov.br/bitstream/1/34422/10/V8.n13_Importancia.pdf,,not_normalized_in_prior_ledger,2016-12,,2026-09-10,Prior appointment_evidence.csv row source_record_id=dilma_rousseff:1:60,inherited_prior_audit_claim_not_new_verification,not_individually_retrieved_by_inventory_projection,Appointment-date claim only unless underlying assertion explicitly covers a longer interval; not a certified affiliation spell.,
LEG-92ed8875155b,person,Eleonora Menicucci,Secretaria de Políticas para as Mulheres,dilma_rousseff:1:61,DIAP January 2015 ministerial directory explicitly reports individual party affiliation.,2015-01-01,PARTY,PT,https://www.diap.org.br/index.php/publicacoes?catid=61&id=878&m=0&task=download.send,,not_normalized_in_prior_ledger,2015-01,,2026-09-10,Prior appointment_evidence.csv row source_record_id=dilma_rousseff:1:61,inherited_prior_audit_claim_not_new_verification,not_individually_retrieved_by_inventory_projection,Appointment-date claim only unless underlying assertion explicitly covers a longer interval; not a certified affiliation spell.,
LEG-7313721f7d0a,person,Edson Coelho Araújo,Secretaria Nacional dos Portos,dilma_rousseff:1:62,DIAP January 2015 ministerial directory explicitly reports individual party affiliation.,2015-01-01,PARTY,PMDB,https://www.diap.org.br/index.php/publicacoes?catid=61&id=878&m=0&task=download.send,,not_normalized_in_prior_ledger,2015-01,,2026-09-10,Prior appointment_evidence.csv row source_record_id=dilma_rousseff:1:62,inherited_prior_audit_claim_not_new_verification,not_individually_retrieved_by_inventory_projection,Appointment-date claim only unless underlying assertion explicitly covers a longer interval; not a certified affiliation spell.,
LEG-ed798dddc06b,person,Helder Barbalho,Secretaria Nacional dos Portos,dilma_rousseff:1:63,Contemporaneous reform roster explicitly identifies party or no affiliation.,2015-10-02,PARTY,PMDB,https://www.jb.com.br/pais/noticias/2015/10/02/veja-como-ficou-a-composicao-do-novo-ministerio-de-dilma-por-partidos.html,,not_normalized_in_prior_ledger,2015-10-02,,2026-09-10,Prior appointment_evidence.csv row source_record_id=dilma_rousseff:1:63,inherited_prior_audit_claim_not_new_verification,not_individually_retrieved_by_inventory_projection,Appointment-date claim only unless underlying assertion explicitly covers a longer interval; not a certified affiliation spell.,
LEG-a4defbba80f9,person,Maurício Muniz Barreto de Carvalho,Secretaria Nacional dos Portos,dilma_rousseff:1:64,Bounded name/party/filiação and contemporary appointment searches did not locate dated formal affiliation or explicit absence evidence. Blank pinned field and technical career are insufficient.,2016-04-20,UNRESOLVED,,,,not_normalized_in_prior_ledger,,,2026-09-10,Prior appointment_evidence.csv row source_record_id=dilma_rousseff:1:64,inherited_prior_audit_claim_not_new_verification,not_individually_retrieved_by_inventory_projection,Appointment-date claim only unless underlying assertion explicitly covers a longer interval; not a certified affiliation spell.,Diagnostic only: unresolved party is not an unaffiliated classification; do not use in production.
LEG-b3f068a0416e,person,Carlos Eduardo Gabas,Ministério da Previdência Social,dilma_rousseff:1:65,DIAP January 2015 ministerial directory explicitly reports individual party affiliation.,2015-01-01,PARTY,PT,https://www.diap.org.br/index.php/publicacoes?catid=61&id=878&m=0&task=download.send,,not_normalized_in_prior_ledger,2015-01,,2026-09-10,Prior appointment_evidence.csv row source_record_id=dilma_rousseff:1:65,inherited_prior_audit_claim_not_new_verification,not_individually_retrieved_by_inventory_projection,Appointment-date claim only unless underlying assertion explicitly covers a longer interval; not a certified affiliation spell.,
LEG-2f545a0a2af9,person,Mauro Vieira,Ministério das Relações Exteriores,dilma_rousseff:1:66,DIAP January 2015 ministerial directory explicitly reports individual party affiliation.,2015-01-01,UNAFFILIATED,,https://www.diap.org.br/index.php/publicacoes?catid=61&id=878&m=0&task=download.send,,not_normalized_in_prior_ledger,2015-01,,2026-09-10,Prior appointment_evidence.csv row source_record_id=dilma_rousseff:1:66,inherited_prior_audit_claim_not_new_verification,not_individually_retrieved_by_inventory_projection,Appointment-date claim only unless underlying assertion explicitly covers a longer interval; not a certified affiliation spell.,
LEG-7fd64bd02e06,person,Pepe Vargas,Secretaria de Relações Institucionais,dilma_rousseff:1:67,DIAP January 2015 ministerial directory explicitly reports individual party affiliation.,2015-01-01,PARTY,PT,https://www.diap.org.br/index.php/publicacoes?catid=61&id=878&m=0&task=download.send,,not_normalized_in_prior_ledger,2015-01,,2026-09-10,Prior appointment_evidence.csv row source_record_id=dilma_rousseff:1:67,inherited_prior_audit_claim_not_new_verification,not_individually_retrieved_by_inventory_projection,Appointment-date claim only unless underlying assertion explicitly covers a longer interval; not a certified affiliation spell.,
LEG-03d0c552eee1,person,Arthur Chioro,Ministério da Saúde,dilma_rousseff:1:68,DIAP January 2015 ministerial directory explicitly reports individual party affiliation.,2015-01-01,PARTY,PT,https://www.diap.org.br/index.php/publicacoes?catid=61&id=878&m=0&task=download.send,,not_normalized_in_prior_ledger,2015-01,,2026-09-10,Prior appointment_evidence.csv row source_record_id=dilma_rousseff:1:68,inherited_prior_audit_claim_not_new_verification,not_individually_retrieved_by_inventory_projection,Appointment-date claim only unless underlying assertion explicitly covers a longer interval; not a certified affiliation spell.,
LEG-575314f66abd,person,Marcelo Castro,Ministério da Saúde,dilma_rousseff:1:69,Contemporaneous reform roster identifies PMDB at appointment.,2015-10-01,PARTY,PMDB,https://www.jb.com.br/pais/noticias/2015/10/02/veja-como-ficou-a-composicao-do-novo-ministerio-de-dilma-por-partidos.html,,not_normalized_in_prior_ledger,2015-10-02,,2026-09-10,Prior appointment_evidence.csv row source_record_id=dilma_rousseff:1:69,inherited_prior_audit_claim_not_new_verification,not_individually_retrieved_by_inventory_projection,Appointment-date claim only unless underlying assertion explicitly covers a longer interval; not a certified affiliation spell.,
LEG-d2f12b350683,person,Eliseu Padilha,Secretaria de Aviação Civil,dilma_rousseff:1:7,DIAP January 2015 ministerial directory explicitly reports individual party affiliation.,2015-01-01,PARTY,PMDB,https://www.diap.org.br/index.php/publicacoes?catid=61&id=878&m=0&task=download.send,,not_normalized_in_prior_ledger,2015-01,,2026-09-10,Prior appointment_evidence.csv row source_record_id=dilma_rousseff:1:7,inherited_prior_audit_claim_not_new_verification,not_individually_retrieved_by_inventory_projection,Appointment-date claim only unless underlying assertion explicitly covers a longer interval; not a certified affiliation spell.,
LEG-06075cf8fce5,person,Miguel Rossetto,Secretaria-Geral da Presidência,dilma_rousseff:1:70,DIAP January 2015 ministerial directory explicitly reports individual party affiliation.,2015-01-01,PARTY,PT,https://www.diap.org.br/index.php/publicacoes?catid=61&id=878&m=0&task=download.send,,not_normalized_in_prior_ledger,2015-01,,2026-09-10,Prior appointment_evidence.csv row source_record_id=dilma_rousseff:1:70,inherited_prior_audit_claim_not_new_verification,not_individually_retrieved_by_inventory_projection,Appointment-date claim only unless underlying assertion explicitly covers a longer interval; not a certified affiliation spell.,
LEG-fc4f25515b67,person,Ricardo Berzoini,Secretaria-Geral da Presidência,dilma_rousseff:1:71,Contemporaneous reform roster explicitly identifies party or no affiliation.,2015-10-02,PARTY,PT,https://www.jb.com.br/pais/noticias/2015/10/02/veja-como-ficou-a-composicao-do-novo-ministerio-de-dilma-por-partidos.html,,not_normalized_in_prior_ledger,2015-10-02,,2026-09-10,Prior appointment_evidence.csv row source_record_id=dilma_rousseff:1:71,inherited_prior_audit_claim_not_new_verification,not_individually_retrieved_by_inventory_projection,Appointment-date claim only unless underlying assertion explicitly covers a longer interval; not a certified affiliation spell.,
LEG-8912d93c02b7,person,Manoel Dias,Ministério do Trabalho e Emprego,dilma_rousseff:1:72,DIAP January 2015 ministerial directory explicitly reports individual party affiliation.,2015-01-01,PARTY,PDT,https://www.diap.org.br/index.php/publicacoes?catid=61&id=878&m=0&task=download.send,,not_normalized_in_prior_ledger,2015-01,,2026-09-10,Prior appointment_evidence.csv row source_record_id=dilma_rousseff:1:72,inherited_prior_audit_claim_not_new_verification,not_individually_retrieved_by_inventory_projection,Appointment-date claim only unless underlying assertion explicitly covers a longer interval; not a certified affiliation spell.,
LEG-8670a70acb8c,person,Miguel Rossetto,Ministério do Trabalho e Emprego,dilma_rousseff:1:73,Contemporaneous reform roster explicitly identifies party or no affiliation.,2015-10-02,PARTY,PT,https://www.jb.com.br/pais/noticias/2015/10/02/veja-como-ficou-a-composicao-do-novo-ministerio-de-dilma-por-partidos.html,,not_normalized_in_prior_ledger,2015-10-02,,2026-09-10,Prior appointment_evidence.csv row source_record_id=dilma_rousseff:1:73,inherited_prior_audit_claim_not_new_verification,not_individually_retrieved_by_inventory_projection,Appointment-date claim only unless underlying assertion explicitly covers a longer interval; not a certified affiliation spell.,
LEG-650019f21afb,person,Antonio Carlos Rodrigues,Ministério dos Transportes,dilma_rousseff:1:74,DIAP January 2015 ministerial directory explicitly reports individual party affiliation.,2015-01-01,PARTY,PR,https://www.diap.org.br/index.php/publicacoes?catid=61&id=878&m=0&task=download.send,,not_normalized_in_prior_ledger,2015-01,,2026-09-10,Prior appointment_evidence.csv row source_record_id=dilma_rousseff:1:74,inherited_prior_audit_claim_not_new_verification,not_individually_retrieved_by_inventory_projection,Appointment-date claim only unless underlying assertion explicitly covers a longer interval; not a certified affiliation spell.,
LEG-858a83513dbd,person,Vinicius Lages,Ministério do Turismo,dilma_rousseff:1:75,DIAP January 2015 ministerial directory explicitly reports individual party affiliation.,2015-01-01,PARTY,PMDB,https://www.diap.org.br/index.php/publicacoes?catid=61&id=878&m=0&task=download.send,,not_normalized_in_prior_ledger,2015-01,,2026-09-10,Prior appointment_evidence.csv row source_record_id=dilma_rousseff:1:75,inherited_prior_audit_claim_not_new_verification,not_individually_retrieved_by_inventory_projection,Appointment-date claim only unless underlying assertion explicitly covers a longer interval; not a certified affiliation spell.,
LEG-7f1bb5c8a3de,person,Henrique Eduardo Alves,Ministério do Turismo,dilma_rousseff:1:76,Appointment-day Reuters report identifies PMDB.,2015-04-16,PARTY,PMDB,https://odia.ig.com.br/brasil/politica/2015-04-15/henrique-alves-e-confirmado-para-o-ministerio-do-turismo.html,,not_normalized_in_prior_ledger,2015-04-16,,2026-09-10,Prior appointment_evidence.csv row source_record_id=dilma_rousseff:1:76,inherited_prior_audit_claim_not_new_verification,not_individually_retrieved_by_inventory_projection,Appointment-date claim only unless underlying assertion explicitly covers a longer interval; not a certified affiliation spell.,
LEG-4bd5de62c2aa,person,Alberto Alves,Ministério do Turismo,dilma_rousseff:1:77,Appointment profile describes PMDB nomination and technical credentials but does not establish formal affiliation. Applies separately to both Dilma and Temer appointment records.,2016-03-28,UNRESOLVED,,https://carf.economia.gov.br/acesso-a-informacao/imprensa/marco-2016/30_03_2016.pdf,,not_normalized_in_prior_ledger,2016-03-30,,2026-09-10,Prior appointment_evidence.csv row source_record_id=dilma_rousseff:1:77,inherited_prior_audit_claim_not_new_verification,not_individually_retrieved_by_inventory_projection,Appointment-date claim only unless underlying assertion explicitly covers a longer interval; not a certified affiliation spell.,Diagnostic only: unresolved party is not an unaffiliated classification; do not use in production.
LEG-46405e3b602b,person,Alessandro Teixeira,Ministério do Turismo,dilma_rousseff:1:78,Contemporaneous appointment report explicitly says affiliated to PT.,2016-04-21,PARTY,PT,https://abrapch.org.br/2016/04/diario-oficial-da-uniao-traz-nomeacao-de-quatro-novos-ministros/,,not_normalized_in_prior_ledger,2016-04-22,,2026-09-10,Prior appointment_evidence.csv row source_record_id=dilma_rousseff:1:78,inherited_prior_audit_claim_not_new_verification,not_individually_retrieved_by_inventory_projection,Appointment-date claim only unless underlying assertion explicitly covers a longer interval; not a certified affiliation spell.,
LEG-f1b582114b4b,person,Guilherme Walder Mora Ramalho,Secretaria de Aviação Civil,dilma_rousseff:1:8,Bounded name/party/filiação and contemporary appointment searches did not locate dated formal affiliation or explicit absence evidence. Blank pinned field and technical career are insufficient.,2015-12-07,UNRESOLVED,,,,not_normalized_in_prior_ledger,,,2026-09-10,Prior appointment_evidence.csv row source_record_id=dilma_rousseff:1:8,inherited_prior_audit_claim_not_new_verification,not_individually_retrieved_by_inventory_projection,Appointment-date claim only unless underlying assertion explicitly covers a longer interval; not a certified affiliation spell.,Diagnostic only: unresolved party is not an unaffiliated classification; do not use in production.
LEG-90f1b4fb4472,person,Mauro Lopes,Secretaria de Aviação Civil,dilma_rousseff:1:9,PMDB ethics case follows appointment on March 17; he was still a party member.,2016-03-17,PARTY,PMDB,https://noticias.uol.com.br/ultimas-noticias/agencia-estado/2016/03/18/conselho-de-etica-do-pmdb-e-instalado-e-recebe-denuncia-contra-mauro-lopes.htm,,not_normalized_in_prior_ledger,2016-03-18,,2026-09-10,Prior appointment_evidence.csv row source_record_id=dilma_rousseff:1:9,inherited_prior_audit_claim_not_new_verification,not_individually_retrieved_by_inventory_projection,Appointment-date claim only unless underlying assertion explicitly covers a longer interval; not a certified affiliation spell.,
LEG-df0a18aba9ff,person,Onyx Lorenzoni,Casa Civil,jair_bolsonaro:0:1,Dated incoming-cabinet roster explicitly identifies DEM.,2019-01-01,PARTY,DEM,https://www.diariodepernambuco.com.br/noticia/politica/2018/11/proximos-cinco-dias-sao-decisivos-para-jair-bolsonaro-definir-ministro.html,,not_normalized_in_prior_ledger,2018-11-26,,2026-09-10,Prior appointment_evidence.csv row source_record_id=jair_bolsonaro:0:1,inherited_prior_audit_claim_not_new_verification,not_individually_retrieved_by_inventory_projection,Appointment-date claim only unless underlying assertion explicitly covers a longer interval; not a certified affiliation spell.,
LEG-c3b41de7e8c0,person,Fábio Faria,Ministério das Comunicações,jair_bolsonaro:0:10,"Official Câmara act identifies Fábio Faria as PSD and records ministerial leave effective June 17, 2020.",2020-06-17,PARTY,PSD,https://www2.camara.leg.br/legin/int/atoprt_sn/2020/atodopresidente-58200-2-julho-2020-790386-publicacaooriginal-160997-cd-presi.html,,not_normalized_in_prior_ledger,2020-07-02,,2026-09-10,Prior appointment_evidence.csv row source_record_id=jair_bolsonaro:0:10,inherited_prior_audit_claim_not_new_verification,not_individually_retrieved_by_inventory_projection,Appointment-date claim only unless underlying assertion explicitly covers a longer interval; not a certified affiliation spell.,Later PP membership is ignored for this appointment.
LEG-3f060ebf15da,person,Maria Estella Dantas,Ministério das Comunicações,jair_bolsonaro:0:11,"Dated career and appointment reporting located, but no evidence establishing party membership or explicit nonmembership at this original appointment start; raw blank/dash does not resolve status.",2022-12-21,UNRESOLVED,,,,not_normalized_in_prior_ledger,,,2026-09-10,Prior appointment_evidence.csv row source_record_id=jair_bolsonaro:0:11,inherited_prior_audit_claim_not_new_verification,not_individually_retrieved_by_inventory_projection,Appointment-date claim only unless underlying assertion explicitly covers a longer interval; not a certified affiliation spell.,UNRESOLVED in the diagnostic; no guess from a career-official profile or later lack of party reporting.
LEG-87ae07a227bd,person,Sergio Moro,Ministério da Justiça e Segurança Pública,jair_bolsonaro:0:12,Dated incoming-cabinet roster explicitly identifies the announced office-holder as unaffiliated.,2019-01-01,UNAFFILIATED,,https://www.diariodepernambuco.com.br/noticia/politica/2018/11/proximos-cinco-dias-sao-decisivos-para-jair-bolsonaro-definir-ministro.html,,not_normalized_in_prior_ledger,2018-11-26,,2026-09-10,Prior appointment_evidence.csv row source_record_id=jair_bolsonaro:0:12,inherited_prior_audit_claim_not_new_verification,not_individually_retrieved_by_inventory_projection,Appointment-date claim only unless underlying assertion explicitly covers a longer interval; not a certified affiliation spell.,
LEG-8534d7a64a42,person,André Mendonça,Ministério da Justiça e Segurança Pública,jair_bolsonaro:0:13,"Dated career and appointment reporting located, but no evidence establishing party membership or explicit nonmembership at this original appointment start; raw blank/dash does not resolve status.",2020-04-29,UNRESOLVED,,,,not_normalized_in_prior_ledger,,,2026-09-10,Prior appointment_evidence.csv row source_record_id=jair_bolsonaro:0:13,inherited_prior_audit_claim_not_new_verification,not_individually_retrieved_by_inventory_projection,Appointment-date claim only unless underlying assertion explicitly covers a longer interval; not a certified affiliation spell.,UNRESOLVED in the diagnostic; no guess from a career-official profile or later lack of party reporting.
LEG-2ffad066f860,person,Anderson Torres,Ministério da Justiça e Segurança Pública,jair_bolsonaro:0:14,In May 2021 Torres explicitly denied the PSL affiliation report and said he proved nonaffiliation to electoral justice; January 2023 custody testimony says never party-affiliated.,2021-03-29,UNAFFILIATED,,https://www.correiobraziliense.com.br/politica/2021/05/4921557-a-cpi-vai-investigar-o-que-exatamente--questiona-ministro-da-justica.html | https://www.cnnbrasil.com.br/politica/em-audiencia-de-custodia-torres-diz-que-jamais-questionou-resultado-de-eleicoes/,,not_normalized_in_prior_ledger,2021-05 | 2023-01-23,,2026-09-10,Prior appointment_evidence.csv row source_record_id=jair_bolsonaro:0:14,inherited_prior_audit_claim_not_new_verification,not_individually_retrieved_by_inventory_projection,Appointment-date claim only unless underlying assertion explicitly covers a longer interval; not a certified affiliation spell.,"April 3,2021 PSL membership reports explicitly rebutted; later União label also denied in Senate testimony August8,2023. Original dates retained; potential date correction deferred separately."
LEG-b0900f041b01,person,Tereza Cristina,"Ministério da Agricultura, Pecuária e Abastecimento",jair_bolsonaro:0:15,Dated incoming-cabinet roster explicitly identifies DEM.,2019-01-01,PARTY,DEM,https://www.diariodepernambuco.com.br/noticia/politica/2018/11/proximos-cinco-dias-sao-decisivos-para-jair-bolsonaro-definir-ministro.html,,not_normalized_in_prior_ledger,2018-11-26,,2026-09-10,Prior appointment_evidence.csv row source_record_id=jair_bolsonaro:0:15,inherited_prior_audit_claim_not_new_verification,not_individually_retrieved_by_inventory_projection,Appointment-date claim only unless underlying assertion explicitly covers a longer interval; not a certified affiliation spell.,
LEG-342db9e7f38f,person,Marcos Montes,"Ministério da Agricultura, Pecuária e Abastecimento",jair_bolsonaro:0:16,"Arko Advice contemporaneous April reform report, page 10, explicitly labels incoming Marcos Montes as PSD.",2022-03-31,PARTY,PSD,http://www.polibiobraga.com.br/arko.pdf,,not_normalized_in_prior_ledger,2022-04-07,,2026-09-10,Prior appointment_evidence.csv row source_record_id=jair_bolsonaro:0:16,inherited_prior_audit_claim_not_new_verification,not_individually_retrieved_by_inventory_projection,Appointment-date claim only unless underlying assertion explicitly covers a longer interval; not a certified affiliation spell.,
LEG-ba6b7e4f1910,person,Augusto Heleno,Gabinete de Segurança Institucional,jair_bolsonaro:0:17,Heleno announced PRP withdrawal in July; November incoming-cabinet roster explicitly identifies him as unaffiliated.,2019-01-01,UNAFFILIATED,,https://noticias.uol.com.br/politica/eleicoes/2018/noticias/2018/07/18/general-diz-que-vai-se-desfiliar-de-partido.htm | https://www.diariodepernambuco.com.br/noticia/politica/2018/11/proximos-cinco-dias-sao-decisivos-para-jair-bolsonaro-definir-ministro.html,,not_normalized_in_prior_ledger,2018-07-18 | 2018-11-26,,2026-09-10,Prior appointment_evidence.csv row source_record_id=jair_bolsonaro:0:17,inherited_prior_audit_claim_not_new_verification,not_individually_retrieved_by_inventory_projection,Appointment-date claim only unless underlying assertion explicitly covers a longer interval; not a certified affiliation spell.,Raw Patriota is contradicted by dated departure and incoming-cabinet evidence; organizational PRP/Patriota lineage cannot restore a departed personal membership.
LEG-7cd94731dd90,person,Fernando Azevedo e Silva,Ministério da Defesa,jair_bolsonaro:0:18,Dated incoming-cabinet roster explicitly identifies the announced office-holder as unaffiliated.,2019-01-01,UNAFFILIATED,,https://www.diariodepernambuco.com.br/noticia/politica/2018/11/proximos-cinco-dias-sao-decisivos-para-jair-bolsonaro-definir-ministro.html,,not_normalized_in_prior_ledger,2018-11-26,,2026-09-10,Prior appointment_evidence.csv row source_record_id=jair_bolsonaro:0:18,inherited_prior_audit_claim_not_new_verification,not_individually_retrieved_by_inventory_projection,Appointment-date claim only unless underlying assertion explicitly covers a longer interval; not a certified affiliation spell.,
LEG-dacd12d72fdc,person,Walter Braga Netto,Ministério da Defesa,jair_bolsonaro:0:19,"Biographical reporting explicitly says first party membership occurred in 2022; Estadão establishes PL membership from March 28, 2022.",2021-03-29,UNAFFILIATED,,https://diariodonordeste.verdesmares.com.br/pontopoder/eleicoes-2022/vice-de-bolsonaro-braga-netto-e-militar-da-reserva-conheca-trajetoria-1.3294579 | https://exame.com/brasil/eleicoes-2022-braga-netto-se-filia-ao-pl-em-ato-secreto/,,not_normalized_in_prior_ledger,2022-10-28 | 2022-04-14,,2026-09-10,Prior appointment_evidence.csv row source_record_id=jair_bolsonaro:0:19,inherited_prior_audit_claim_not_new_verification,not_individually_retrieved_by_inventory_projection,Appointment-date claim only unless underlying assertion explicitly covers a longer interval; not a certified affiliation spell.,Neither February 2020 nor March 2021 appointment began under PL.
LEG-62197e617b7c,person,Walter Braga Netto,Casa Civil,jair_bolsonaro:0:2,"Biographical reporting explicitly says first party membership occurred in 2022; Estadão establishes PL membership from March 28, 2022.",2020-02-18,UNAFFILIATED,,https://diariodonordeste.verdesmares.com.br/pontopoder/eleicoes-2022/vice-de-bolsonaro-braga-netto-e-militar-da-reserva-conheca-trajetoria-1.3294579 | https://exame.com/brasil/eleicoes-2022-braga-netto-se-filia-ao-pl-em-ato-secreto/,,not_normalized_in_prior_ledger,2022-10-28 | 2022-04-14,,2026-09-10,Prior appointment_evidence.csv row source_record_id=jair_bolsonaro:0:2,inherited_prior_audit_claim_not_new_verification,not_individually_retrieved_by_inventory_projection,Appointment-date claim only unless underlying assertion explicitly covers a longer interval; not a certified affiliation spell.,Neither February 2020 nor March 2021 appointment began under PL.
LEG-70db330a83a1,person,Paulo Sérgio Nogueira de Oliveira,Ministério da Defesa,jair_bolsonaro:0:20,"Arko Advice contemporaneous April reform report, page 10, explicitly labels incoming office-holder unaffiliated.",2022-04-01,UNAFFILIATED,,http://www.polibiobraga.com.br/arko.pdf,,not_normalized_in_prior_ledger,2022-04-07,,2026-09-10,Prior appointment_evidence.csv row source_record_id=jair_bolsonaro:0:20,inherited_prior_audit_claim_not_new_verification,not_individually_retrieved_by_inventory_projection,Appointment-date claim only unless underlying assertion explicitly covers a longer interval; not a certified affiliation spell.,
LEG-4e7ce6988315,person,Ernesto Araújo,Ministério das Relações Exteriores,jair_bolsonaro:0:21,Dated incoming-cabinet roster explicitly identifies the announced office-holder as unaffiliated.,2019-01-01,UNAFFILIATED,,https://www.diariodepernambuco.com.br/noticia/politica/2018/11/proximos-cinco-dias-sao-decisivos-para-jair-bolsonaro-definir-ministro.html,,not_normalized_in_prior_ledger,2018-11-26,,2026-09-10,Prior appointment_evidence.csv row source_record_id=jair_bolsonaro:0:21,inherited_prior_audit_claim_not_new_verification,not_individually_retrieved_by_inventory_projection,Appointment-date claim only unless underlying assertion explicitly covers a longer interval; not a certified affiliation spell.,
LEG-9dd6c6a98b8f,person,Carlos França,Ministério das Relações Exteriores,jair_bolsonaro:0:22,"Dated career and appointment reporting located, but no evidence establishing party membership or explicit nonmembership at this original appointment start; raw blank/dash does not resolve status.",2021-04-06,UNRESOLVED,,,,not_normalized_in_prior_ledger,,,2026-09-10,Prior appointment_evidence.csv row source_record_id=jair_bolsonaro:0:22,inherited_prior_audit_claim_not_new_verification,not_individually_retrieved_by_inventory_projection,Appointment-date claim only unless underlying assertion explicitly covers a longer interval; not a certified affiliation spell.,UNRESOLVED in the diagnostic; no guess from a career-official profile or later lack of party reporting.
LEG-0a433c253eb3,person,Wagner Rosário,Controladoria-Geral da União,jair_bolsonaro:0:24,"Later explicit nonparty reporting exists, but does not establish affiliation on the original May31,2017 start retained in this diagnostic.",2017-05-31,UNRESOLVED,,https://noticias.uol.com.br/politica/ultimas-noticias/2018/07/11/a-menos-de-seis-meses-de-fim-do-governo-temer-tem-58-ministro.htm,,not_normalized_in_prior_ledger,2018-07-11,,2026-09-10,Prior appointment_evidence.csv row source_record_id=jair_bolsonaro:0:24,inherited_prior_audit_claim_not_new_verification,not_individually_retrieved_by_inventory_projection,Appointment-date claim only unless underlying assertion explicitly covers a longer interval; not a certified affiliation spell.,Same carried appointment as Temer; appointment-time status remains unresolved.
LEG-61f568dd5701,person,Luiz Henrique Mandetta,Ministério da Saúde,jair_bolsonaro:0:25,Dated incoming-cabinet roster explicitly identifies DEM.,2019-01-01,PARTY,DEM,https://www.diariodepernambuco.com.br/noticia/politica/2018/11/proximos-cinco-dias-sao-decisivos-para-jair-bolsonaro-definir-ministro.html,,not_normalized_in_prior_ledger,2018-11-26,,2026-09-10,Prior appointment_evidence.csv row source_record_id=jair_bolsonaro:0:25,inherited_prior_audit_claim_not_new_verification,not_individually_retrieved_by_inventory_projection,Appointment-date claim only unless underlying assertion explicitly covers a longer interval; not a certified affiliation spell.,
LEG-23516089df3e,person,Nelson Teich,Ministério da Saúde,jair_bolsonaro:0:26,Deutsche Welle profile published on inauguration date explicitly states Teich is not affiliated with a political party.,2020-04-17,UNAFFILIATED,,"https://www.terra.com.br/noticias/brasil/quem-e-e-o-que-pensa-nelson-teich-o-novo-ministro-da-saude,bd8bc38ab1d009dc096721a9a09e3d09p4j4kctd.html",,not_normalized_in_prior_ledger,2020-04-17,,2026-09-10,Prior appointment_evidence.csv row source_record_id=jair_bolsonaro:0:26,inherited_prior_audit_claim_not_new_verification,not_individually_retrieved_by_inventory_projection,Appointment-date claim only unless underlying assertion explicitly covers a longer interval; not a certified affiliation spell.,
LEG-80228da93ab9,person,Eduardo Pazuello,Ministério da Saúde,jair_bolsonaro:0:27,Contemporaneous report confirms Pazuello remains active-duty Army general; Constitution article142 paragraph3 itemV prohibits active-duty military party membership.,2020-05-16,UNAFFILIATED,,https://economia.uol.com.br/colunas/carla-araujo/2020/05/19/coronavirus-defesa-ministro-interino-nomeacoes-militares.htm | https://www.planalto.gov.br/ccivil_03/constituicao/constituicao.htm,,not_normalized_in_prior_ledger,2020-05-19 | 1998-02-05,,2026-09-10,Prior appointment_evidence.csv row source_record_id=jair_bolsonaro:0:27,inherited_prior_audit_claim_not_new_verification,not_individually_retrieved_by_inventory_projection,Appointment-date claim only unless underlying assertion explicitly covers a longer interval; not a certified affiliation spell.,"Explicit inference from evidenced active-duty status plus constitutional prohibition, not inference from being a retired officer."
LEG-f48fe3f88953,person,Marcelo Queiroga,Ministério da Saúde,jair_bolsonaro:0:28,"Estadão records Republicanos departure at his request on January 5, 2021, confirmed by party leader Hugo Motta before appointment.",2021-03-23,UNAFFILIATED,,https://noticias.uol.com.br/ultimas-noticias/agencia-estado/2021/03/20/novo-ministro-da-saude-teve-passagem-relampago-pelo-republicanos-do-centrao.htm,,not_normalized_in_prior_ledger,2021-03-20,,2026-09-10,Prior appointment_evidence.csv row source_record_id=jair_bolsonaro:0:28,inherited_prior_audit_claim_not_new_verification,not_individually_retrieved_by_inventory_projection,Appointment-date claim only unless underlying assertion explicitly covers a longer interval; not a certified affiliation spell.,Report explicitly resolves outdated TSE listing; March 2020 Republicanos membership does not extend to March 2021 appointment.
LEG-92e9b59b9825,person,André Mendonça,Advocacia-Geral da União,jair_bolsonaro:0:29,Dated incoming-cabinet roster explicitly identifies the announced office-holder as unaffiliated.,2019-01-01,UNAFFILIATED,,https://www.diariodepernambuco.com.br/noticia/politica/2018/11/proximos-cinco-dias-sao-decisivos-para-jair-bolsonaro-definir-ministro.html,,not_normalized_in_prior_ledger,2018-11-26,,2026-09-10,Prior appointment_evidence.csv row source_record_id=jair_bolsonaro:0:29,inherited_prior_audit_claim_not_new_verification,not_individually_retrieved_by_inventory_projection,Appointment-date claim only unless underlying assertion explicitly covers a longer interval; not a certified affiliation spell.,
LEG-ebe4d4a81d54,person,Luiz Eduardo Ramos,Casa Civil,jair_bolsonaro:0:3,"Dated career and appointment reporting located, but no evidence establishing party membership or explicit nonmembership at this original appointment start; raw blank/dash does not resolve status.",2021-03-29,UNRESOLVED,,,,not_normalized_in_prior_ledger,,,2026-09-10,Prior appointment_evidence.csv row source_record_id=jair_bolsonaro:0:3,inherited_prior_audit_claim_not_new_verification,not_individually_retrieved_by_inventory_projection,Appointment-date claim only unless underlying assertion explicitly covers a longer interval; not a certified affiliation spell.,UNRESOLVED in the diagnostic; no guess from a career-official profile or later lack of party reporting.
LEG-066b940f16e0,person,José Levi Mello,Advocacia-Geral da União,jair_bolsonaro:0:30,"Dated career and appointment reporting located, but no evidence establishing party membership or explicit nonmembership at this original appointment start; raw blank/dash does not resolve status.",2020-04-29,UNRESOLVED,,,,not_normalized_in_prior_ledger,,,2026-09-10,Prior appointment_evidence.csv row source_record_id=jair_bolsonaro:0:30,inherited_prior_audit_claim_not_new_verification,not_individually_retrieved_by_inventory_projection,Appointment-date claim only unless underlying assertion explicitly covers a longer interval; not a certified affiliation spell.,UNRESOLVED in the diagnostic; no guess from a career-official profile or later lack of party reporting.
LEG-ee50e9c3bdf3,person,André Mendonça,Advocacia-Geral da União,jair_bolsonaro:0:31,"Dated career and appointment reporting located, but no evidence establishing party membership or explicit nonmembership at this original appointment start; raw blank/dash does not resolve status.",2021-03-20,UNRESOLVED,,,,not_normalized_in_prior_ledger,,,2026-09-10,Prior appointment_evidence.csv row source_record_id=jair_bolsonaro:0:31,inherited_prior_audit_claim_not_new_verification,not_individually_retrieved_by_inventory_projection,Appointment-date claim only unless underlying assertion explicitly covers a longer interval; not a certified affiliation spell.,UNRESOLVED in the diagnostic; no guess from a career-official profile or later lack of party reporting.
LEG-0619874c39e2,person,Bruno Bianco Leal,Advocacia-Geral da União,jair_bolsonaro:0:32,"Dated career and appointment reporting located, but no evidence establishing party membership or explicit nonmembership at this original appointment start; raw blank/dash does not resolve status.",2021-08-06,UNRESOLVED,,,,not_normalized_in_prior_ledger,,,2026-09-10,Prior appointment_evidence.csv row source_record_id=jair_bolsonaro:0:32,inherited_prior_audit_claim_not_new_verification,not_individually_retrieved_by_inventory_projection,Appointment-date claim only unless underlying assertion explicitly covers a longer interval; not a certified affiliation spell.,UNRESOLVED in the diagnostic; no guess from a career-official profile or later lack of party reporting.
LEG-0d5fe63fcadb,person,Gustavo Bebianno,Secretaria-Geral da Presidência da República,jair_bolsonaro:0:33,Dated incoming-cabinet roster explicitly identifies PSL.,2019-01-01,PARTY,PSL,https://www.diariodepernambuco.com.br/noticia/politica/2018/11/proximos-cinco-dias-sao-decisivos-para-jair-bolsonaro-definir-ministro.html,,not_normalized_in_prior_ledger,2018-11-26,,2026-09-10,Prior appointment_evidence.csv row source_record_id=jair_bolsonaro:0:33,inherited_prior_audit_claim_not_new_verification,not_individually_retrieved_by_inventory_projection,Appointment-date claim only unless underlying assertion explicitly covers a longer interval; not a certified affiliation spell.,
LEG-6f1e3b239fc3,person,Floriano Peixoto Vieira Neto,Secretaria-Geral da Presidência da República,jair_bolsonaro:0:34,"Luisa Maier Flores, Quadro 2, independently codes the named 2019 appointment without a party; table source is government Acesso à Informação and following paragraph defines nonparty appointments.",2019-02-18,UNAFFILIATED,,https://bdm.unb.br/bitstream/10483/28970/1/2020_LuisaMaierFlores_tcc.pdf,,not_normalized_in_prior_ledger,2020,,2026-09-10,Prior appointment_evidence.csv row source_record_id=jair_bolsonaro:0:34,inherited_prior_audit_claim_not_new_verification,not_individually_retrieved_by_inventory_projection,Appointment-date claim only unless underlying assertion explicitly covers a longer interval; not a certified affiliation spell.,"Medium-confidence retrospective appointment-specific biographical table. Its aggregate paragraph repeats an erroneous Patriota cabinet attribution elsewhere; used only for this named appointment, with this source-quality limitation explicit."
LEG-6a03da16e908,person,Jorge Oliveira,Secretaria-Geral da Presidência da República,jair_bolsonaro:0:35,"Luisa Maier Flores, Quadro 2, independently codes the named 2019 appointment without a party; table source is government Acesso à Informação and following paragraph defines nonparty appointments.",2019-06-21,UNAFFILIATED,,https://bdm.unb.br/bitstream/10483/28970/1/2020_LuisaMaierFlores_tcc.pdf,,not_normalized_in_prior_ledger,2020,,2026-09-10,Prior appointment_evidence.csv row source_record_id=jair_bolsonaro:0:35,inherited_prior_audit_claim_not_new_verification,not_individually_retrieved_by_inventory_projection,Appointment-date claim only unless underlying assertion explicitly covers a longer interval; not a certified affiliation spell.,"Medium-confidence retrospective appointment-specific biographical table. Its aggregate paragraph repeats an erroneous Patriota cabinet attribution elsewhere; used only for this named appointment, with this source-quality limitation explicit."
LEG-79030362edda,person,Pedro Cesar Sousa,Secretaria-Geral da Presidência da República,jair_bolsonaro:0:36,"Dated career and appointment reporting located, but no evidence establishing party membership or explicit nonmembership at this original appointment start; raw blank/dash does not resolve status.",2020-10-07,UNRESOLVED,,,,not_normalized_in_prior_ledger,,,2026-09-10,Prior appointment_evidence.csv row source_record_id=jair_bolsonaro:0:36,inherited_prior_audit_claim_not_new_verification,not_individually_retrieved_by_inventory_projection,Appointment-date claim only unless underlying assertion explicitly covers a longer interval; not a certified affiliation spell.,UNRESOLVED in the diagnostic; no guess from a career-official profile or later lack of party reporting.
LEG-607f4976d0f0,person,Onyx Lorenzoni,Secretaria-Geral da Presidência da República,jair_bolsonaro:0:37,Agência Brasil report identifies Onyx as DEM when appointed to the Secretariat-General.,2021-02-12,PARTY,DEM,https://jc.uol.com.br/politica/2021/02/12029749-bolsonaro-nomeia-deputado-joao-roma-para-o-ministerio-da-cidadania.html,,not_normalized_in_prior_ledger,2021-02-12,,2026-09-10,Prior appointment_evidence.csv row source_record_id=jair_bolsonaro:0:37,inherited_prior_audit_claim_not_new_verification,not_individually_retrieved_by_inventory_projection,Appointment-date claim only unless underlying assertion explicitly covers a longer interval; not a certified affiliation spell.,
LEG-e62d7a3cb75d,person,Luiz Eduardo Ramos,Secretaria-Geral da Presidência da República,jair_bolsonaro:0:38,"Dated career and appointment reporting located, but no evidence establishing party membership or explicit nonmembership at this original appointment start; raw blank/dash does not resolve status.",2021-07-28,UNRESOLVED,,,,not_normalized_in_prior_ledger,,,2026-09-10,Prior appointment_evidence.csv row source_record_id=jair_bolsonaro:0:38,inherited_prior_audit_claim_not_new_verification,not_individually_retrieved_by_inventory_projection,Appointment-date claim only unless underlying assertion explicitly covers a longer interval; not a certified affiliation spell.,UNRESOLVED in the diagnostic; no guess from a career-official profile or later lack of party reporting.
LEG-b6119274bf0c,person,Ricardo Vélez Rodríguez,Ministério da Educação,jair_bolsonaro:0:39,Dated incoming-cabinet roster explicitly identifies the announced office-holder as unaffiliated.,2019-01-01,UNAFFILIATED,,https://www.diariodepernambuco.com.br/noticia/politica/2018/11/proximos-cinco-dias-sao-decisivos-para-jair-bolsonaro-definir-ministro.html,,not_normalized_in_prior_ledger,2018-11-26,,2026-09-10,Prior appointment_evidence.csv row source_record_id=jair_bolsonaro:0:39,inherited_prior_audit_claim_not_new_verification,not_individually_retrieved_by_inventory_projection,Appointment-date claim only unless underlying assertion explicitly covers a longer interval; not a certified affiliation spell.,
LEG-d1a5739ab53a,person,Ciro Nogueira,Casa Civil,jair_bolsonaro:0:4,Official Senate report identifies Ciro as PP on accepting Casa Civil appointment.,2021-08-04,PARTY,PP,https://www12.senado.leg.br/noticias/materias/2021/07/27/ciro-nogueira-aceita-convite-para-casa-civil-eliane-nogueira-e-a-primeira-suplente,,not_normalized_in_prior_ledger,2021-07-27,,2026-09-10,Prior appointment_evidence.csv row source_record_id=jair_bolsonaro:0:4,inherited_prior_audit_claim_not_new_verification,not_individually_retrieved_by_inventory_projection,Appointment-date claim only unless underlying assertion explicitly covers a longer interval; not a certified affiliation spell.,
LEG-d9b4064c62f2,person,Abraham Weintraub,Ministério da Educação,jair_bolsonaro:0:40,Weintraub directly states on his appointment-announcement date that he is not affiliated with any political party.,2019-04-08,UNAFFILIATED,,https://exame.com/brasil/aluno-de-olavo-de-carvalho-abraham-weintraub-promete-gestao-tecnica/,,not_normalized_in_prior_ledger,2019-04-08,,2026-09-10,Prior appointment_evidence.csv row source_record_id=jair_bolsonaro:0:40,inherited_prior_audit_claim_not_new_verification,not_individually_retrieved_by_inventory_projection,Appointment-date claim only unless underlying assertion explicitly covers a longer interval; not a certified affiliation spell.,
LEG-06b899630a6b,person,Carlos Decotelli,Ministério da Educação,jair_bolsonaro:0:41,Contemporaneous Sérgio Praça article explicitly states Decotelli had no party and contrasts his lack of membership with Salles.,2020-06-25,UNAFFILIATED,,https://exame.com/colunistas/sergio-praca/por-que-decotelli-caiu-e-salles-continua/,,not_normalized_in_prior_ledger,2020-06-30,,2026-09-10,Prior appointment_evidence.csv row source_record_id=jair_bolsonaro:0:41,inherited_prior_audit_claim_not_new_verification,not_individually_retrieved_by_inventory_projection,Appointment-date claim only unless underlying assertion explicitly covers a longer interval; not a certified affiliation spell.,Dates and inclusion deliberately preserved; non-entry finding is deferred_bolsonaro.md only.
LEG-50bddd305e20,person,Milton Ribeiro,Ministério da Educação,jair_bolsonaro:0:43,February 2022 reporting quotes Milton saying he is not party-affiliated; this establishes a later date only. Retrospective education-minister table says nonparty but contains other date and affiliation errors and cannot independently establish July 2020 affiliation.,2020-07-16,UNRESOLVED,,https://contilnetnoticias.com.br/2022/02/no-ac-ministro-diz-que-nao-e-corrupto-e-denuncia-prefeitos-que-nao-prestaram-contas-de-recursos-do-mec/ | https://sigconteudo.ufsb.edu.br/arquivos/202515001981ef1256047e3686453bcac/Dissertao_Mateus_Alves_da_Silva_Oliveira_Pronta.pdf,,not_normalized_in_prior_ledger,2022-02-24 | 2025,,2026-09-10,Prior appointment_evidence.csv row source_record_id=jair_bolsonaro:0:43,inherited_prior_audit_claim_not_new_verification,not_individually_retrieved_by_inventory_projection,Appointment-date claim only unless underlying assertion explicitly covers a longer interval; not a certified affiliation spell.,"Do not back-project 2022 statement. UNRESOLVED at original July 16, 2020 appointment."
LEG-ae1c28478e53,person,Victor Godoy Veiga,Ministério da Educação,jair_bolsonaro:0:44,"Retrospective education-minister table labels Victor Godoy nonparty but contains other date and affiliation errors; no independent dated affiliation evidence located for March 29, 2022.",2022-03-29,UNRESOLVED,,https://sigconteudo.ufsb.edu.br/arquivos/202515001981ef1256047e3686453bcac/Dissertao_Mateus_Alves_da_Silva_Oliveira_Pronta.pdf,,not_normalized_in_prior_ledger,2025,,2026-09-10,Prior appointment_evidence.csv row source_record_id=jair_bolsonaro:0:44,inherited_prior_audit_claim_not_new_verification,not_individually_retrieved_by_inventory_projection,Appointment-date claim only unless underlying assertion explicitly covers a longer interval; not a certified affiliation spell.,Retrospective table insufficient to resolve appointment-date status.
LEG-083b3c9ae8ee,person,Carlos Alberto dos Santos Cruz,Secretaria de Governo,jair_bolsonaro:0:45,"Luisa Maier Flores, Quadro 2, independently codes the named 2019 appointment without a party; table source is government Acesso à Informação and following paragraph defines nonparty appointments.",2019-01-01,UNAFFILIATED,,https://bdm.unb.br/bitstream/10483/28970/1/2020_LuisaMaierFlores_tcc.pdf,,not_normalized_in_prior_ledger,2020,,2026-09-10,Prior appointment_evidence.csv row source_record_id=jair_bolsonaro:0:45,inherited_prior_audit_claim_not_new_verification,not_individually_retrieved_by_inventory_projection,Appointment-date claim only unless underlying assertion explicitly covers a longer interval; not a certified affiliation spell.,"Medium-confidence retrospective appointment-specific biographical table. Its aggregate paragraph repeats an erroneous Patriota cabinet attribution elsewhere; used only for this named appointment, with this source-quality limitation explicit."
LEG-ce9aa704d046,person,Luiz Eduardo Ramos,Secretaria de Governo,jair_bolsonaro:0:46,Historical 2019 appointment table explicitly codes nonparty status. Corroborating retirement report places Ramos in active service until July 2020; constitutional active-duty party prohibition therefore covers June 2019.,2019-06-13,UNAFFILIATED,,https://bdm.unb.br/bitstream/10483/28970/1/2020_LuisaMaierFlores_tcc.pdf | https://www.poder360.com.br/brasil/general-ramos-ministro-da-secretaria-do-governo-e-transferido-para-a-reserva/ | https://www.planalto.gov.br/ccivil_03/constituicao/constituicao.htm,,not_normalized_in_prior_ledger,2020 | 2020-07-16 | 1998-02-05,,2026-09-10,Prior appointment_evidence.csv row source_record_id=jair_bolsonaro:0:46,inherited_prior_audit_claim_not_new_verification,not_individually_retrieved_by_inventory_projection,Appointment-date claim only unless underlying assertion explicitly covers a longer interval; not a certified affiliation spell.,Active-duty inference independently supports original June 13 start; later 2021 appointments remain separately unresolved.
LEG-f997e70b3675,person,Flávia Arruda,Secretaria de Governo,jair_bolsonaro:0:47,"Official Chamber rollcall from March 18, 2021 identifies Flávia Arruda as PL-DF, two days before the original source start retained for this diagnostic.",2021-03-20,PARTY,PL,https://www.camara.leg.br/presenca-comissoes/votacao-portal?itemVotacao=40653&reuniao=60691,,not_normalized_in_prior_ledger,2021-03-18,,2026-09-10,Prior appointment_evidence.csv row source_record_id=jair_bolsonaro:0:47,inherited_prior_audit_claim_not_new_verification,not_individually_retrieved_by_inventory_projection,Appointment-date claim only unless underlying assertion explicitly covers a longer interval; not a certified affiliation spell.,"Original March 20 date retained. Separate date discrepancy is deferred, not applied."
LEG-0561fae55600,person,Célio Faria Júnior,Secretaria de Governo,jair_bolsonaro:0:48,"Arko Advice contemporaneous April reform report, page 11, explicitly labels incoming office-holder unaffiliated.",2022-03-31,UNAFFILIATED,,http://www.polibiobraga.com.br/arko.pdf,,not_normalized_in_prior_ledger,2022-04-07,,2026-09-10,Prior appointment_evidence.csv row source_record_id=jair_bolsonaro:0:48,inherited_prior_audit_claim_not_new_verification,not_individually_retrieved_by_inventory_projection,Appointment-date claim only unless underlying assertion explicitly covers a longer interval; not a certified affiliation spell.,
LEG-310d8d95dc92,person,Tarcísio de Freitas,Ministério da Infraestrutura,jair_bolsonaro:0:49,Dated biographical account explicitly states Tarcísio had never joined any party in 26 years of public service before his 2022 Republicanos entry.,2019-01-01,UNAFFILIATED,,"https://www.terra.com.br/noticias/eleicoes/quem-e-tarcisio-freitas,8710301adfdd6d9c50df849f14a2e946i5unsj1q.html",,not_normalized_in_prior_ledger,2022-10-24,,2026-09-10,Prior appointment_evidence.csv row source_record_id=jair_bolsonaro:0:49,inherited_prior_audit_claim_not_new_verification,not_individually_retrieved_by_inventory_projection,Appointment-date claim only unless underlying assertion explicitly covers a longer interval; not a certified affiliation spell.,"Explicit historical nonmembership, not an inference from later candidacy; later Republicanos membership is not back-projected."
LEG-24bdcc54c414,person,Paulo Guedes,Ministério da Economia,jair_bolsonaro:0:5,Dated incoming-cabinet roster explicitly identifies the announced office-holder as unaffiliated.,2019-01-01,UNAFFILIATED,,https://www.diariodepernambuco.com.br/noticia/politica/2018/11/proximos-cinco-dias-sao-decisivos-para-jair-bolsonaro-definir-ministro.html,,not_normalized_in_prior_ledger,2018-11-26,,2026-09-10,Prior appointment_evidence.csv row source_record_id=jair_bolsonaro:0:5,inherited_prior_audit_claim_not_new_verification,not_individually_retrieved_by_inventory_projection,Appointment-date claim only unless underlying assertion explicitly covers a longer interval; not a certified affiliation spell.,
LEG-7a6d44294d17,person,Marcelo Sampaio,Ministério da Infraestrutura,jair_bolsonaro:0:50,"Arko Advice contemporaneous April reform report, page 11, explicitly labels incoming office-holder unaffiliated.",2022-03-31,UNAFFILIATED,,http://www.polibiobraga.com.br/arko.pdf,,not_normalized_in_prior_ledger,2022-04-07,,2026-09-10,Prior appointment_evidence.csv row source_record_id=jair_bolsonaro:0:50,inherited_prior_audit_claim_not_new_verification,not_individually_retrieved_by_inventory_projection,Appointment-date claim only unless underlying assertion explicitly covers a longer interval; not a certified affiliation spell.,
LEG-8693fc5ad84e,person,Gustavo Canuto,Ministério do Desenvolvimento Regional,jair_bolsonaro:0:51,Profile published the day before inauguration explicitly says Canuto has no party affiliation.,2019-01-01,UNAFFILIATED,,https://rr.pt/especial/mundo/2018/12/31/quem-e-quem-no-governo-de-jair-bolsonaro/135592/,,not_normalized_in_prior_ledger,2018-12-31,,2026-09-10,Prior appointment_evidence.csv row source_record_id=jair_bolsonaro:0:51,inherited_prior_audit_claim_not_new_verification,not_individually_retrieved_by_inventory_projection,Appointment-date claim only unless underlying assertion explicitly covers a longer interval; not a certified affiliation spell.,
LEG-1f0c8beb2f9f,person,Rogério Marinho,Ministério do Desenvolvimento Regional,jair_bolsonaro:0:52,Contemporaneous appointment report identifies Marinho as PSDB.,2020-02-11,PARTY,PSDB,https://saibamais.jor.br/2020/02/alvo-de-5-inqueritos-novo-ministro-de-bolsonaro-quer-corrigir-desigualdades-regionais/,,not_normalized_in_prior_ledger,2020-02-11,,2026-09-10,Prior appointment_evidence.csv row source_record_id=jair_bolsonaro:0:52,inherited_prior_audit_claim_not_new_verification,not_individually_retrieved_by_inventory_projection,Appointment-date claim only unless underlying assertion explicitly covers a longer interval; not a certified affiliation spell.,Later PSDB departure and PL entry do not change this appointment origin.
LEG-c4002690b590,person,Daniel Duarte Ferreira,Ministério do Desenvolvimento Regional,jair_bolsonaro:0:53,"Arko Advice contemporaneous April reform report, page 10, explicitly labels incoming office-holder unaffiliated.",2022-03-31,UNAFFILIATED,,http://www.polibiobraga.com.br/arko.pdf,,not_normalized_in_prior_ledger,2022-04-07,,2026-09-10,Prior appointment_evidence.csv row source_record_id=jair_bolsonaro:0:53,inherited_prior_audit_claim_not_new_verification,not_individually_retrieved_by_inventory_projection,Appointment-date claim only unless underlying assertion explicitly covers a longer interval; not a certified affiliation spell.,
LEG-0b81a0214570,person,Osmar Terra,Ministério da Cidadania,jair_bolsonaro:0:54,Official Câmara report identifies incoming Cidadania minister Osmar Terra as MDB.,2019-01-01,PARTY,MDB,https://www.camara.leg.br/tv/camara-hoje/548820-camara-hoje-29-11-2018,,not_normalized_in_prior_ledger,2018-11-29,,2026-09-10,Prior appointment_evidence.csv row source_record_id=jair_bolsonaro:0:54,inherited_prior_audit_claim_not_new_verification,not_individually_retrieved_by_inventory_projection,Appointment-date claim only unless underlying assertion explicitly covers a longer interval; not a certified affiliation spell.,
LEG-2652bfa0305c,person,Onyx Lorenzoni,Ministério da Cidadania,jair_bolsonaro:0:55,Contemporaneous announcement identifies Onyx as DEM and schedules new Cidadania appointment for February 18.,2020-02-18,PARTY,DEM,https://www.cartacapital.com.br/politica/bolsonaro-troca-osmar-terra-por-onyx-na-cidadania-general-assume-casa-civil/,,not_normalized_in_prior_ledger,2020-02-13,,2026-09-10,Prior appointment_evidence.csv row source_record_id=jair_bolsonaro:0:55,inherited_prior_audit_claim_not_new_verification,not_individually_retrieved_by_inventory_projection,Appointment-date claim only unless underlying assertion explicitly covers a longer interval; not a certified affiliation spell.,
LEG-e0e860c3a1e2,person,João Roma,Ministério da Cidadania,jair_bolsonaro:0:56,Agência Brasil report of appointment identifies João Roma as Republicanos.,2021-02-12,PARTY,Republicanos,https://jc.uol.com.br/politica/2021/02/12029749-bolsonaro-nomeia-deputado-joao-roma-para-o-ministerio-da-cidadania.html,,not_normalized_in_prior_ledger,2021-02-12,,2026-09-10,Prior appointment_evidence.csv row source_record_id=jair_bolsonaro:0:56,inherited_prior_audit_claim_not_new_verification,not_individually_retrieved_by_inventory_projection,Appointment-date claim only unless underlying assertion explicitly covers a longer interval; not a certified affiliation spell.,
LEG-e0e4ca4ca8d3,person,Ronaldo Vieira Bento,Ministério da Cidadania,jair_bolsonaro:0:57,"Arko Advice contemporaneous April reform report, page 10, explicitly labels incoming office-holder unaffiliated.",2022-03-31,UNAFFILIATED,,http://www.polibiobraga.com.br/arko.pdf,,not_normalized_in_prior_ledger,2022-04-07,,2026-09-10,Prior appointment_evidence.csv row source_record_id=jair_bolsonaro:0:57,inherited_prior_audit_claim_not_new_verification,not_individually_retrieved_by_inventory_projection,Appointment-date claim only unless underlying assertion explicitly covers a longer interval; not a certified affiliation spell.,
LEG-3711a94038ea,person,Marcelo Álvaro Antônio,Ministério do Turismo,jair_bolsonaro:0:58,Official Câmara report identifies incoming Tourism minister Marcelo Álvaro Antônio as PSL.,2019-01-01,PARTY,PSL,https://www.camara.leg.br/tv/camara-hoje/548820-camara-hoje-29-11-2018,,not_normalized_in_prior_ledger,2018-11-29,,2026-09-10,Prior appointment_evidence.csv row source_record_id=jair_bolsonaro:0:58,inherited_prior_audit_claim_not_new_verification,not_individually_retrieved_by_inventory_projection,Appointment-date claim only unless underlying assertion explicitly covers a longer interval; not a certified affiliation spell.,
LEG-6a60736fa9a9,person,Gilson Machado Neto,Ministério do Turismo,jair_bolsonaro:0:59,Explicit continuity statement: Gilson affiliated with PSC since 2020 and had not moved by January 2022.,2020-12-09,PARTY,PSC,https://veja.abril.com.br/coluna/radar/por-que-gilson-machado-so-vai-para-o-pl-se-bolsonaro-mandar/,,not_normalized_in_prior_ledger,2022-01-07,,2026-09-10,Prior appointment_evidence.csv row source_record_id=jair_bolsonaro:0:59,inherited_prior_audit_claim_not_new_verification,not_individually_retrieved_by_inventory_projection,Appointment-date claim only unless underlying assertion explicitly covers a longer interval; not a certified affiliation spell.,Later PL entry on final appointment day does not change the frozen PSC party.
LEG-3a3c01153d10,person,Carlos Alberto Gomes de Brito,Ministério do Turismo,jair_bolsonaro:0:60,"Arko Advice contemporaneous April reform report, page 11, explicitly labels incoming office-holder unaffiliated.",2022-03-31,UNAFFILIATED,,http://www.polibiobraga.com.br/arko.pdf,,not_normalized_in_prior_ledger,2022-04-07,,2026-09-10,Prior appointment_evidence.csv row source_record_id=jair_bolsonaro:0:60,inherited_prior_audit_claim_not_new_verification,not_individually_retrieved_by_inventory_projection,Appointment-date claim only unless underlying assertion explicitly covers a longer interval; not a certified affiliation spell.,
LEG-68fffc6a2b22,person,Bento Albuquerque,Ministério de Minas e Energia,jair_bolsonaro:0:61,"Bento directly reports 47 years of active service until reserve transfer on March 31, 2020. Article 142 paragraph 3 item V, introduced by constitutional amendment 18/1998, prohibits active-duty military party membership.",2019-01-01,UNAFFILIATED,,https://www.cnnbrasil.com.br/politica/dados-da-transparencia-mostram-salarios-de-ate-r-1-milhao-pagos-a-militares-em-2020/ | https://www.planalto.gov.br/ccivil_03/constituicao/constituicao.htm,,not_normalized_in_prior_ledger,2022-08-11 | 1998-02-05,,2026-09-10,Prior appointment_evidence.csv row source_record_id=jair_bolsonaro:0:61,inherited_prior_audit_claim_not_new_verification,not_individually_retrieved_by_inventory_projection,Appointment-date claim only unless underlying assertion explicitly covers a longer interval; not a certified affiliation spell.,"Explicit inference from independently dated continuous active-duty status and legal prohibition, not from a blank party cell or military career alone."
LEG-5b2c802041f5,person,Adolfo Sachsida,Ministério de Minas e Energia,jair_bolsonaro:0:62,Confirmed DEM affiliation in 2017; later academic table calls him DEM in 2022 after merger. No verified departure or successor continuity at May 2022 appointment.,2022-05-11,UNRESOLVED,,https://noticias.uol.com.br/ultimas-noticias/agencia-estado/2017/11/07/um-conselheiro-de-jair-bolsonaro.htm | https://www.teoriaepesquisa.ufscar.br/index.php/tp/article/download/1033/653/2612,,not_normalized_in_prior_ledger,2017-11-07 | 2024,,2026-09-10,Prior appointment_evidence.csv row source_record_id=jair_bolsonaro:0:62,inherited_prior_audit_claim_not_new_verification,not_individually_retrieved_by_inventory_projection,Appointment-date claim only unless underlying assertion explicitly covers a longer interval; not a certified affiliation spell.,Cannot infer unaffiliation from blank raw source; cannot back-project old DEM label after organization ceased.
LEG-b90af80ef12a,person,Damares Alves,"Ministério da Mulher, da Família e dos Direitos Humanos",jair_bolsonaro:0:63,"Dated reporting expressly establishes continuous PP affiliation since 1995, covering January 2019 appointment.",2019-01-01,PARTY,PP,https://ultimosegundo.ig.com.br/politica/2020-08-26/pp-convida-damares-alves-para-se-candidatar-a-senadora-pelo-partido.html,,not_normalized_in_prior_ledger,2020-08-26,,2026-09-10,Prior appointment_evidence.csv row source_record_id=jair_bolsonaro:0:63,inherited_prior_audit_claim_not_new_verification,not_individually_retrieved_by_inventory_projection,Appointment-date claim only unless underlying assertion explicitly covers a longer interval; not a certified affiliation spell.,"Continuity evidence, not inference from the later Republicanos candidacy; PP remains for this whole appointment."
LEG-8c8c4650eaeb,person,Cristiane Britto,"Ministério da Mulher, da Família e dos Direitos Humanos",jair_bolsonaro:0:64,"Arko Advice contemporaneous April reform report, page 11, explicitly labels incoming Cristiane Britto as Republicanos.",2022-03-30,PARTY,Republicanos,http://www.polibiobraga.com.br/arko.pdf,,not_normalized_in_prior_ledger,2022-04-07,,2026-09-10,Prior appointment_evidence.csv row source_record_id=jair_bolsonaro:0:64,inherited_prior_audit_claim_not_new_verification,not_individually_retrieved_by_inventory_projection,Appointment-date claim only unless underlying assertion explicitly covers a longer interval; not a certified affiliation spell.,
LEG-d0cbe95249e0,person,Ricardo Salles,Ministério do Meio Ambiente,jair_bolsonaro:0:65,Contemporaneous Estadão report explicitly identifies incoming minister Ricardo Salles as Novo.,2019-01-01,PARTY,NOVO,https://exame.com/brasil/futuro-ministro-ricardo-salles-e-condenado-por-improbidade-administrativa/,,not_normalized_in_prior_ledger,2018-12-20,,2026-09-10,Prior appointment_evidence.csv row source_record_id=jair_bolsonaro:0:65,inherited_prior_audit_claim_not_new_verification,not_individually_retrieved_by_inventory_projection,Appointment-date claim only unless underlying assertion explicitly covers a longer interval; not a certified affiliation spell.,Subsequent expulsion does not end NOVO contribution until the appointment ends.
LEG-08ce7329060f,person,Joaquim Alvaro Pereira Leite,Ministério do Meio Ambiente,jair_bolsonaro:0:66,"Dated career and appointment reporting located, but no evidence establishing party membership or explicit nonmembership at this original appointment start; raw blank/dash does not resolve status.",2021-06-23,UNRESOLVED,,,,not_normalized_in_prior_ledger,,,2026-09-10,Prior appointment_evidence.csv row source_record_id=jair_bolsonaro:0:66,inherited_prior_audit_claim_not_new_verification,not_individually_retrieved_by_inventory_projection,Appointment-date claim only unless underlying assertion explicitly covers a longer interval; not a certified affiliation spell.,UNRESOLVED in the diagnostic; no guess from a career-official profile or later lack of party reporting.
LEG-27cb82daf344,person,Marcos Pontes,"Ministério da Ciência, Tecnologia e Inovações",jair_bolsonaro:0:8,Appointment announcement identifies Pontes as PSL; the November 26 incoming-cabinet roster independently agrees.,2019-01-01,PARTY,PSL,https://noticias.uol.com.br/ultimas-noticias/agencia-estado/2018/10/31/bolsonaro-confirma-marcos-pontes-para-o-ministerio-da-ciencia-e-tecnologia.htm,,not_normalized_in_prior_ledger,2018-10-31,,2026-09-10,Prior appointment_evidence.csv row source_record_id=jair_bolsonaro:0:8,inherited_prior_audit_claim_not_new_verification,not_individually_retrieved_by_inventory_projection,Appointment-date claim only unless underlying assertion explicitly covers a longer interval; not a certified affiliation spell.,Later PL membership must not be back-projected; this PSL origin survives the 2020 tourism replacement and the 2022 merger.
LEG-6e56717fdb65,person,Paulo César Alvim,"Ministério da Ciência, Tecnologia e Inovações",jair_bolsonaro:0:9,"Arko Advice contemporaneous April reform report, page 10, explicitly labels incoming office-holder unaffiliated.",2022-03-31,UNAFFILIATED,,http://www.polibiobraga.com.br/arko.pdf,,not_normalized_in_prior_ledger,2022-04-07,,2026-09-10,Prior appointment_evidence.csv row source_record_id=jair_bolsonaro:0:9,inherited_prior_audit_claim_not_new_verification,not_individually_retrieved_by_inventory_projection,Appointment-date claim only unless underlying assertion explicitly covers a longer interval; not a certified affiliation spell.,
LEG-8c2a099615fd,person,Paulo Teixeira,Desenvolvimento Agrário e Agricultura Familiar,lula_2023_presente:2:10,Inauguration-day roster explicitly identifies PT.,2023-01-01,PARTY,PT,https://valor.globo.com/politica/noticia/2023/01/01/lula-d-posse-a-ministros-veja-a-lista.ghtml,,not_normalized_in_prior_ledger,2023-01-01,,2026-09-10,Prior appointment_evidence.csv row source_record_id=lula_2023_presente:2:10,inherited_prior_audit_claim_not_new_verification,not_individually_retrieved_by_inventory_projection,Appointment-date claim only unless underlying assertion explicitly covers a longer interval; not a certified affiliation spell.,
LEG-de8718bf31f7,person,Geraldo Alckmin,"Desenvolvimento, Indústria, Comércio e Serviços",lula_2023_presente:2:11,Inauguration-day roster explicitly identifies PSB.,2023-01-01,PARTY,PSB,https://valor.globo.com/politica/noticia/2023/01/01/lula-d-posse-a-ministros-veja-a-lista.ghtml,,not_normalized_in_prior_ledger,2023-01-01,,2026-09-10,Prior appointment_evidence.csv row source_record_id=lula_2023_presente:2:11,inherited_prior_audit_claim_not_new_verification,not_individually_retrieved_by_inventory_projection,Appointment-date claim only unless underlying assertion explicitly covers a longer interval; not a certified affiliation spell.,
LEG-880bd4a97d76,person,Wellington Dias,"Desenvolvimento e Assistência Social, Família e Combate à Fome",lula_2023_presente:2:12,Inauguration-day roster explicitly identifies PT.,2023-01-01,PARTY,PT,https://valor.globo.com/politica/noticia/2023/01/01/lula-d-posse-a-ministros-veja-a-lista.ghtml,,not_normalized_in_prior_ledger,2023-01-01,,2026-09-10,Prior appointment_evidence.csv row source_record_id=lula_2023_presente:2:12,inherited_prior_audit_claim_not_new_verification,not_individually_retrieved_by_inventory_projection,Appointment-date claim only unless underlying assertion explicitly covers a longer interval; not a certified affiliation spell.,
LEG-5e67e9e2f44e,person,Silvio Almeida,Direitos Humanos e Cidadania,lula_2023_presente:2:13,Dated incoming-cabinet profile explicitly identifies no party.,2023-01-01,UNAFFILIATED,,https://news.files.bbci.co.uk/include/vjamericas/1144-brasil-lula-ministries/portuguese/app,,not_normalized_in_prior_ledger,2022-12-23,,2026-09-10,Prior appointment_evidence.csv row source_record_id=lula_2023_presente:2:13,inherited_prior_audit_claim_not_new_verification,not_individually_retrieved_by_inventory_projection,Appointment-date claim only unless underlying assertion explicitly covers a longer interval; not a certified affiliation spell.,
LEG-b9e8176baff8,person,Esther Dweck,Direitos Humanos e Cidadania,lula_2023_presente:2:14,Conflicting contemporaneous explicit evidence: ICL says affiliated PT on her interim appointment; CartaCapital two days later lists Esther Dweck as unaffiliated. No dated filiation or disaffiliation record establishes a clear temporal resolution.,2024-09-06,UNRESOLVED,,https://iclnoticias.com.br/esther-dweck-interinamente-direitos-humanos/ | https://www.cartacapital.com.br/politica/com-macae-nos-direitos-humanos-veja-a-divisao-da-esplanada-dos-ministerios-por-partidos/,,not_normalized_in_prior_ledger,2024-09-07 | 2024-09-09,,2026-09-10,Prior appointment_evidence.csv row source_record_id=lula_2023_presente:2:14,inherited_prior_audit_claim_not_new_verification,not_individually_retrieved_by_inventory_projection,Appointment-date claim only unless underlying assertion explicitly covers a longer interval; not a certified affiliation spell.,January 2023 appointment is independently verified UNAFFILIATED. Do not extrapolate it to this new appointment; do not prefer PT merely because biography label agrees.
LEG-aaebea0a8273,person,Macaé Evaristo,Direitos Humanos e Cidadania,lula_2023_presente:2:15,Official legislative farewell statement identifies the departing deputy as PT when accepting this ministerial appointment.,2024-09-27,PARTY,PT,https://www.almg.gov.br/pronunciamentos/deputada-macae-evaristo/2024-09-10/49840,,not_normalized_in_prior_ledger,2024-09-10,,2026-09-10,Prior appointment_evidence.csv row source_record_id=lula_2023_presente:2:15,inherited_prior_audit_claim_not_new_verification,not_individually_retrieved_by_inventory_projection,Appointment-date claim only unless underlying assertion explicitly covers a longer interval; not a certified affiliation spell.,
LEG-0806dae15b5e,person,Camilo Santana,Educação,lula_2023_presente:2:16,Inauguration-day roster explicitly identifies PT.,2023-01-01,PARTY,PT,https://valor.globo.com/politica/noticia/2023/01/01/lula-d-posse-a-ministros-veja-a-lista.ghtml,,not_normalized_in_prior_ledger,2023-01-01,,2026-09-10,Prior appointment_evidence.csv row source_record_id=lula_2023_presente:2:16,inherited_prior_audit_claim_not_new_verification,not_individually_retrieved_by_inventory_projection,Appointment-date claim only unless underlying assertion explicitly covers a longer interval; not a certified affiliation spell.,
LEG-2c6bb68fa80b,person,Márcio França,"Empreendedorismo, da Microempresa e da Empresa de Pequeno Porte",lula_2023_presente:2:17,Appointment-day report identifies the new minister as PSB.,2023-09-13,PARTY,PSB,https://www.bol.uol.com.br/noticias/2023/09/13/carla-posses-discretas-de-ministros-sinalizam-desconfianca-com-centrao.htm,,not_normalized_in_prior_ledger,2023-09-13,,2026-09-10,Prior appointment_evidence.csv row source_record_id=lula_2023_presente:2:17,inherited_prior_audit_claim_not_new_verification,not_individually_retrieved_by_inventory_projection,Appointment-date claim only unless underlying assertion explicitly covers a longer interval; not a certified affiliation spell.,
LEG-6121a2ab7c3d,person,Ana Moser,Esporte,lula_2023_presente:2:18,Incoming-cabinet roster places this appointment among explicitly unaffiliated ministers.,2023-01-01,UNAFFILIATED,,https://www.diariodepernambuco.com.br/noticia/politica/2022/12/governo-lula-tera-representacao-de-nove-legendas-e-11-ministros-sem-pa.html,,not_normalized_in_prior_ledger,2022-12-29,,2026-09-10,Prior appointment_evidence.csv row source_record_id=lula_2023_presente:2:18,inherited_prior_audit_claim_not_new_verification,not_individually_retrieved_by_inventory_projection,Appointment-date claim only unless underlying assertion explicitly covers a longer interval; not a certified affiliation spell.,
LEG-1c9c47573abc,person,André Fufuca,Esporte,lula_2023_presente:2:19,Appointment-day report identifies the new minister as PP.,2023-09-13,PARTY,PP,https://www.bol.uol.com.br/noticias/2023/09/13/carla-posses-discretas-de-ministros-sinalizam-desconfianca-com-centrao.htm,,not_normalized_in_prior_ledger,2023-09-13,,2026-09-10,Prior appointment_evidence.csv row source_record_id=lula_2023_presente:2:19,inherited_prior_audit_claim_not_new_verification,not_individually_retrieved_by_inventory_projection,Appointment-date claim only unless underlying assertion explicitly covers a longer interval; not a certified affiliation spell.,
LEG-90750f1c9b17,person,Carlos Fávaro,Agricultura e Pecuária,lula_2023_presente:2:2,Inauguration-day roster explicitly identifies PSD.,2023-01-01,PARTY,PSD,https://valor.globo.com/politica/noticia/2023/01/01/lula-d-posse-a-ministros-veja-a-lista.ghtml,,not_normalized_in_prior_ledger,2023-01-01,,2026-09-10,Prior appointment_evidence.csv row source_record_id=lula_2023_presente:2:2,inherited_prior_audit_claim_not_new_verification,not_individually_retrieved_by_inventory_projection,Appointment-date claim only unless underlying assertion explicitly covers a longer interval; not a certified affiliation spell.,
LEG-3b78d99c4156,person,Fernando Haddad,Fazenda,lula_2023_presente:2:20,Inauguration-day roster explicitly identifies PT.,2023-01-01,PARTY,PT,https://valor.globo.com/politica/noticia/2023/01/01/lula-d-posse-a-ministros-veja-a-lista.ghtml,,not_normalized_in_prior_ledger,2023-01-01,,2026-09-10,Prior appointment_evidence.csv row source_record_id=lula_2023_presente:2:20,inherited_prior_audit_claim_not_new_verification,not_individually_retrieved_by_inventory_projection,Appointment-date claim only unless underlying assertion explicitly covers a longer interval; not a certified affiliation spell.,
LEG-e021896e2251,person,Dario Durigan,Fazenda,lula_2023_presente:2:21,Contemporaneous profile says not affiliated with PT; this does not exclude all other parties. Original 19 March included appointment date retained; no no-party inference from raw field.,2026-03-19,UNRESOLVED,,https://veja.abril.com.br/economia/com-haddad-fora-durigan-assume-a-fazenda-com-desafio-de-evitar-novas-turbulencias/,,not_normalized_in_prior_ledger,2026-03-20,,2026-09-10,Prior appointment_evidence.csv row source_record_id=lula_2023_presente:2:21,inherited_prior_audit_claim_not_new_verification,not_individually_retrieved_by_inventory_projection,Appointment-date claim only unless underlying assertion explicitly covers a longer interval; not a certified affiliation spell.,INCLUDED_UNRESOLVED in diagnostic with original dates. Additional bounded search did not establish party on the retained appointment date; no affiliation inferred from pinned party label or career.
LEG-da6ce3b869d1,person,Esther Dweck,Gestão e da Inovação em Serviços Públicos,lula_2023_presente:2:22,Dated incoming-cabinet profile explicitly identifies no party.,2023-01-01,UNAFFILIATED,,https://news.files.bbci.co.uk/include/vjamericas/1144-brasil-lula-ministries/portuguese/app,,not_normalized_in_prior_ledger,2022-12-23,,2026-09-10,Prior appointment_evidence.csv row source_record_id=lula_2023_presente:2:22,inherited_prior_audit_claim_not_new_verification,not_individually_retrieved_by_inventory_projection,Appointment-date claim only unless underlying assertion explicitly covers a longer interval; not a certified affiliation spell.,
LEG-78e62eb293bf,person,Anielle Franco,Igualdade Racial,lula_2023_presente:2:23,Dated incoming-cabinet profile explicitly identifies no party. Veja 5 March 2025 explicitly distinguishes no party on entry from PT affiliation in April 2024.,2023-01-01,UNAFFILIATED,,https://news.files.bbci.co.uk/include/vjamericas/1144-brasil-lula-ministries/portuguese/app | https://veja.abril.com.br/coluna/radar/apos-nove-trocas-pt-tem-mais-ministerios-do-que-no-inicio-do-governo-lula/,,not_normalized_in_prior_ledger,2022-12-23,,2026-09-10,Prior appointment_evidence.csv row source_record_id=lula_2023_presente:2:23,inherited_prior_audit_claim_not_new_verification,not_individually_retrieved_by_inventory_projection,Appointment-date claim only unless underlying assertion explicitly covers a longer interval; not a certified affiliation spell.,
LEG-3d0e51476ed5,person,Waldez Góes,Integração e Desenvolvimento Regional,lula_2023_presente:2:24,Inauguration-day roster explicitly identifies PDT.,2023-01-01,PARTY,PDT,https://valor.globo.com/politica/noticia/2023/01/01/lula-d-posse-a-ministros-veja-a-lista.ghtml,,not_normalized_in_prior_ledger,2023-01-01,,2026-09-10,Prior appointment_evidence.csv row source_record_id=lula_2023_presente:2:24,inherited_prior_audit_claim_not_new_verification,not_individually_retrieved_by_inventory_projection,Appointment-date claim only unless underlying assertion explicitly covers a longer interval; not a certified affiliation spell.,
LEG-a4d9f014f208,person,Flávio Dino,Justiça e Segurança Pública,lula_2023_presente:2:25,Inauguration-day roster explicitly identifies PSB.,2023-01-01,PARTY,PSB,https://valor.globo.com/politica/noticia/2023/01/01/lula-d-posse-a-ministros-veja-a-lista.ghtml,,not_normalized_in_prior_ledger,2023-01-01,,2026-09-10,Prior appointment_evidence.csv row source_record_id=lula_2023_presente:2:25,inherited_prior_audit_claim_not_new_verification,not_individually_retrieved_by_inventory_projection,Appointment-date claim only unless underlying assertion explicitly covers a longer interval; not a certified affiliation spell.,
LEG-cb17a8bd0c74,person,Ricardo Lewandowski,Justiça e Segurança Pública,lula_2023_presente:2:26,Contemporaneous appointment reporting explicitly says Lewandowski has no party affiliation.,2024-02-01,UNAFFILIATED,,https://noticias.uol.com.br/politica/ultimas-noticias/2024/01/10/lula-dino-lewandowski-reuniao.amp.htm,,not_normalized_in_prior_ledger,2024-01-10,,2026-09-10,Prior appointment_evidence.csv row source_record_id=lula_2023_presente:2:26,inherited_prior_audit_claim_not_new_verification,not_individually_retrieved_by_inventory_projection,Appointment-date claim only unless underlying assertion explicitly covers a longer interval; not a certified affiliation spell.,
LEG-f1f3a25b37b6,person,Manoel Carlos de Almeida Neto,Justiça e Segurança Pública,lula_2023_presente:2:27,"Contemporary interim appointment profile describes legal career, but does not state party affiliation.",2026-01-09,UNRESOLVED,,https://exame.com/brasil/quem-e-manoel-carlos-de-almeida-neto-novo-ministro-interino-da-justica//,,not_normalized_in_prior_ledger,2026-01-10,,2026-09-10,Prior appointment_evidence.csv row source_record_id=lula_2023_presente:2:27,inherited_prior_audit_claim_not_new_verification,not_individually_retrieved_by_inventory_projection,Appointment-date claim only unless underlying assertion explicitly covers a longer interval; not a certified affiliation spell.,INCLUDED_UNRESOLVED in diagnostic with original dates. Additional bounded search did not establish party on the retained appointment date; no affiliation inferred from pinned party label or career.
LEG-9017e8f64cc4,person,Wellington César Lima e Silva,Justiça e Segurança Pública,lula_2023_presente:2:28,Official 2026 appointment note does not identify party. Explicit never-affiliated report in 2016 establishes that earlier date only; it cannot be automatically reused for 2026.,2026-01-13,UNRESOLVED,,https://agenciagov.ebc.com.br/noticias/202601/wellington-cesar-lima-e-silva-assume-ministerio-da-justica-e-seguranca-publica | https://www.brasil247.com/geral/rui-ministro-da-justica-vai-garantir-imparcialidade/,,not_normalized_in_prior_ledger,2026-01-13 | 2016-03-03,,2026-09-10,Prior appointment_evidence.csv row source_record_id=lula_2023_presente:2:28,inherited_prior_audit_claim_not_new_verification,not_individually_retrieved_by_inventory_projection,Appointment-date claim only unless underlying assertion explicitly covers a longer interval; not a certified affiliation spell.,INCLUDED_UNRESOLVED in diagnostic with original dates. Additional bounded search did not establish party on the retained appointment date; no affiliation inferred from pinned party label or career.
LEG-1d889ee6861c,person,Marina Silva,Meio Ambiente e Mudança do Clima,lula_2023_presente:2:29,Inauguration-day roster explicitly identifies REDE.,2023-01-01,PARTY,REDE,https://valor.globo.com/politica/noticia/2023/01/01/lula-d-posse-a-ministros-veja-a-lista.ghtml,,not_normalized_in_prior_ledger,2023-01-01,,2026-09-10,Prior appointment_evidence.csv row source_record_id=lula_2023_presente:2:29,inherited_prior_audit_claim_not_new_verification,not_individually_retrieved_by_inventory_projection,Appointment-date claim only unless underlying assertion explicitly covers a longer interval; not a certified affiliation spell.,
LEG-eedd92e5054e,person,Jader Barbalho Filho,Cidades,lula_2023_presente:2:3,Inauguration-day roster explicitly identifies MDB.,2023-01-01,PARTY,MDB,https://valor.globo.com/politica/noticia/2023/01/01/lula-d-posse-a-ministros-veja-a-lista.ghtml,,not_normalized_in_prior_ledger,2023-01-01,,2026-09-10,Prior appointment_evidence.csv row source_record_id=lula_2023_presente:2:3,inherited_prior_audit_claim_not_new_verification,not_individually_retrieved_by_inventory_projection,Appointment-date claim only unless underlying assertion explicitly covers a longer interval; not a certified affiliation spell.,
LEG-83c787ba4f24,person,Alexandre Silveira,Minas e Energia,lula_2023_presente:2:30,Inauguration-day roster explicitly identifies PSD.,2023-01-01,PARTY,PSD,https://valor.globo.com/politica/noticia/2023/01/01/lula-d-posse-a-ministros-veja-a-lista.ghtml,,not_normalized_in_prior_ledger,2023-01-01,,2026-09-10,Prior appointment_evidence.csv row source_record_id=lula_2023_presente:2:30,inherited_prior_audit_claim_not_new_verification,not_individually_retrieved_by_inventory_projection,Appointment-date claim only unless underlying assertion explicitly covers a longer interval; not a certified affiliation spell.,
LEG-08b47ecd20aa,person,Cida Gonçalves,Mulheres,lula_2023_presente:2:31,Incoming-cabinet roster includes Cida Gonçalves in the PT list.,2023-01-01,PARTY,PT,https://www.diariodepernambuco.com.br/noticia/politica/2022/12/governo-lula-tera-representacao-de-nove-legendas-e-11-ministros-sem-pa.html,,not_normalized_in_prior_ledger,2022-12-29,,2026-09-10,Prior appointment_evidence.csv row source_record_id=lula_2023_presente:2:31,inherited_prior_audit_claim_not_new_verification,not_individually_retrieved_by_inventory_projection,Appointment-date claim only unless underlying assertion explicitly covers a longer interval; not a certified affiliation spell.,
LEG-84e6fcc03e23,person,Márcia Lopes,Mulheres,lula_2023_presente:2:32,Appointment report explicitly identifies Márcia Lopes as PT.,2025-05-05,PARTY,PT,https://www.estadaomatogrosso.com.br/brasil/lula-demite-cida-goncalves-e-escolhe-marcia-lopes-como-nova-ministra/113038,,not_normalized_in_prior_ledger,2025-05-05,,2026-09-10,Prior appointment_evidence.csv row source_record_id=lula_2023_presente:2:32,inherited_prior_audit_claim_not_new_verification,not_individually_retrieved_by_inventory_projection,Appointment-date claim only unless underlying assertion explicitly covers a longer interval; not a certified affiliation spell.,
LEG-edf408f36c08,person,André de Paula,Pesca e Aquicultura,lula_2023_presente:2:33,Inauguration-day roster explicitly identifies PSD.,2023-01-01,PARTY,PSD,https://valor.globo.com/politica/noticia/2023/01/01/lula-d-posse-a-ministros-veja-a-lista.ghtml,,not_normalized_in_prior_ledger,2023-01-01,,2026-09-10,Prior appointment_evidence.csv row source_record_id=lula_2023_presente:2:33,inherited_prior_audit_claim_not_new_verification,not_individually_retrieved_by_inventory_projection,Appointment-date claim only unless underlying assertion explicitly covers a longer interval; not a certified affiliation spell.,
LEG-89a6204c7ce1,person,Simone Tebet,Planejamento e Orçamento,lula_2023_presente:2:34,Inauguration-day roster explicitly identifies MDB.,2023-01-01,PARTY,MDB,https://valor.globo.com/politica/noticia/2023/01/01/lula-d-posse-a-ministros-veja-a-lista.ghtml,,not_normalized_in_prior_ledger,2023-01-01,,2026-09-10,Prior appointment_evidence.csv row source_record_id=lula_2023_presente:2:34,inherited_prior_audit_claim_not_new_verification,not_individually_retrieved_by_inventory_projection,Appointment-date claim only unless underlying assertion explicitly covers a longer interval; not a certified affiliation spell.,
LEG-d183433abf9b,person,Márcio França,Portos e Aeroportos,lula_2023_presente:2:35,Inauguration-day roster explicitly identifies PSB.,2023-01-01,PARTY,PSB,https://valor.globo.com/politica/noticia/2023/01/01/lula-d-posse-a-ministros-veja-a-lista.ghtml,,not_normalized_in_prior_ledger,2023-01-01,,2026-09-10,Prior appointment_evidence.csv row source_record_id=lula_2023_presente:2:35,inherited_prior_audit_claim_not_new_verification,not_individually_retrieved_by_inventory_projection,Appointment-date claim only unless underlying assertion explicitly covers a longer interval; not a certified affiliation spell.,
LEG-71a45c6619da,person,Sílvio Costa Filho,Portos e Aeroportos,lula_2023_presente:2:36,Appointment-day report identifies the new minister as Republicanos.,2023-09-13,PARTY,Republicanos,https://www.bol.uol.com.br/noticias/2023/09/13/carla-posses-discretas-de-ministros-sinalizam-desconfianca-com-centrao.htm,,not_normalized_in_prior_ledger,2023-09-13,,2026-09-10,Prior appointment_evidence.csv row source_record_id=lula_2023_presente:2:36,inherited_prior_audit_claim_not_new_verification,not_individually_retrieved_by_inventory_projection,Appointment-date claim only unless underlying assertion explicitly covers a longer interval; not a certified affiliation spell.,
LEG-84371a57fbec,person,Sônia Guajajara,Povos Indígenas,lula_2023_presente:2:37,Inauguration-day roster explicitly identifies PSOL.,2023-01-01,PARTY,PSOL,https://valor.globo.com/politica/noticia/2023/01/01/lula-d-posse-a-ministros-veja-a-lista.ghtml,,not_normalized_in_prior_ledger,2023-01-01,,2026-09-10,Prior appointment_evidence.csv row source_record_id=lula_2023_presente:2:37,inherited_prior_audit_claim_not_new_verification,not_individually_retrieved_by_inventory_projection,Appointment-date claim only unless underlying assertion explicitly covers a longer interval; not a certified affiliation spell.,
LEG-f9f4e4420917,person,Carlos Lupi,Previdência Social,lula_2023_presente:2:38,Inauguration-day roster explicitly identifies PDT.,2023-01-01,PARTY,PDT,https://valor.globo.com/politica/noticia/2023/01/01/lula-d-posse-a-ministros-veja-a-lista.ghtml,,not_normalized_in_prior_ledger,2023-01-01,,2026-09-10,Prior appointment_evidence.csv row source_record_id=lula_2023_presente:2:38,inherited_prior_audit_claim_not_new_verification,not_individually_retrieved_by_inventory_projection,Appointment-date claim only unless underlying assertion explicitly covers a longer interval; not a certified affiliation spell.,
LEG-a42afb06472c,person,Wolney Queiroz,Previdência Social,lula_2023_presente:2:39,Official biography explicitly records uninterrupted PDT membership from 1992 through the May 2025 appointment; retrieval date shown.,2025-05-02,PARTY,PDT,https://www.gov.br/previdencia/pt-br/composicao/ministro-e-secretarios,,not_normalized_in_prior_ledger,2026-09-10,,2026-09-10,Prior appointment_evidence.csv row source_record_id=lula_2023_presente:2:39,inherited_prior_audit_claim_not_new_verification,not_individually_retrieved_by_inventory_projection,Appointment-date claim only unless underlying assertion explicitly covers a longer interval; not a certified affiliation spell.,
LEG-a79dfb4e75e8,person,Luciana Santos,"Ciência, Tecnologia e Inovação",lula_2023_presente:2:4,Inauguration-day roster explicitly identifies PCdoB.,2023-01-01,PARTY,PCdoB,https://valor.globo.com/politica/noticia/2023/01/01/lula-d-posse-a-ministros-veja-a-lista.ghtml,,not_normalized_in_prior_ledger,2023-01-01,,2026-09-10,Prior appointment_evidence.csv row source_record_id=lula_2023_presente:2:4,inherited_prior_audit_claim_not_new_verification,not_individually_retrieved_by_inventory_projection,Appointment-date claim only unless underlying assertion explicitly covers a longer interval; not a certified affiliation spell.,
LEG-88618295577b,person,Mauro Vieira,Relações Exteriores,lula_2023_presente:2:40,Dated incoming-cabinet profile explicitly identifies no party.,2023-01-01,UNAFFILIATED,,https://news.files.bbci.co.uk/include/vjamericas/1144-brasil-lula-ministries/portuguese/app,,not_normalized_in_prior_ledger,2022-12-23,,2026-09-10,Prior appointment_evidence.csv row source_record_id=lula_2023_presente:2:40,inherited_prior_audit_claim_not_new_verification,not_individually_retrieved_by_inventory_projection,Appointment-date claim only unless underlying assertion explicitly covers a longer interval; not a certified affiliation spell.,
LEG-eba4482fcf14,person,Nísia Trindade,Saúde,lula_2023_presente:2:41,Dated incoming-cabinet profile explicitly identifies no party.,2023-01-01,UNAFFILIATED,,https://news.files.bbci.co.uk/include/vjamericas/1144-brasil-lula-ministries/portuguese/app,,not_normalized_in_prior_ledger,2022-12-23,,2026-09-10,Prior appointment_evidence.csv row source_record_id=lula_2023_presente:2:41,inherited_prior_audit_claim_not_new_verification,not_individually_retrieved_by_inventory_projection,Appointment-date claim only unless underlying assertion explicitly covers a longer interval; not a certified affiliation spell.,
LEG-ae881085444e,person,Alexandre Padilha,Saúde,lula_2023_presente:2:42,Appointment-day report explicitly identifies both Padilha and Hoffmann as PT.,2025-03-10,PARTY,PT,https://noticias.uol.com.br/politica/ultimas-noticias/2025/03/10/posse-padilha-gleisi-planalto-lula-ministerio.htm,,not_normalized_in_prior_ledger,2025-03-10,,2026-09-10,Prior appointment_evidence.csv row source_record_id=lula_2023_presente:2:42,inherited_prior_audit_claim_not_new_verification,not_individually_retrieved_by_inventory_projection,Appointment-date claim only unless underlying assertion explicitly covers a longer interval; not a certified affiliation spell.,
LEG-6861963d73aa,person,Luiz Marinho,Trabalho e Emprego,lula_2023_presente:2:43,Inauguration-day roster explicitly identifies PT.,2023-01-01,PARTY,PT,https://valor.globo.com/politica/noticia/2023/01/01/lula-d-posse-a-ministros-veja-a-lista.ghtml,,not_normalized_in_prior_ledger,2023-01-01,,2026-09-10,Prior appointment_evidence.csv row source_record_id=lula_2023_presente:2:43,inherited_prior_audit_claim_not_new_verification,not_individually_retrieved_by_inventory_projection,Appointment-date claim only unless underlying assertion explicitly covers a longer interval; not a certified affiliation spell.,
LEG-8ccea40b6f1d,person,Renan Filho,Transportes,lula_2023_presente:2:44,Inauguration-day roster explicitly identifies MDB.,2023-01-01,PARTY,MDB,https://valor.globo.com/politica/noticia/2023/01/01/lula-d-posse-a-ministros-veja-a-lista.ghtml,,not_normalized_in_prior_ledger,2023-01-01,,2026-09-10,Prior appointment_evidence.csv row source_record_id=lula_2023_presente:2:44,inherited_prior_audit_claim_not_new_verification,not_individually_retrieved_by_inventory_projection,Appointment-date claim only unless underlying assertion explicitly covers a longer interval; not a certified affiliation spell.,
LEG-caa1bb9ce390,person,Daniela Carneiro,Turismo,lula_2023_presente:2:45,Inauguration-day roster explicitly identifies UNIÃO.,2023-01-01,PARTY,UNIÃO,https://valor.globo.com/politica/noticia/2023/01/01/lula-d-posse-a-ministros-veja-a-lista.ghtml,,not_normalized_in_prior_ledger,2023-01-01,,2026-09-10,Prior appointment_evidence.csv row source_record_id=lula_2023_presente:2:45,inherited_prior_audit_claim_not_new_verification,not_individually_retrieved_by_inventory_projection,Appointment-date claim only unless underlying assertion explicitly covers a longer interval; not a certified affiliation spell.,
LEG-68b75f23e045,person,Celso Sabino,Turismo,lula_2023_presente:2:46,Senate report identifies Sabino as União and expressly relates it to the appointment.,2023-08-03,PARTY,UNIÃO,https://www12.senado.leg.br/noticias/materias/2023/08/18/celso-sabino-apresenta-acoes-do-turismo-para-os-proximos-dois-anos,,not_normalized_in_prior_ledger,2023-08-18,,2026-09-10,Prior appointment_evidence.csv row source_record_id=lula_2023_presente:2:46,inherited_prior_audit_claim_not_new_verification,not_individually_retrieved_by_inventory_projection,Appointment-date claim only unless underlying assertion explicitly covers a longer interval; not a certified affiliation spell.,
LEG-4f3b9ee61eb5,person,Gustavo Feliciano,Turismo,lula_2023_presente:2:47,"Appointment-day reporting explicitly says Feliciano is unaffiliated, despite nomination by União allies.",2025-12-23,UNAFFILIATED,,https://www1.folha.uol.com.br/poder/2025/12/lula-da-posse-a-novo-ministro-do-turismo-em-aceno-a-ala-do-centrao-e-com-presenca-de-motta.shtml,,not_normalized_in_prior_ledger,2025-12-23,,2026-09-10,Prior appointment_evidence.csv row source_record_id=lula_2023_presente:2:47,inherited_prior_audit_claim_not_new_verification,not_individually_retrieved_by_inventory_projection,Appointment-date claim only unless underlying assertion explicitly covers a longer interval; not a certified affiliation spell.,
LEG-026719312f03,person,Jorge Messias,Advocacia-Geral da União,lula_2023_presente:2:49,Dated incoming-cabinet profile explicitly identifies no party.,2023-01-01,UNAFFILIATED,,https://news.files.bbci.co.uk/include/vjamericas/1144-brasil-lula-ministries/portuguese/app,,not_normalized_in_prior_ledger,2022-12-23,,2026-09-10,Prior appointment_evidence.csv row source_record_id=lula_2023_presente:2:49,inherited_prior_audit_claim_not_new_verification,not_individually_retrieved_by_inventory_projection,Appointment-date claim only unless underlying assertion explicitly covers a longer interval; not a certified affiliation spell.,
LEG-b5c3c93f0a0d,person,Juscelino Filho,Comunicações,lula_2023_presente:2:5,Inauguration-day roster explicitly identifies UNIÃO.,2023-01-01,PARTY,UNIÃO,https://valor.globo.com/politica/noticia/2023/01/01/lula-d-posse-a-ministros-veja-a-lista.ghtml,,not_normalized_in_prior_ledger,2023-01-01,,2026-09-10,Prior appointment_evidence.csv row source_record_id=lula_2023_presente:2:5,inherited_prior_audit_claim_not_new_verification,not_individually_retrieved_by_inventory_projection,Appointment-date claim only unless underlying assertion explicitly covers a longer interval; not a certified affiliation spell.,
LEG-b2f5b4a75ce6,person,Vinícius Marques de Carvalho,Controladoria-Geral da União,lula_2023_presente:2:50,Dated incoming-cabinet profile explicitly identifies no party.,2023-01-01,UNAFFILIATED,,https://news.files.bbci.co.uk/include/vjamericas/1144-brasil-lula-ministries/portuguese/app,,not_normalized_in_prior_ledger,2022-12-23,,2026-09-10,Prior appointment_evidence.csv row source_record_id=lula_2023_presente:2:50,inherited_prior_audit_claim_not_new_verification,not_individually_retrieved_by_inventory_projection,Appointment-date claim only unless underlying assertion explicitly covers a longer interval; not a certified affiliation spell.,
LEG-6a7f76111362,person,Rui Costa,Casa Civil,lula_2023_presente:2:51,Inauguration-day roster explicitly identifies PT.,2023-01-01,PARTY,PT,https://valor.globo.com/politica/noticia/2023/01/01/lula-d-posse-a-ministros-veja-a-lista.ghtml,,not_normalized_in_prior_ledger,2023-01-01,,2026-09-10,Prior appointment_evidence.csv row source_record_id=lula_2023_presente:2:51,inherited_prior_audit_claim_not_new_verification,not_individually_retrieved_by_inventory_projection,Appointment-date claim only unless underlying assertion explicitly covers a longer interval; not a certified affiliation spell.,
LEG-acfd621740b2,person,Gonçalves Dias,Gabinete de Segurança Institucional,lula_2023_presente:2:52,Incoming-cabinet roster places this appointment among explicitly unaffiliated ministers.,2023-01-01,UNAFFILIATED,,https://www.diariodepernambuco.com.br/noticia/politica/2022/12/governo-lula-tera-representacao-de-nove-legendas-e-11-ministros-sem-pa.html,,not_normalized_in_prior_ledger,2022-12-29,,2026-09-10,Prior appointment_evidence.csv row source_record_id=lula_2023_presente:2:52,inherited_prior_audit_claim_not_new_verification,not_individually_retrieved_by_inventory_projection,Appointment-date claim only unless underlying assertion explicitly covers a longer interval; not a certified affiliation spell.,
LEG-45dae6129acc,person,Ricardo Cappelli,Gabinete de Segurança Institucional,lula_2023_presente:2:53,Appointment-day reporting explicitly identifies Cappelli as PSB.,2023-04-19,PARTY,PSB,https://noticias.uol.com.br/politica/ultimas-noticias/2023/04/19/ricardo-capelli-ministro-interino-gsi.amp.htm,,not_normalized_in_prior_ledger,2023-04-19,,2026-09-10,Prior appointment_evidence.csv row source_record_id=lula_2023_presente:2:53,inherited_prior_audit_claim_not_new_verification,not_individually_retrieved_by_inventory_projection,Appointment-date claim only unless underlying assertion explicitly covers a longer interval; not a certified affiliation spell.,
LEG-0183d30a8b9f,person,Marcos Antonio Amaro dos Santos,Gabinete de Segurança Institucional,lula_2023_presente:2:54,"Appointment reporting establishes retired general status but not party. Later retrospective cabinet-change summary labels him no party and is suggestive, but does not explicitly establish no affiliation on 4 May 2023.",2023-05-04,UNRESOLVED,,https://www.cnnbrasil.com.br/politica/lula-confirma-escolha-do-general-amaro-para-ser-o-novo-ministro-do-gsi/ | https://veja.abril.com.br/coluna/radar/apos-nove-trocas-pt-tem-mais-ministerios-do-que-no-inicio-do-governo-lula/,,not_normalized_in_prior_ledger,2023-05-03 | 2025-03-05,,2026-09-10,Prior appointment_evidence.csv row source_record_id=lula_2023_presente:2:54,inherited_prior_audit_claim_not_new_verification,not_individually_retrieved_by_inventory_projection,Appointment-date claim only unless underlying assertion explicitly covers a longer interval; not a certified affiliation spell.,INCLUDED_UNRESOLVED in diagnostic with original dates. Additional bounded search did not establish party on the retained appointment date; no affiliation inferred from pinned party label or career.
LEG-0a3ec5a276d9,person,Márcio Macêdo,Secretaria-Geral da Presidência da República,lula_2023_presente:2:56,Inauguration-day roster explicitly identifies PT.,2023-01-01,PARTY,PT,https://valor.globo.com/politica/noticia/2023/01/01/lula-d-posse-a-ministros-veja-a-lista.ghtml,,not_normalized_in_prior_ledger,2023-01-01,,2026-09-10,Prior appointment_evidence.csv row source_record_id=lula_2023_presente:2:56,inherited_prior_audit_claim_not_new_verification,not_individually_retrieved_by_inventory_projection,Appointment-date claim only unless underlying assertion explicitly covers a longer interval; not a certified affiliation spell.,
LEG-e65045e234b2,person,Guilherme Boulos,Secretaria-Geral da Presidência da República,lula_2023_presente:2:57,Official news agency appointment-day profile explicitly identifies Boulos as affiliated to PSOL.,2025-10-29,PARTY,PSOL,https://agenciabrasil.ebc.com.br/politica/noticia/2025-10/cabeca-do-crime-organizado-nao-esta-no-barraco-da-favela-diz-boulos,,not_normalized_in_prior_ledger,2025-10-29,,2026-09-10,Prior appointment_evidence.csv row source_record_id=lula_2023_presente:2:57,inherited_prior_audit_claim_not_new_verification,not_individually_retrieved_by_inventory_projection,Appointment-date claim only unless underlying assertion explicitly covers a longer interval; not a certified affiliation spell.,
LEG-e020f6e27e56,person,Paulo Pimenta,Secretaria de Comunicação Social,lula_2023_presente:2:58,Inauguration-day roster explicitly identifies PT.,2023-01-01,PARTY,PT,https://valor.globo.com/politica/noticia/2023/01/01/lula-d-posse-a-ministros-veja-a-lista.ghtml,,not_normalized_in_prior_ledger,2023-01-01,,2026-09-10,Prior appointment_evidence.csv row source_record_id=lula_2023_presente:2:58,inherited_prior_audit_claim_not_new_verification,not_individually_retrieved_by_inventory_projection,Appointment-date claim only unless underlying assertion explicitly covers a longer interval; not a certified affiliation spell.,
LEG-bca3c6c6edac,person,Laércio Portela,Secretaria de Comunicação Social,lula_2023_presente:2:59,Appointment report does not explicitly identify party; September roster says no party without establishing May appointment status.,2024-05-15,UNRESOLVED,,https://noticias.uol.com.br/politica/ultimas-noticias/2024/05/15/pimenta-e-novo-ministro-de-reconstrucao-do-rs-informa-diario-oficial.htm | https://www.cartacapital.com.br/politica/com-macae-nos-direitos-humanos-veja-a-divisao-da-esplanada-dos-ministerios-por-partidos/,,not_normalized_in_prior_ledger,2024-05-15 | 2024-09-09,,2026-09-10,Prior appointment_evidence.csv row source_record_id=lula_2023_presente:2:59,inherited_prior_audit_claim_not_new_verification,not_individually_retrieved_by_inventory_projection,Appointment-date claim only unless underlying assertion explicitly covers a longer interval; not a certified affiliation spell.,INCLUDED_UNRESOLVED in diagnostic with original dates. Additional bounded search did not establish party on the retained appointment date; no affiliation inferred from pinned party label or career.
LEG-25f8de4303a5,person,Sônia Faustino Mendes,Comunicações,lula_2023_presente:2:6,Official civil-servant curriculum (retrieved 10 September 2026) and contemporary interim-appointment reporting do not explicitly identify party affiliation. No no-party inference from career status.,2025-04-09,UNRESOLVED,,https://curriculo.sougov.economia.gov.br/sonia-mendes-18737022 | https://edicao.correiobraziliense.com.br/correiobraziliense/2025/04/11/all.pdf,,not_normalized_in_prior_ledger,2026-09-10 | 2025-04-11,,2026-09-10,Prior appointment_evidence.csv row source_record_id=lula_2023_presente:2:6,inherited_prior_audit_claim_not_new_verification,not_individually_retrieved_by_inventory_projection,Appointment-date claim only unless underlying assertion explicitly covers a longer interval; not a certified affiliation spell.,INCLUDED_UNRESOLVED in diagnostic with original dates. Additional bounded search did not establish party on the retained appointment date; no affiliation inferred from pinned party label or career.
LEG-e1bdeed31aec,person,Sidônio Palmeira,Secretaria de Comunicação Social,lula_2023_presente:2:60,"First-person declaration of no affiliation on 14 January 2025 inauguration and earlier 2014 interview; diagnostic retains original production start 7 January, so direct evidence for the retained date is missing. The actual 14 January appointment would be UNAFFILIATED, but date correction is deferred.",2025-01-07,UNRESOLVED,,https://www.correiobraziliense.com.br/politica/2025/01/7034820-analise-missao-de-sidonio-e-alavancar-a-lideranca-moral.html | https://www.bahianoticias.com.br/entrevista/380-sidonio-palmeira-comemora-3a-vitoria-consecutiva-na-corrida-estadual-14102014,,not_normalized_in_prior_ledger,2025-01-15 | 2014-10-14,,2026-09-10,Prior appointment_evidence.csv row source_record_id=lula_2023_presente:2:60,inherited_prior_audit_claim_not_new_verification,not_individually_retrieved_by_inventory_projection,Appointment-date claim only unless underlying assertion explicitly covers a longer interval; not a certified affiliation spell.,INCLUDED_UNRESOLVED in diagnostic with original dates. Additional bounded search did not establish party on the retained appointment date; no affiliation inferred from pinned party label or career. Previously resolved on corrected actual appointment date; resolution cannot be transferred to original date without temporal evidence.
LEG-260dc224b3b3,person,Paulo Pimenta,Secretaria Extraordinária da Presidência da República para Apoio à Reconstrução do Rio Grande do Sul,lula_2023_presente:2:61,PT contemporaneously records its minister Pimenta taking this new appointment; party continuity independently recorded in April 2024 CNN roster.,2024-05-15,PARTY,PT,https://pt.org.br/lula-cria-secretaria-extraordinaria-para-apoio-a-reconstrucao-do-rs/,,not_normalized_in_prior_ledger,2024-05-16,,2026-09-10,Prior appointment_evidence.csv row source_record_id=lula_2023_presente:2:61,inherited_prior_audit_claim_not_new_verification,not_individually_retrieved_by_inventory_projection,Appointment-date claim only unless underlying assertion explicitly covers a longer interval; not a certified affiliation spell.,
LEG-36e8fd8df999,person,Alexandre Padilha,Secretaria de Relações Institucionais,lula_2023_presente:2:62,Inauguration-day roster explicitly identifies PT.,2023-01-01,PARTY,PT,https://valor.globo.com/politica/noticia/2023/01/01/lula-d-posse-a-ministros-veja-a-lista.ghtml,,not_normalized_in_prior_ledger,2023-01-01,,2026-09-10,Prior appointment_evidence.csv row source_record_id=lula_2023_presente:2:62,inherited_prior_audit_claim_not_new_verification,not_individually_retrieved_by_inventory_projection,Appointment-date claim only unless underlying assertion explicitly covers a longer interval; not a certified affiliation spell.,
LEG-21b9236f7995,person,Gleisi Hoffmann,Secretaria de Relações Institucionais,lula_2023_presente:2:63,Appointment-day report explicitly identifies both Padilha and Hoffmann as PT.,2025-03-10,PARTY,PT,https://noticias.uol.com.br/politica/ultimas-noticias/2025/03/10/posse-padilha-gleisi-planalto-lula-ministerio.htm,,not_normalized_in_prior_ledger,2025-03-10,,2026-09-10,Prior appointment_evidence.csv row source_record_id=lula_2023_presente:2:63,inherited_prior_audit_claim_not_new_verification,not_individually_retrieved_by_inventory_projection,Appointment-date claim only unless underlying assertion explicitly covers a longer interval; not a certified affiliation spell.,
LEG-01028140cce5,person,Frederico Siqueira,Comunicações,lula_2023_presente:2:7,Appointment-day profile explicitly distinguishes nomination through the União quota from no party affiliation.,2025-04-24,UNAFFILIATED,,https://atarde.com.br/politica/conheca-o-perfil-de-frederico-siqueira-novo-ministro-das-comunicacoes-1315545,,not_normalized_in_prior_ledger,2025-04-24,,2026-09-10,Prior appointment_evidence.csv row source_record_id=lula_2023_presente:2:7,inherited_prior_audit_claim_not_new_verification,not_individually_retrieved_by_inventory_projection,Appointment-date claim only unless underlying assertion explicitly covers a longer interval; not a certified affiliation spell.,
LEG-ebab6522a877,person,Margareth Menezes,Cultura,lula_2023_presente:2:8,Dated incoming-cabinet profile explicitly identifies no party.,2023-01-01,UNAFFILIATED,,https://news.files.bbci.co.uk/include/vjamericas/1144-brasil-lula-ministries/portuguese/app,,not_normalized_in_prior_ledger,2022-12-23,,2026-09-10,Prior appointment_evidence.csv row source_record_id=lula_2023_presente:2:8,inherited_prior_audit_claim_not_new_verification,not_individually_retrieved_by_inventory_projection,Appointment-date claim only unless underlying assertion explicitly covers a longer interval; not a certified affiliation spell.,
LEG-49030b7594f1,person,José Múcio,Defesa,lula_2023_presente:2:9,Veja explicitly distinguishes his former PTB affiliation before TCU service from no party at appointment; independent 29 December roster also lists no party.,2023-01-01,UNAFFILIATED,,https://veja.abril.com.br/coluna/radar/lula-ja-anunciou-mais-ministros-sem-partido-que-do-pt/ | https://www.diariodepernambuco.com.br/noticia/politica/2022/12/governo-lula-tera-representacao-de-nove-legendas-e-11-ministros-sem-pa.html,,not_normalized_in_prior_ledger,2022-12-23,,2026-09-10,Prior appointment_evidence.csv row source_record_id=lula_2023_presente:2:9,inherited_prior_audit_claim_not_new_verification,not_individually_retrieved_by_inventory_projection,Appointment-date claim only unless underlying assertion explicitly covers a longer interval; not a certified affiliation spell.,"Conflicting shorthand PTB labels in Valor/BBC/Poder360 were checked: retained explicit temporal account (former PTB before TCU, now no party), not an unqualified legacy label."
LEG-7d94ee1b94f6,person,Fábio Medina Osório,Advocacia-Geral da União,michel_temer:0:1,Contemporaneous FPA May 2016 cabinet roster p11 explicitly identifies no party.,2016-05-12,UNAFFILIATED,,https://fpabramo.org.br/wp-content/uploads/2016/05/Boletim-mensal-analise-conjuntura-03-final.pdf,,not_normalized_in_prior_ledger,2016-05,,2026-09-10,Prior appointment_evidence.csv row source_record_id=michel_temer:0:1,inherited_prior_audit_claim_not_new_verification,not_individually_retrieved_by_inventory_projection,Appointment-date claim only unless underlying assertion explicitly covers a longer interval; not a certified affiliation spell.,
LEG-689fffcf6dc3,person,Marcelo Calero,Cultura,michel_temer:0:10,Own dated statement establishes PMDB membership from September 2015; overrides contemporaneous DIAP no-party shorthand.,2016-05-24,PARTY,PMDB,"https://www.em.com.br/app/noticia/politica/2016/11/29/interna_politica,828086/calero-nao-podemos-mais-tolerar-a-esculhambacao-que-e-a-politica-do.shtml",,not_normalized_in_prior_ledger,2016-11-29,,2026-09-10,Prior appointment_evidence.csv row source_record_id=michel_temer:0:10,inherited_prior_audit_claim_not_new_verification,not_individually_retrieved_by_inventory_projection,Appointment-date claim only unless underlying assertion explicitly covers a longer interval; not a certified affiliation spell.,DIAP roster inaccurately said sem partido; explicit retrospective affiliation start resolves conflict.
LEG-5229971714f3,person,Roberto Freire,Cultura,michel_temer:0:11,Chamber historical record identifies PPS mandate and ministerial appointment leave on November 23.,2016-11-23,PARTY,PPS,https://www.camara.leg.br/deputados/73805/biografia,,not_normalized_in_prior_ledger,2016-11-23,,2026-09-10,Prior appointment_evidence.csv row source_record_id=michel_temer:0:11,inherited_prior_audit_claim_not_new_verification,not_individually_retrieved_by_inventory_projection,Appointment-date claim only unless underlying assertion explicitly covers a longer interval; not a certified affiliation spell.,
LEG-7139e1851d7d,person,João Batista de Andrade,Cultura,michel_temer:0:12,Contemporaneous interview identifies PPS affiliation; academic reconstruction explicitly identifies PPS during the interim appointment using TSE-linked and biographical records.,2017-05-22,PARTY,PPS,https://www.scielo.br/j/rbcpol/a/YwHb9JmWH36dNyyjvPtHPjK/?format=html&lang=pt | https://entretenimento.uol.com.br/noticias/redacao/2017/06/16/comecou-a-atingir-minha-historia-diz-ministro-que-deixou-cultura.htm,,not_normalized_in_prior_ledger,2017-06-16,,2026-09-10,Prior appointment_evidence.csv row source_record_id=michel_temer:0:12,inherited_prior_audit_claim_not_new_verification,not_individually_retrieved_by_inventory_projection,Appointment-date claim only unless underlying assertion explicitly covers a longer interval; not a certified affiliation spell.,
LEG-5041fedb5f1c,person,Sérgio Sá Leitão,Cultura,michel_temer:0:13,"Pedro De Cillo Rodrigues biographical research p81 explicitly states he never affiliated with a party, covering PT/MDB/PSDB government service; corroborates contemporaneous July 2018 UOL no-party roster.",2017-07-25,UNAFFILIATED,,https://www.teses.usp.br/teses/disponiveis/8/8132/tde-22052023-154952/publico/2023_PedroDeCilloRodrigues_VCorrig.pdf,,not_normalized_in_prior_ledger,2023,,2026-09-10,Prior appointment_evidence.csv row source_record_id=michel_temer:0:13,inherited_prior_audit_claim_not_new_verification,not_individually_retrieved_by_inventory_projection,Appointment-date claim only unless underlying assertion explicitly covers a longer interval; not a certified affiliation spell.,
LEG-9d878ec47da4,person,Luislinda Valois,Direitos Humanos,michel_temer:0:14,Official party appointment-day announcement identifies its member.,2017-02-03,PARTY,PSDB,https://www.psdb.org.br/rs/luislinda-valois-e-alexandre-de-moraes-tomam-posse-nos-direitos-humanos-e-novo-ministerio-da-justica-e-seguranca/,,not_normalized_in_prior_ledger,2017-02-03,,2026-09-10,Prior appointment_evidence.csv row source_record_id=michel_temer:0:14,inherited_prior_audit_claim_not_new_verification,not_individually_retrieved_by_inventory_projection,Appointment-date claim only unless underlying assertion explicitly covers a longer interval; not a certified affiliation spell.,
LEG-422e9936450e,person,Gustavo Rocha,Direitos Humanos,michel_temer:0:15,"Direct statement at first party membership ceremony: never previously had party affiliation; his first membership is Republicanos in September 2025, after 2018 appointment.",2018-02-20,UNAFFILIATED,,https://jornaldebrasilia.com.br/blogs-e-colunas/do-alto-da-torre/ibaneis-sinaliza-apoio-a-gustavo-rocha-para-vice/,,not_normalized_in_prior_ledger,2025-09-17,,2026-09-10,Prior appointment_evidence.csv row source_record_id=michel_temer:0:15,inherited_prior_audit_claim_not_new_verification,not_individually_retrieved_by_inventory_projection,Appointment-date claim only unless underlying assertion explicitly covers a longer interval; not a certified affiliation spell.,
LEG-2f2c95a35e85,person,Fabiano Silveira,"Fiscalização, Transparência e Controladoria-Geral da União",michel_temer:0:16,"Gomes, Revista da CGU 8(13), Table 3 p464 and historical membership index pp471-472 explicitly report no affiliation for the 2003-2016 period; direct study of official records, LAI and biographical data.",2016-05-12,UNAFFILIATED,,https://repositorio.cgu.gov.br/bitstream/1/34422/10/V8.n13_Importancia.pdf,,not_normalized_in_prior_ledger,2016-12,,2026-09-10,Prior appointment_evidence.csv row source_record_id=michel_temer:0:16,inherited_prior_audit_claim_not_new_verification,not_individually_retrieved_by_inventory_projection,Appointment-date claim only unless underlying assertion explicitly covers a longer interval; not a certified affiliation spell.,
LEG-10ae0d5a66c3,person,Carlos Higino Ribeiro de Alencar,"Fiscalização, Transparência e Controladoria-Geral da União",michel_temer:0:17,"Gomes, Revista da CGU 8(13), Table 3 p464 and historical membership index pp471-472 explicitly report no affiliation for the 2003-2016 period; direct study of official records, LAI and biographical data.",2016-05-30,UNAFFILIATED,,https://repositorio.cgu.gov.br/bitstream/1/34422/10/V8.n13_Importancia.pdf,,not_normalized_in_prior_ledger,2016-12,,2026-09-10,Prior appointment_evidence.csv row source_record_id=michel_temer:0:17,inherited_prior_audit_claim_not_new_verification,not_individually_retrieved_by_inventory_projection,Appointment-date claim only unless underlying assertion explicitly covers a longer interval; not a certified affiliation spell.,
LEG-220a8c056a08,person,Torquato Jardim,"Fiscalização, Transparência e Controladoria-Geral da União",michel_temer:0:18,Contemporaneous DIAP cabinet directory explicitly identifies no party.,2016-06-02,UNAFFILIATED,,https://www.diap.org.br/index.php/publicacoes/send/61-boletim-do-diap/892-boletim-do-diap-numero-299-maio-de-2016,,not_normalized_in_prior_ledger,2016-05/2016-06,,2026-09-10,Prior appointment_evidence.csv row source_record_id=michel_temer:0:18,inherited_prior_audit_claim_not_new_verification,not_individually_retrieved_by_inventory_projection,Appointment-date claim only unless underlying assertion explicitly covers a longer interval; not a certified affiliation spell.,
LEG-300fa8e71e1b,person,Wagner de Campos Rosário,"Fiscalização, Transparência e Controladoria-Geral da União",michel_temer:0:19,"Explicit no-party report in July2018, but no appointment-start evidence or retrospective continuity statement located for May2017.",2017-05-31,UNRESOLVED,,https://noticias.uol.com.br/politica/ultimas-noticias/2018/07/11/a-menos-de-seis-meses-de-fim-do-governo-temer-tem-58-ministro.htm,,not_normalized_in_prior_ledger,2018-07-11,,2026-09-10,Prior appointment_evidence.csv row source_record_id=michel_temer:0:19,inherited_prior_audit_claim_not_new_verification,not_individually_retrieved_by_inventory_projection,Appointment-date claim only unless underlying assertion explicitly covers a longer interval; not a certified affiliation spell.,Diagnostic only: unresolved party is not an unaffiliated classification; do not use in production.
LEG-f2b0ba61be8c,person,Grace Mendonça,Advocacia-Geral da União,michel_temer:0:2,Report reproduces electoral affiliation certificate from April 30 1997; planned subsequent departure does not affect appointment.,2016-09-09,PARTY,PSDB,https://epoca.globo.com/tempo/expresso/noticia/2016/09/ministra-da-agu-e-tucana-ha-mais-de-19-anos-e-diz-que-nao-sabia.html,,not_normalized_in_prior_ledger,2016-09-21,,2026-09-10,Prior appointment_evidence.csv row source_record_id=michel_temer:0:2,inherited_prior_audit_claim_not_new_verification,not_individually_retrieved_by_inventory_projection,Appointment-date claim only unless underlying assertion explicitly covers a longer interval; not a certified affiliation spell.,Minister said she had forgotten membership; certificate establishes formal affiliation at appointment.
LEG-6de03bbf7354,person,Mendonça Filho,Educação,michel_temer:0:20,Reuters appointment-day roster identifies party.,2016-05-12,PARTY,DEM,https://noticias.uol.com.br/ultimas-noticias/reuters/2016/05/12/saiba-mais-governo-temer-anuncia-ministros.htm,,not_normalized_in_prior_ledger,2016-05-12,,2026-09-10,Prior appointment_evidence.csv row source_record_id=michel_temer:0:20,inherited_prior_audit_claim_not_new_verification,not_individually_retrieved_by_inventory_projection,Appointment-date claim only unless underlying assertion explicitly covers a longer interval; not a certified affiliation spell.,
LEG-583e1fef9251,person,Rossieli Soares,Educação,michel_temer:0:21,Contemporaneous appointment roster explicitly says no party.,2018-04-10,UNAFFILIATED,,https://noticias.uol.com.br/politica/ultimas-noticias/2018/04/10/temer-da-posse-a-novos-ministros.htm,,not_normalized_in_prior_ledger,2018-04-10,,2026-09-10,Prior appointment_evidence.csv row source_record_id=michel_temer:0:21,inherited_prior_audit_claim_not_new_verification,not_individually_retrieved_by_inventory_projection,Appointment-date claim only unless underlying assertion explicitly covers a longer interval; not a certified affiliation spell.,
LEG-5f81e43d920a,person,Raul Jungmann,Defesa,michel_temer:0:22,Reuters appointment-day roster identifies party.,2016-05-12,PARTY,PPS,https://noticias.uol.com.br/ultimas-noticias/reuters/2016/05/12/saiba-mais-governo-temer-anuncia-ministros.htm,,not_normalized_in_prior_ledger,2016-05-12,,2026-09-10,Prior appointment_evidence.csv row source_record_id=michel_temer:0:22,inherited_prior_audit_claim_not_new_verification,not_individually_retrieved_by_inventory_projection,Appointment-date claim only unless underlying assertion explicitly covers a longer interval; not a certified affiliation spell.,
LEG-509151491adc,person,Joaquim Silva e Luna,Defesa,michel_temer:0:23,Later Republicanos entry and July2018 no-party roster are insufficient alone to prove no-party at February2018 appointment. No first-ever-membership declaration located.,2018-02-26,UNRESOLVED,,https://www.poder360.com.br/poder-flash/ex-presidente-da-petrobras-se-filia-ao-republicanos/ | https://noticias.uol.com.br/politica/ultimas-noticias/2018/07/11/a-menos-de-seis-meses-de-fim-do-governo-temer-tem-58-ministro.htm,,not_normalized_in_prior_ledger,2023-06-10 / 2018-07-11,,2026-09-10,Prior appointment_evidence.csv row source_record_id=michel_temer:0:23,inherited_prior_audit_claim_not_new_verification,not_individually_retrieved_by_inventory_projection,Appointment-date claim only unless underlying assertion explicitly covers a longer interval; not a certified affiliation spell.,Diagnostic only: unresolved party is not an unaffiliated classification; do not use in production.
LEG-839c037f9735,person,Osmar Terra,Desenvolvimento Social e Agrário,michel_temer:0:24,Reuters appointment-day roster identifies party.,2016-05-12,PARTY,PMDB,https://noticias.uol.com.br/ultimas-noticias/reuters/2016/05/12/saiba-mais-governo-temer-anuncia-ministros.htm,,not_normalized_in_prior_ledger,2016-05-12,,2026-09-10,Prior appointment_evidence.csv row source_record_id=michel_temer:0:24,inherited_prior_audit_claim_not_new_verification,not_individually_retrieved_by_inventory_projection,Appointment-date claim only unless underlying assertion explicitly covers a longer interval; not a certified affiliation spell.,
LEG-8e386223a64d,person,Alberto Beltrame,Desenvolvimento Social e Agrário,michel_temer:0:25,Contemporaneous appointment roster identifies MDB.,2018-04-06,PARTY,MDB,https://noticias.uol.com.br/politica/ultimas-noticias/2018/04/10/temer-da-posse-a-novos-ministros.htm,,not_normalized_in_prior_ledger,2018-04-10,,2026-09-10,Prior appointment_evidence.csv row source_record_id=michel_temer:0:25,inherited_prior_audit_claim_not_new_verification,not_individually_retrieved_by_inventory_projection,Appointment-date claim only unless underlying assertion explicitly covers a longer interval; not a certified affiliation spell.,
LEG-43b835cc62f8,person,Leonardo Picciani,Esporte,michel_temer:0:28,Reuters appointment-day roster identifies party.,2016-05-12,PARTY,PMDB,https://noticias.uol.com.br/ultimas-noticias/reuters/2016/05/12/saiba-mais-governo-temer-anuncia-ministros.htm,,not_normalized_in_prior_ledger,2016-05-12,,2026-09-10,Prior appointment_evidence.csv row source_record_id=michel_temer:0:28,inherited_prior_audit_claim_not_new_verification,not_individually_retrieved_by_inventory_projection,Appointment-date claim only unless underlying assertion explicitly covers a longer interval; not a certified affiliation spell.,
LEG-d2b6ba0c63b5,person,Leandro Cruz Fróes da Silva,Esporte,michel_temer:0:29,Published correction reports ministerial press office statement that he was never affiliated to MDB; corroborated by IPEA 2021 NT53.,2018-04-06,UNAFFILIATED,,https://veja.abril.com.br/coluna/radar/patrocinio-de-ibaneis-para-escola-de-samba-tem-dedo-de-picciani/,,not_normalized_in_prior_ledger,2019-05-23,,2026-09-10,Prior appointment_evidence.csv row source_record_id=michel_temer:0:29,inherited_prior_audit_claim_not_new_verification,not_individually_retrieved_by_inventory_projection,Appointment-date claim only unless underlying assertion explicitly covers a longer interval; not a certified affiliation spell.,"April 2018 UOL roster MDB label denoted linkage/nomination, not formal membership; IPEA explicitly distinguishes the two."
LEG-80fb13f63f08,person,Blairo Maggi,"Agricultura, Pecuária e Abastecimento",michel_temer:0:3,Reuters appointment-day roster identifies party.,2016-05-12,PARTY,PP,https://noticias.uol.com.br/ultimas-noticias/reuters/2016/05/12/saiba-mais-governo-temer-anuncia-ministros.htm,,not_normalized_in_prior_ledger,2016-05-12,,2026-09-10,Prior appointment_evidence.csv row source_record_id=michel_temer:0:3,inherited_prior_audit_claim_not_new_verification,not_individually_retrieved_by_inventory_projection,Appointment-date claim only unless underlying assertion explicitly covers a longer interval; not a certified affiliation spell.,
LEG-aa24caf1c8cd,person,Henrique Meirelles,Fazenda e Previdência Social,michel_temer:0:30,Reuters appointment-day roster identifies party.,2016-05-12,PARTY,PSD,https://noticias.uol.com.br/ultimas-noticias/reuters/2016/05/12/saiba-mais-governo-temer-anuncia-ministros.htm,,not_normalized_in_prior_ledger,2016-05-12,,2026-09-10,Prior appointment_evidence.csv row source_record_id=michel_temer:0:30,inherited_prior_audit_claim_not_new_verification,not_individually_retrieved_by_inventory_projection,Appointment-date claim only unless underlying assertion explicitly covers a longer interval; not a certified affiliation spell.,
LEG-fbbfb4d9d59f,person,Eduardo Guardia,Fazenda e Previdência Social,michel_temer:0:31,Contemporaneous appointment roster explicitly says no party.,2018-04-06,UNAFFILIATED,,https://noticias.uol.com.br/politica/ultimas-noticias/2018/04/10/temer-da-posse-a-novos-ministros.htm,,not_normalized_in_prior_ledger,2018-04-10,,2026-09-10,Prior appointment_evidence.csv row source_record_id=michel_temer:0:31,inherited_prior_audit_claim_not_new_verification,not_individually_retrieved_by_inventory_projection,Appointment-date claim only unless underlying assertion explicitly covers a longer interval; not a certified affiliation spell.,
LEG-d4d6ed48816a,person,Helder Barbalho,Integração Nacional,michel_temer:0:32,Reuters appointment-day roster identifies party.,2016-05-12,PARTY,PMDB,https://noticias.uol.com.br/ultimas-noticias/reuters/2016/05/12/saiba-mais-governo-temer-anuncia-ministros.htm,,not_normalized_in_prior_ledger,2016-05-12,,2026-09-10,Prior appointment_evidence.csv row source_record_id=michel_temer:0:32,inherited_prior_audit_claim_not_new_verification,not_individually_retrieved_by_inventory_projection,Appointment-date claim only unless underlying assertion explicitly covers a longer interval; not a certified affiliation spell.,
LEG-8553657ff23b,person,Pádua Andrade,Integração Nacional,michel_temer:0:33,Contemporaneous rosters conflict: UOL says no party; newspaper clipping labels MDB. Individual Wikipedia biography asserts PMDB joining in2017 but statement has no clearly supporting citation; bounded follow-up did not substantiate it independently.,2018-04-10,UNRESOLVED,,https://noticias.uol.com.br/politica/ultimas-noticias/2018/04/10/temer-da-posse-a-novos-ministros.htm | https://www.gov.br/mme/pt-br/arquivos/clipping-11-04-2018.pdf/@@download/file | https://pt.wikipedia.org/w/index.php?title=P%C3%A1dua_Andrade&oldid=69441909,,not_normalized_in_prior_ledger,2018-04-10 / 2018-04-11,,2026-09-10,Prior appointment_evidence.csv row source_record_id=michel_temer:0:33,inherited_prior_audit_claim_not_new_verification,not_individually_retrieved_by_inventory_projection,Appointment-date claim only unless underlying assertion explicitly covers a longer interval; not a certified affiliation spell.,Diagnostic only: unresolved party is not an unaffiliated classification; do not use in production.
LEG-5cd7ab190ecc,person,Alexandre de Moraes,Justiça,michel_temer:0:34,Reuters appointment-day roster identifies party.,2016-05-12,PARTY,PSDB,https://noticias.uol.com.br/ultimas-noticias/reuters/2016/05/12/saiba-mais-governo-temer-anuncia-ministros.htm,,not_normalized_in_prior_ledger,2016-05-12,,2026-09-10,Prior appointment_evidence.csv row source_record_id=michel_temer:0:34,inherited_prior_audit_claim_not_new_verification,not_individually_retrieved_by_inventory_projection,Appointment-date claim only unless underlying assertion explicitly covers a longer interval; not a certified affiliation spell.,
LEG-8668ded98bde,person,José Levi,Justiça,michel_temer:0:35,Bounded name/party/filiação and contemporary appointment searches did not locate dated formal affiliation or explicit absence evidence. Blank pinned field and technical career are insufficient.,2017-02-07,UNRESOLVED,,,,not_normalized_in_prior_ledger,,,2026-09-10,Prior appointment_evidence.csv row source_record_id=michel_temer:0:35,inherited_prior_audit_claim_not_new_verification,not_individually_retrieved_by_inventory_projection,Appointment-date claim only unless underlying assertion explicitly covers a longer interval; not a certified affiliation spell.,Diagnostic only: unresolved party is not an unaffiliated classification; do not use in production.
LEG-e8ffefa1056b,person,Osmar Serraglio,Justiça,michel_temer:0:36,Appointment-day report identifies PMDB parliamentary affiliation.,2017-03-07,PARTY,PMDB,https://noticias.uol.com.br/ultimas-noticias/agencia-estado/2017/03/07/temer-nomeia-serraglio-e-aloysio-nunes-e-designa-novos-membros-para-o-conselhao.htm,,not_normalized_in_prior_ledger,2017-03-07,,2026-09-10,Prior appointment_evidence.csv row source_record_id=michel_temer:0:36,inherited_prior_audit_claim_not_new_verification,not_individually_retrieved_by_inventory_projection,Appointment-date claim only unless underlying assertion explicitly covers a longer interval; not a certified affiliation spell.,
LEG-fc6bc5c9fcd6,person,Torquato Jardim,Justiça,michel_temer:0:37,Contemporaneous new-appointment report explicitly identifies no party.,2017-05-31,UNAFFILIATED,,https://bhaz.com.br/colunas/orion-teixeira/temer-troca-ministros-de-olho-no-tse-e-na-camara-dos-deputados/,,not_normalized_in_prior_ledger,2017-05-29,,2026-09-10,Prior appointment_evidence.csv row source_record_id=michel_temer:0:37,inherited_prior_audit_claim_not_new_verification,not_individually_retrieved_by_inventory_projection,Appointment-date claim only unless underlying assertion explicitly covers a longer interval; not a certified affiliation spell.,
LEG-0e05a77ccc65,person,Sarney Filho,Meio Ambiente,michel_temer:0:38,Reuters appointment-day roster identifies party.,2016-05-12,PARTY,PV,https://noticias.uol.com.br/ultimas-noticias/reuters/2016/05/12/saiba-mais-governo-temer-anuncia-ministros.htm,,not_normalized_in_prior_ledger,2016-05-12,,2026-09-10,Prior appointment_evidence.csv row source_record_id=michel_temer:0:38,inherited_prior_audit_claim_not_new_verification,not_individually_retrieved_by_inventory_projection,Appointment-date claim only unless underlying assertion explicitly covers a longer interval; not a certified affiliation spell.,
LEG-3ef836b8a40d,person,Ilan Goldfajn,Banco Central,michel_temer:0:4,Bloomberg interview explicitly reports his statement that he had never belonged to any political party; establishes unaffiliated status backward to 2016 appointment.,2016-06-09,UNAFFILIATED,,https://gestion.pe/mundo/ilan-goldfajn-expresidente-banco-central-de-brasil-quiere-despolitizar-el-bid-noticia/,,not_normalized_in_prior_ledger,2022-11-17,,2026-09-10,Prior appointment_evidence.csv row source_record_id=michel_temer:0:4,inherited_prior_audit_claim_not_new_verification,not_individually_retrieved_by_inventory_projection,Appointment-date claim only unless underlying assertion explicitly covers a longer interval; not a certified affiliation spell.,
LEG-2f8bf5705498,person,Fernando Bezerra Coelho Filho,Minas e Energia,michel_temer:0:40,Reuters appointment-day roster identifies party.,2016-05-12,PARTY,PSB,https://noticias.uol.com.br/ultimas-noticias/reuters/2016/05/12/saiba-mais-governo-temer-anuncia-ministros.htm,,not_normalized_in_prior_ledger,2016-05-12,,2026-09-10,Prior appointment_evidence.csv row source_record_id=michel_temer:0:40,inherited_prior_audit_claim_not_new_verification,not_individually_retrieved_by_inventory_projection,Appointment-date claim only unless underlying assertion explicitly covers a longer interval; not a certified affiliation spell.,
LEG-c9ecc2f3d167,person,Moreira Franco,Minas e Energia,michel_temer:0:41,Contemporaneous appointment roster identifies MDB.,2018-04-06,PARTY,MDB,https://noticias.uol.com.br/politica/ultimas-noticias/2018/04/10/temer-da-posse-a-novos-ministros.htm,,not_normalized_in_prior_ledger,2018-04-10,,2026-09-10,Prior appointment_evidence.csv row source_record_id=michel_temer:0:41,inherited_prior_audit_claim_not_new_verification,not_individually_retrieved_by_inventory_projection,Appointment-date claim only unless underlying assertion explicitly covers a longer interval; not a certified affiliation spell.,
LEG-5584b8519f7d,person,Romero Jucá,"Planejamento, Orçamento e Gestão",michel_temer:0:42,Reuters appointment-day roster identifies party.,2016-05-12,PARTY,PMDB,https://noticias.uol.com.br/ultimas-noticias/reuters/2016/05/12/saiba-mais-governo-temer-anuncia-ministros.htm,,not_normalized_in_prior_ledger,2016-05-12,,2026-09-10,Prior appointment_evidence.csv row source_record_id=michel_temer:0:42,inherited_prior_audit_claim_not_new_verification,not_individually_retrieved_by_inventory_projection,Appointment-date claim only unless underlying assertion explicitly covers a longer interval; not a certified affiliation spell.,
LEG-e96dc186b8a7,person,Dyogo Oliveira,"Planejamento, Orçamento e Gestão",michel_temer:0:43,Contemporaneous DIAP cabinet directory explicitly identifies no party.,2016-05-23,UNAFFILIATED,,https://www.diap.org.br/index.php/publicacoes/send/61-boletim-do-diap/892-boletim-do-diap-numero-299-maio-de-2016,,not_normalized_in_prior_ledger,2016-05/2016-06,,2026-09-10,Prior appointment_evidence.csv row source_record_id=michel_temer:0:43,inherited_prior_audit_claim_not_new_verification,not_individually_retrieved_by_inventory_projection,Appointment-date claim only unless underlying assertion explicitly covers a longer interval; not a certified affiliation spell.,
LEG-d0da31186ebc,person,Esteves Colnago,"Planejamento, Orçamento e Gestão",michel_temer:0:44,"April UOL roster says MDB, July UOL roster says no party; actual affiliation versus political nomination not resolved.",2018-04-10,UNRESOLVED,,https://noticias.uol.com.br/politica/ultimas-noticias/2018/04/10/temer-da-posse-a-novos-ministros.htm | https://noticias.uol.com.br/politica/ultimas-noticias/2018/07/11/a-menos-de-seis-meses-de-fim-do-governo-temer-tem-58-ministro.htm,,not_normalized_in_prior_ledger,2018-04-10 / 2018-07-11,,2026-09-10,Prior appointment_evidence.csv row source_record_id=michel_temer:0:44,inherited_prior_audit_claim_not_new_verification,not_individually_retrieved_by_inventory_projection,Appointment-date claim only unless underlying assertion explicitly covers a longer interval; not a certified affiliation spell.,Diagnostic only: unresolved party is not an unaffiliated classification; do not use in production.
LEG-576bc18c4ce8,person,José Serra,Relações Exteriores,michel_temer:0:45,Reuters appointment-day roster identifies party.,2016-05-12,PARTY,PSDB,https://noticias.uol.com.br/ultimas-noticias/reuters/2016/05/12/saiba-mais-governo-temer-anuncia-ministros.htm,,not_normalized_in_prior_ledger,2016-05-12,,2026-09-10,Prior appointment_evidence.csv row source_record_id=michel_temer:0:45,inherited_prior_audit_claim_not_new_verification,not_individually_retrieved_by_inventory_projection,Appointment-date claim only unless underlying assertion explicitly covers a longer interval; not a certified affiliation spell.,
LEG-5932ad93e7d8,person,Marcos Galvão,Relações Exteriores,michel_temer:0:46,Bounded name/party/filiação and contemporary appointment searches did not locate dated formal affiliation or explicit absence evidence. Blank pinned field and technical career are insufficient.,2017-02-22,UNRESOLVED,,,,not_normalized_in_prior_ledger,,,2026-09-10,Prior appointment_evidence.csv row source_record_id=michel_temer:0:46,inherited_prior_audit_claim_not_new_verification,not_individually_retrieved_by_inventory_projection,Appointment-date claim only unless underlying assertion explicitly covers a longer interval; not a certified affiliation spell.,Diagnostic only: unresolved party is not an unaffiliated classification; do not use in production.
LEG-a7368f6c8a7a,person,Aloysio Nunes,Relações Exteriores,michel_temer:0:47,Appointment-day report identifies PSDB parliamentary affiliation.,2017-03-07,PARTY,PSDB,https://noticias.uol.com.br/ultimas-noticias/agencia-estado/2017/03/07/temer-nomeia-serraglio-e-aloysio-nunes-e-designa-novos-membros-para-o-conselhao.htm,,not_normalized_in_prior_ledger,2017-03-07,,2026-09-10,Prior appointment_evidence.csv row source_record_id=michel_temer:0:47,inherited_prior_audit_claim_not_new_verification,not_individually_retrieved_by_inventory_projection,Appointment-date claim only unless underlying assertion explicitly covers a longer interval; not a certified affiliation spell.,
LEG-7f67dc077f97,person,Ricardo Barros,Saúde,michel_temer:0:48,Reuters appointment-day roster identifies party.,2016-05-12,PARTY,PP,https://noticias.uol.com.br/ultimas-noticias/reuters/2016/05/12/saiba-mais-governo-temer-anuncia-ministros.htm,,not_normalized_in_prior_ledger,2016-05-12,,2026-09-10,Prior appointment_evidence.csv row source_record_id=michel_temer:0:48,inherited_prior_audit_claim_not_new_verification,not_individually_retrieved_by_inventory_projection,Appointment-date claim only unless underlying assertion explicitly covers a longer interval; not a certified affiliation spell.,
LEG-38ee851b91b5,person,Gilberto Occhi,Saúde,michel_temer:0:49,Appointment-day report identifies PP; April28 A União explicitly confirms individual PP membership.,2018-04-02,PARTY,PP,https://www.polemicaparaiba.com.br/polemicas/em-posse-de-novos-ministros-temer-nao-menciona-prisoes-de-amigos/ | https://auniao.pb.gov.br/servicos/copy_of_jornal-a-uniao/2018/abril/a-uniao-28-04-2018/@@download/file/Jornal%20em%20PDF%2028-04-18.pdf,,not_normalized_in_prior_ledger,2018-04-02 / 2018-04-28,,2026-09-10,Prior appointment_evidence.csv row source_record_id=michel_temer:0:49,inherited_prior_audit_claim_not_new_verification,not_individually_retrieved_by_inventory_projection,Appointment-date claim only unless underlying assertion explicitly covers a longer interval; not a certified affiliation spell.,
LEG-f764ca51f313,person,Eliseu Padilha,Casa Civil,michel_temer:0:5,Reuters appointment-day roster identifies party.,2016-05-12,PARTY,PMDB,https://noticias.uol.com.br/ultimas-noticias/reuters/2016/05/12/saiba-mais-governo-temer-anuncia-ministros.htm,,not_normalized_in_prior_ledger,2016-05-12,,2026-09-10,Prior appointment_evidence.csv row source_record_id=michel_temer:0:5,inherited_prior_audit_claim_not_new_verification,not_individually_retrieved_by_inventory_projection,Appointment-date claim only unless underlying assertion explicitly covers a longer interval; not a certified affiliation spell.,
LEG-79c599cac5ac,person,Moreira Franco,Secretaria-Geral,michel_temer:0:53,Appointment-day report identifies PMDB leader.,2017-02-03,PARTY,PMDB,https://noticias.uol.com.br/politica/ultimas-noticias/2017/02/03/temer-oficializa-quatro-novos-ministerios-e-moreira-ganha-foro-privilegiado.htm,,not_normalized_in_prior_ledger,2017-02-03,,2026-09-10,Prior appointment_evidence.csv row source_record_id=michel_temer:0:53,inherited_prior_audit_claim_not_new_verification,not_individually_retrieved_by_inventory_projection,Appointment-date claim only unless underlying assertion explicitly covers a longer interval; not a certified affiliation spell.,
LEG-f0e3878b0b42,person,Ronaldo Fonseca,Secretaria-Geral,michel_temer:0:55,Official party notice ends affiliation four days before ministerial appointment.,2018-05-28,UNAFFILIATED,,https://www.podemos.org.br/podemos-desfilia-deputado-federal-ronaldo-fonseca-df/,,not_normalized_in_prior_ledger,2018-05-24,,2026-09-10,Prior appointment_evidence.csv row source_record_id=michel_temer:0:55,inherited_prior_audit_claim_not_new_verification,not_individually_retrieved_by_inventory_projection,Appointment-date claim only unless underlying assertion explicitly covers a longer interval; not a certified affiliation spell.,
LEG-8259181f231d,person,Sérgio Etchegoyen,Gabinete de Segurança Institucional,michel_temer:0:56,Contemporaneous DIAP cabinet directory explicitly identifies no party.,2016-05-12,UNAFFILIATED,,https://www.diap.org.br/index.php/publicacoes/send/61-boletim-do-diap/892-boletim-do-diap-numero-299-maio-de-2016,,not_normalized_in_prior_ledger,2016-05/2016-06,,2026-09-10,Prior appointment_evidence.csv row source_record_id=michel_temer:0:56,inherited_prior_audit_claim_not_new_verification,not_individually_retrieved_by_inventory_projection,Appointment-date claim only unless underlying assertion explicitly covers a longer interval; not a certified affiliation spell.,
LEG-9fcbb2439062,person,Ronaldo Nogueira,Trabalho,michel_temer:0:57,Reuters appointment-day roster identifies party.,2016-05-12,PARTY,PTB,https://noticias.uol.com.br/ultimas-noticias/reuters/2016/05/12/saiba-mais-governo-temer-anuncia-ministros.htm,,not_normalized_in_prior_ledger,2016-05-12,,2026-09-10,Prior appointment_evidence.csv row source_record_id=michel_temer:0:57,inherited_prior_audit_claim_not_new_verification,not_individually_retrieved_by_inventory_projection,Appointment-date claim only unless underlying assertion explicitly covers a longer interval; not a certified affiliation spell.,
LEG-03cf04d9b8ec,person,Helton Yomura,Trabalho,michel_temer:0:59,Dated profile establishes PTB membership from December 2014; spans January 2018 appointment.,2018-01-01,PARTY,PTB,https://www.metropoles.com/brasil/politica-brasil/interino-assumira-ministerio-no-lugar-de-cristiane-brasil-diz-site,,not_normalized_in_prior_ledger,2018-02-20,,2026-09-10,Prior appointment_evidence.csv row source_record_id=michel_temer:0:59,inherited_prior_audit_claim_not_new_verification,not_individually_retrieved_by_inventory_projection,Appointment-date claim only unless underlying assertion explicitly covers a longer interval; not a certified affiliation spell.,
LEG-24485aa54403,person,Bruno Araújo,Cidades,michel_temer:0:6,Reuters appointment-day roster identifies party.,2016-05-12,PARTY,PSDB,https://noticias.uol.com.br/ultimas-noticias/reuters/2016/05/12/saiba-mais-governo-temer-anuncia-ministros.htm,,not_normalized_in_prior_ledger,2016-05-12,,2026-09-10,Prior appointment_evidence.csv row source_record_id=michel_temer:0:6,inherited_prior_audit_claim_not_new_verification,not_individually_retrieved_by_inventory_projection,Appointment-date claim only unless underlying assertion explicitly covers a longer interval; not a certified affiliation spell.,
LEG-2fc1de1192dc,person,Caio Vieira de Mello,Trabalho,michel_temer:0:60,Next-day appointment reporting explicitly identifies no party.,2018-07-10,UNAFFILIATED,,https://noticias.uol.com.br/politica/ultimas-noticias/2018/07/11/a-menos-de-seis-meses-de-fim-do-governo-temer-tem-58-ministro.htm,,not_normalized_in_prior_ledger,2018-07-11,,2026-09-10,Prior appointment_evidence.csv row source_record_id=michel_temer:0:60,inherited_prior_audit_claim_not_new_verification,not_individually_retrieved_by_inventory_projection,Appointment-date claim only unless underlying assertion explicitly covers a longer interval; not a certified affiliation spell.,
LEG-149db8d513f8,person,Maurício Quintella Lessa,"Transportes, Portos e Aviação Civil",michel_temer:0:61,Reuters appointment-day roster identifies party.,2016-05-12,PARTY,PR,https://noticias.uol.com.br/ultimas-noticias/reuters/2016/05/12/saiba-mais-governo-temer-anuncia-ministros.htm,,not_normalized_in_prior_ledger,2016-05-12,,2026-09-10,Prior appointment_evidence.csv row source_record_id=michel_temer:0:61,inherited_prior_audit_claim_not_new_verification,not_individually_retrieved_by_inventory_projection,Appointment-date claim only unless underlying assertion explicitly covers a longer interval; not a certified affiliation spell.,
LEG-1b538294c425,person,Valter Casimiro Silveira,"Transportes, Portos e Aviação Civil",michel_temer:0:62,"Later roster says no party; appointment reporting describes PR nomination. Nomination is not formal affiliation, and July status alone is not April start evidence.",2018-04-02,UNRESOLVED,,https://noticias.uol.com.br/politica/ultimas-noticias/2018/07/11/a-menos-de-seis-meses-de-fim-do-governo-temer-tem-58-ministro.htm,,not_normalized_in_prior_ledger,2018-07-11,,2026-09-10,Prior appointment_evidence.csv row source_record_id=michel_temer:0:62,inherited_prior_audit_claim_not_new_verification,not_individually_retrieved_by_inventory_projection,Appointment-date claim only unless underlying assertion explicitly covers a longer interval; not a certified affiliation spell.,Diagnostic only: unresolved party is not an unaffiliated classification; do not use in production.
LEG-0ac27f4dceb2,person,Henrique Eduardo Alves,Turismo,michel_temer:0:63,Reuters appointment-day roster identifies party.,2016-05-12,PARTY,PMDB,https://noticias.uol.com.br/ultimas-noticias/reuters/2016/05/12/saiba-mais-governo-temer-anuncia-ministros.htm,,not_normalized_in_prior_ledger,2016-05-12,,2026-09-10,Prior appointment_evidence.csv row source_record_id=michel_temer:0:63,inherited_prior_audit_claim_not_new_verification,not_individually_retrieved_by_inventory_projection,Appointment-date claim only unless underlying assertion explicitly covers a longer interval; not a certified affiliation spell.,
LEG-b9d4dcb53939,person,Alberto Alves,Turismo,michel_temer:0:64,Appointment profile describes PMDB nomination and technical credentials but does not establish formal affiliation. Applies separately to both Dilma and Temer appointment records.,2016-06-17,UNRESOLVED,,https://carf.economia.gov.br/acesso-a-informacao/imprensa/marco-2016/30_03_2016.pdf,,not_normalized_in_prior_ledger,2016-03-30,,2026-09-10,Prior appointment_evidence.csv row source_record_id=michel_temer:0:64,inherited_prior_audit_claim_not_new_verification,not_individually_retrieved_by_inventory_projection,Appointment-date claim only unless underlying assertion explicitly covers a longer interval; not a certified affiliation spell.,Diagnostic only: unresolved party is not an unaffiliated classification; do not use in production.
LEG-989e2fecd8ae,person,Marx Beltrão,Turismo,michel_temer:0:65,Contemporaneous appointment announcement identifies PMDB.,2016-10-05,PARTY,PMDB,https://noticias.uol.com.br/ultimas-noticias/agencia-estado/2016/10/04/temer-nomeara-amanha-marx-beltrao-como-ministro-do-turismo-dizem-maia-e-rossi.htm,,not_normalized_in_prior_ledger,2016-10-04,,2026-09-10,Prior appointment_evidence.csv row source_record_id=michel_temer:0:65,inherited_prior_audit_claim_not_new_verification,not_individually_retrieved_by_inventory_projection,Appointment-date claim only unless underlying assertion explicitly covers a longer interval; not a certified affiliation spell.,
LEG-8174e12a8374,person,Vinicius Lummertz,Turismo,michel_temer:0:66,Contemporaneous roster labels conflict between no party and MDB; later2019 explicit MDB affiliation does not by itself establish appointment-date continuity.,2018-04-10,UNRESOLVED,,https://noticias.uol.com.br/politica/ultimas-noticias/2018/04/10/temer-da-posse-a-novos-ministros.htm | https://www.gov.br/mme/pt-br/arquivos/clipping-11-04-2018.pdf/@@download/file,,not_normalized_in_prior_ledger,2018-04-10 / 2018-04-11,,2026-09-10,Prior appointment_evidence.csv row source_record_id=michel_temer:0:66,inherited_prior_audit_claim_not_new_verification,not_individually_retrieved_by_inventory_projection,Appointment-date claim only unless underlying assertion explicitly covers a longer interval; not a certified affiliation spell.,Diagnostic only: unresolved party is not an unaffiliated classification; do not use in production.
LEG-65320282090a,person,Raul Jungmann,Segurança Pública,michel_temer:0:67,Appointment-day report identifies PPS; departure from PPS on March 21 was subsequent.,2018-02-27,PARTY,PPS,https://veja.abril.com.br/politica/em-posse-jungmann-critica-quem-consome-drogas-e-pede-seguranca/,,not_normalized_in_prior_ledger,2018-02-27,,2026-09-10,Prior appointment_evidence.csv row source_record_id=michel_temer:0:67,inherited_prior_audit_claim_not_new_verification,not_individually_retrieved_by_inventory_projection,Appointment-date claim only unless underlying assertion explicitly covers a longer interval; not a certified affiliation spell.,
LEG-5bb831c94f66,person,Marco Aurélio de Queiroz Campos,Cidades,michel_temer:0:7,Bounded name/party/filiação and contemporary appointment searches did not locate dated formal affiliation or explicit absence evidence. Blank pinned field and technical career are insufficient.,2017-11-13,UNRESOLVED,,,,not_normalized_in_prior_ledger,,,2026-09-10,Prior appointment_evidence.csv row source_record_id=michel_temer:0:7,inherited_prior_audit_claim_not_new_verification,not_individually_retrieved_by_inventory_projection,Appointment-date claim only unless underlying assertion explicitly covers a longer interval; not a certified affiliation spell.,Diagnostic only: unresolved party is not an unaffiliated classification; do not use in production.
LEG-f3dd9541904a,person,Alexandre Baldy,Cidades,michel_temer:0:8,Agência Brasil appointment-day report explicitly says unaffiliated after leaving Podemos; PP membership prospective.,2017-11-22,UNAFFILIATED,,https://exame.com/brasil/nomeacao-de-baldy-para-cidades-e-publicada-no-diario-oficial/,,not_normalized_in_prior_ledger,2017-11-22,,2026-09-10,Prior appointment_evidence.csv row source_record_id=michel_temer:0:8,inherited_prior_audit_claim_not_new_verification,not_individually_retrieved_by_inventory_projection,Appointment-date claim only unless underlying assertion explicitly covers a longer interval; not a certified affiliation spell.,
LEG-9c027191b36e,person,Gilberto Kassab,"Ciência, Tecnologia, Inovações e Comunicações",michel_temer:0:9,Reuters appointment-day roster identifies party.,2016-05-12,PARTY,PSD,https://noticias.uol.com.br/ultimas-noticias/reuters/2016/05/12/saiba-mais-governo-temer-anuncia-ministros.htm,,not_normalized_in_prior_ledger,2016-05-12,,2026-09-10,Prior appointment_evidence.csv row source_record_id=michel_temer:0:9,inherited_prior_audit_claim_not_new_verification,not_individually_retrieved_by_inventory_projection,Appointment-date claim only unless underlying assertion explicitly covers a longer interval; not a certified affiliation spell.,
