legacy_assertion_id,source_record_id,government_id,person_raw,office_raw,legacy_start,legacy_end_inclusive,legacy_appointment_date,prior_status,prior_party,prior_assignment,prior_evidence_date_raw,prior_evidence_note,contemporaneous_tenure_certified,officeholding_coverage,affiliation_temporal_coverage,composition_completeness,missing_possibilities,required_work
LEG-6acbef0c8e72,dilma_rousseff:1:1,dilma_2,Luís Inácio Adams,Advocacia-Geral da União,2015-01-01,2016-03-03,2015-01-01,UNAFFILIATED,,,2015-01,DIAP January 2015 ministerial directory explicitly reports individual party affiliation.,False,not_certified,needs_in_tenure_review,not_determined_from_this_record,unspecified_until_evidence_review,Validate legal office/service interval; inspect cited status scope; search in-tenure changes and contradictions; merge person aliases across appointments.
LEG-7a1f7e7148d0,dilma_rousseff:1:10,dilma_2,Guilherme Walder Mora Ramalho,Secretaria de Aviação Civil,2016-04-18,2016-05-11,2016-04-18,UNRESOLVED,,,,Bounded name/party/filiação and contemporary appointment searches did not locate dated formal affiliation or explicit absence evidence. Blank pinned field and technical career are insufficient.,False,not_certified,unresolved_at_legacy_start,not_determined_from_this_record,unspecified_until_evidence_review,Validate legal office/service interval; inspect cited status scope; search in-tenure changes and contradictions; merge person aliases across appointments.
LEG-3a3bd99ec9c2,dilma_rousseff:1:11,dilma_2,Alexandre Tombini,Presidente do Banco Central do Brasil,2015-01-01,2016-05-11,2015-01-01,UNAFFILIATED,,,2015-01,DIAP January 2015 ministerial directory explicitly reports individual party affiliation.,False,not_certified,needs_in_tenure_review,not_determined_from_this_record,unspecified_until_evidence_review,Validate legal office/service interval; inspect cited status scope; search in-tenure changes and contradictions; merge person aliases across appointments.
LEG-d255b4dea116,dilma_rousseff:1:12,dilma_2,Aloizio Mercadante,Casa Civil,2015-01-01,2015-10-02,2015-01-01,PARTY,PT,PT,2015-01,DIAP January 2015 ministerial directory explicitly reports individual party affiliation.,False,not_certified,needs_in_tenure_review,not_determined_from_this_record,unspecified_until_evidence_review,Validate legal office/service interval; inspect cited status scope; search in-tenure changes and contradictions; merge person aliases across appointments.
LEG-8fea2cf59c34,dilma_rousseff:1:13,dilma_2,Jaques Wagner,Casa Civil,2015-10-02,2016-03-16,2015-10-02,PARTY,PT,PT,2015-10-02,Contemporaneous reform roster explicitly identifies party or no affiliation.,False,not_certified,needs_in_tenure_review,not_determined_from_this_record,unspecified_until_evidence_review,Validate legal office/service interval; inspect cited status scope; search in-tenure changes and contradictions; merge person aliases across appointments.
LEG-f7165c075478,dilma_rousseff:1:15,dilma_2,Eva Chiavon,Casa Civil,2016-03-22,2016-05-11,2016-03-22,PARTY,PT,PT,2016-03-22,Appointment-day profile identifies her as PT member.,False,not_certified,needs_in_tenure_review,not_determined_from_this_record,unspecified_until_evidence_review,Validate legal office/service interval; inspect cited status scope; search in-tenure changes and contradictions; merge person aliases across appointments.
LEG-9551d742d972,dilma_rousseff:1:16,dilma_2,Aldo Rebelo,"Ministério da Ciência, Tecnologia e Inovação",2015-01-01,2015-10-02,2015-01-01,PARTY,PCdoB,PCdoB,2015-01,DIAP January 2015 ministerial directory explicitly reports individual party affiliation.,False,not_certified,needs_in_tenure_review,not_determined_from_this_record,unspecified_until_evidence_review,Validate legal office/service interval; inspect cited status scope; search in-tenure changes and contradictions; merge person aliases across appointments.
LEG-c63d31861f21,dilma_rousseff:1:17,dilma_2,Celso Pansera,"Ministério da Ciência, Tecnologia e Inovação",2015-10-02,2016-04-14,2015-10-02,PARTY,PMDB,MDB,2015-10-02,Contemporaneous reform roster explicitly identifies party or no affiliation.,False,not_certified,needs_in_tenure_review,not_determined_from_this_record,unspecified_until_evidence_review,Validate legal office/service interval; inspect cited status scope; search in-tenure changes and contradictions; merge person aliases across appointments.
LEG-3adefb71d2bc,dilma_rousseff:1:18,dilma_2,Emília Maria Silva Ribeiro Curi,"Ministério da Ciência, Tecnologia e Inovação",2016-04-14,2016-05-11,2016-04-14,UNRESOLVED,,,,Bounded name/party/filiação and contemporary appointment searches did not locate dated formal affiliation or explicit absence evidence. Blank pinned field and technical career are insufficient.,False,not_certified,unresolved_at_legacy_start,not_determined_from_this_record,unspecified_until_evidence_review,Validate legal office/service interval; inspect cited status scope; search in-tenure changes and contradictions; merge person aliases across appointments.
LEG-79221ce8a4c6,dilma_rousseff:1:19,dilma_2,Gilberto Kassab,Ministério das Cidades,2015-01-01,2016-04-15,2015-01-01,PARTY,PSD,PSD,2015-01,DIAP January 2015 ministerial directory explicitly reports individual party affiliation.,False,not_certified,needs_in_tenure_review,not_determined_from_this_record,unspecified_until_evidence_review,Validate legal office/service interval; inspect cited status scope; search in-tenure changes and contradictions; merge person aliases across appointments.
LEG-6eb6d5643016,dilma_rousseff:1:2,dilma_2,José Eduardo Cardozo,Advocacia-Geral da União,2016-03-03,2016-05-11,2016-03-03,PARTY,PT,PT,2016-03-03,Agência Brasil appointment-day biography explicitly states PT affiliation since the 1980s.,False,not_certified,needs_in_tenure_review,not_determined_from_this_record,unspecified_until_evidence_review,Validate legal office/service interval; inspect cited status scope; search in-tenure changes and contradictions; merge person aliases across appointments.
LEG-c8ef1de4a884,dilma_rousseff:1:20,dilma_2,Inês da Silva Magalhães,Ministério das Cidades,2016-04-15,2016-05-11,2016-04-15,PARTY,PT,,2010-11-24 / 2019,"Dated reporting explicitly establishes PT membership before appointment; retrospective ministerial chronology Table32 p171 identifies PT for her2016 tenure, citing Ministry of Regional Development2019.",False,not_certified,needs_in_tenure_review,not_determined_from_this_record,unspecified_until_evidence_review,Validate legal office/service interval; inspect cited status scope; search in-tenure changes and contradictions; merge person aliases across appointments.
LEG-645dc7ca47f1,dilma_rousseff:1:21,dilma_2,Thomas Traumann,Secretaria de Comunicação Social,2015-01-01,2015-03-25,2015-01-01,UNAFFILIATED,,PSD,2015-01,DIAP January 2015 ministerial directory explicitly reports individual party affiliation.,False,not_certified,needs_in_tenure_review,not_determined_from_this_record,unspecified_until_evidence_review,Validate legal office/service interval; inspect cited status scope; search in-tenure changes and contradictions; merge person aliases across appointments.
LEG-89bba1651520,dilma_rousseff:1:22,dilma_2,Edinho Silva,Secretaria de Comunicação Social,2015-03-31,2016-05-11,2015-03-31,PARTY,PT,PT,2015-03-27,PT identified in appointment announcement for March 31.,False,not_certified,needs_in_tenure_review,not_determined_from_this_record,unspecified_until_evidence_review,Validate legal office/service interval; inspect cited status scope; search in-tenure changes and contradictions; merge person aliases across appointments.
LEG-a0ba08a78c10,dilma_rousseff:1:23,dilma_2,Ricardo Berzoini,Ministério das Comunicações,2015-01-01,2015-10-02,2015-01-01,PARTY,PT,PT,2015-01,DIAP January 2015 ministerial directory explicitly reports individual party affiliation.,False,not_certified,needs_in_tenure_review,not_determined_from_this_record,unspecified_until_evidence_review,Validate legal office/service interval; inspect cited status scope; search in-tenure changes and contradictions; merge person aliases across appointments.
LEG-86c922df0c71,dilma_rousseff:1:24,dilma_2,André Figueiredo,Ministério das Comunicações,2015-10-02,2016-05-11,2015-10-02,PARTY,PDT,PDT,2015-10-02,Contemporaneous reform roster explicitly identifies party or no affiliation.,False,not_certified,needs_in_tenure_review,not_determined_from_this_record,unspecified_until_evidence_review,Validate legal office/service interval; inspect cited status scope; search in-tenure changes and contradictions; merge person aliases across appointments.
LEG-8a829ddf0700,dilma_rousseff:1:25,dilma_2,Valdir Moysés Simão,Controladoria-Geral da União,2015-01-01,2015-12-21,2015-01-01,UNAFFILIATED,,,2015-01,DIAP January 2015 ministerial directory explicitly reports individual party affiliation.,False,not_certified,needs_in_tenure_review,not_determined_from_this_record,unspecified_until_evidence_review,Validate legal office/service interval; inspect cited status scope; search in-tenure changes and contradictions; merge person aliases across appointments.
LEG-f1564ca79a01,dilma_rousseff:1:26,dilma_2,Carlos Higino Ribeiro de Alencar,Controladoria-Geral da União,2015-12-21,2016-02-29,2015-12-21,UNAFFILIATED,,,2016-12,"Gomes, Revista da CGU 8(13), Table 3 p464 and historical membership index pp471-472 explicitly report no affiliation for the 2003-2016 period; direct study of official records, LAI and biographical data.",False,not_certified,needs_in_tenure_review,not_determined_from_this_record,unspecified_until_evidence_review,Validate legal office/service interval; inspect cited status scope; search in-tenure changes and contradictions; merge person aliases across appointments.
LEG-27767c7555e1,dilma_rousseff:1:27,dilma_2,Luiz Navarro de Britto,Controladoria-Geral da União,2016-02-29,2016-05-11,2016-02-29,UNAFFILIATED,,,2016-12,"Gomes, Revista da CGU 8(13), Table 3 p464 and historical membership index pp471-472 explicitly report no affiliation for the 2003-2016 period; direct study of official records, LAI and biographical data.",False,not_certified,needs_in_tenure_review,not_determined_from_this_record,unspecified_until_evidence_review,Validate legal office/service interval; inspect cited status scope; search in-tenure changes and contradictions; merge person aliases across appointments.
LEG-e0ac31b0f981,dilma_rousseff:1:28,dilma_2,Juca Ferreira,Ministério da Cultura,2015-01-01,2016-05-11,2015-01-01,PARTY,PT,PT,2015-01,DIAP January 2015 ministerial directory explicitly reports individual party affiliation.,False,not_certified,needs_in_tenure_review,not_determined_from_this_record,unspecified_until_evidence_review,Validate legal office/service interval; inspect cited status scope; search in-tenure changes and contradictions; merge person aliases across appointments.
LEG-d44eb314acd9,dilma_rousseff:1:29,dilma_2,Jaques Wagner,Ministério da Defesa,2015-01-01,2015-10-02,2015-01-01,PARTY,PT,PT,2015-01,DIAP January 2015 ministerial directory explicitly reports individual party affiliation.,False,not_certified,needs_in_tenure_review,not_determined_from_this_record,unspecified_until_evidence_review,Validate legal office/service interval; inspect cited status scope; search in-tenure changes and contradictions; merge person aliases across appointments.
LEG-bbe559c76692,dilma_rousseff:1:3,dilma_2,Kátia Abreu,"Ministério da Agricultura, Pecuária e Abastecimento",2015-01-01,2016-05-11,2015-01-01,PARTY,PMDB,MDB,2015-01,DIAP January 2015 ministerial directory explicitly reports individual party affiliation.,False,not_certified,needs_in_tenure_review,not_determined_from_this_record,unspecified_until_evidence_review,Validate legal office/service interval; inspect cited status scope; search in-tenure changes and contradictions; merge person aliases across appointments.
LEG-bada6905fc7f,dilma_rousseff:1:30,dilma_2,Aldo Rebelo,Ministério da Defesa,2015-10-02,2016-05-11,2015-10-02,PARTY,PCdoB,PCdoB,2015-10-02,Contemporaneous reform roster explicitly identifies party or no affiliation.,False,not_certified,needs_in_tenure_review,not_determined_from_this_record,unspecified_until_evidence_review,Validate legal office/service interval; inspect cited status scope; search in-tenure changes and contradictions; merge person aliases across appointments.
LEG-9fb226a0f1d8,dilma_rousseff:1:31,dilma_2,Patrus Ananias,Ministério do Desenvolvimento Agrário,2015-01-01,2016-04-14,2015-01-01,PARTY,PT,PT,2015-01,DIAP January 2015 ministerial directory explicitly reports individual party affiliation.,False,not_certified,needs_in_tenure_review,not_determined_from_this_record,unspecified_until_evidence_review,Validate legal office/service interval; inspect cited status scope; search in-tenure changes and contradictions; merge person aliases across appointments.
LEG-4e35512833d0,dilma_rousseff:1:32,dilma_2,Maria Fernanda Ramos Coelho,Ministério do Desenvolvimento Agrário,2016-04-14,2016-04-19,2016-04-14,UNRESOLVED,,,2007-10-24 / 2011-03-25,Explicit earlier PT membership is documented; the bounded search did not establish continuity to April2016. Raw blank must not be treated as verified no-party.,False,not_certified,unresolved_at_legacy_start,not_determined_from_this_record,unspecified_until_evidence_review,Validate legal office/service interval; inspect cited status scope; search in-tenure changes and contradictions; merge person aliases across appointments.
LEG-42ef15a41df1,dilma_rousseff:1:33,dilma_2,Patrus Ananias,Ministério do Desenvolvimento Agrário,2016-04-19,2016-05-11,2016-04-19,PARTY,PT,PT,2016-04-19,Chamber historical mandate and leave records identify PT mandate and fresh ministerial leave on April 19.,False,not_certified,needs_in_tenure_review,not_determined_from_this_record,unspecified_until_evidence_review,Validate legal office/service interval; inspect cited status scope; search in-tenure changes and contradictions; merge person aliases across appointments.
LEG-ba4b75fca9f5,dilma_rousseff:1:34,dilma_2,Armando Monteiro,"Ministério do Desenvolvimento, Indústria e Comércio Exterior",2015-01-01,2016-05-11,2015-01-01,PARTY,PTB,PTB,2015-01,DIAP January 2015 ministerial directory explicitly reports individual party affiliation.,False,not_certified,needs_in_tenure_review,not_determined_from_this_record,unspecified_until_evidence_review,Validate legal office/service interval; inspect cited status scope; search in-tenure changes and contradictions; merge person aliases across appointments.
LEG-af4dca441a45,dilma_rousseff:1:35,dilma_2,Tereza Campello,Ministério do Desenvolvimento Social e Combate à Fome,2015-01-01,2016-05-11,2015-01-01,PARTY,PT,PT,2015-01,DIAP January 2015 ministerial directory explicitly reports individual party affiliation.,False,not_certified,needs_in_tenure_review,not_determined_from_this_record,unspecified_until_evidence_review,Validate legal office/service interval; inspect cited status scope; search in-tenure changes and contradictions; merge person aliases across appointments.
LEG-d13b06a2d6ea,dilma_rousseff:1:36,dilma_2,Ideli Salvatti,Secretaria de Direitos Humanos,2015-01-01,2015-04-16,2015-01-01,PARTY,PT,PT,2015-01,DIAP January 2015 ministerial directory explicitly reports individual party affiliation.,False,not_certified,needs_in_tenure_review,not_determined_from_this_record,unspecified_until_evidence_review,Validate legal office/service interval; inspect cited status scope; search in-tenure changes and contradictions; merge person aliases across appointments.
LEG-b81907f65c5f,dilma_rousseff:1:37,dilma_2,Pepe Vargas,Secretaria de Direitos Humanos,2015-04-16,2015-10-02,2015-04-16,PARTY,PT,PT,2015-04-16,Government appointment biography reports PT membership since 1981.,False,not_certified,needs_in_tenure_review,not_determined_from_this_record,unspecified_until_evidence_review,Validate legal office/service interval; inspect cited status scope; search in-tenure changes and contradictions; merge person aliases across appointments.
LEG-bcc69be0973d,dilma_rousseff:1:38,dilma_2,Nilma Lino Gomes,Secretaria de Direitos Humanos,2015-10-02,2016-05-11,2015-10-02,UNAFFILIATED,,,2015-10-02,Contemporaneous reform roster explicitly identifies party or no affiliation.,False,not_certified,needs_in_tenure_review,not_determined_from_this_record,unspecified_until_evidence_review,Validate legal office/service interval; inspect cited status scope; search in-tenure changes and contradictions; merge person aliases across appointments.
LEG-8702e7355c32,dilma_rousseff:1:39,dilma_2,Cid Gomes,Ministério da Educação,2015-01-01,2015-03-18,2015-01-01,PARTY,PROS,PDT,2015-01,DIAP January 2015 ministerial directory explicitly reports individual party affiliation.,False,not_certified,needs_in_tenure_review,not_determined_from_this_record,unspecified_until_evidence_review,Validate legal office/service interval; inspect cited status scope; search in-tenure changes and contradictions; merge person aliases across appointments.
LEG-165ae748c303,dilma_rousseff:1:4,dilma_2,Marcelo Neri,Secretaria de Assuntos Estratégicos,2015-01-01,2015-02-05,2015-01-01,UNAFFILIATED,,,2015-01,DIAP January 2015 ministerial directory explicitly reports individual party affiliation.,False,not_certified,needs_in_tenure_review,not_determined_from_this_record,unspecified_until_evidence_review,Validate legal office/service interval; inspect cited status scope; search in-tenure changes and contradictions; merge person aliases across appointments.
LEG-71604753d832,dilma_rousseff:1:40,dilma_2,Luiz Cláudio Costa,Ministério da Educação,2015-03-18,2015-04-06,2015-03-18,UNRESOLVED,,,2012-02-07 / 2015-05-26,"Explicit PT membership in 2012 and party-event participation in May2015 suggest PT, but no direct evidence establishes uninterrupted formal membership at March2015 start. Raw blank is unsafe.",False,not_certified,unresolved_at_legacy_start,not_determined_from_this_record,unspecified_until_evidence_review,Validate legal office/service interval; inspect cited status scope; search in-tenure changes and contradictions; merge person aliases across appointments.
LEG-5819c21b71da,dilma_rousseff:1:41,dilma_2,Renato Janine Ribeiro,Ministério da Educação,2015-04-06,2015-09-30,2015-04-06,UNAFFILIATED,,,2015-06-15,In contemporaneous interview minister says he has never belonged to any party; applies backward to April appointment.,False,not_certified,needs_in_tenure_review,not_determined_from_this_record,unspecified_until_evidence_review,Validate legal office/service interval; inspect cited status scope; search in-tenure changes and contradictions; merge person aliases across appointments.
LEG-85841e849f8e,dilma_rousseff:1:42,dilma_2,Aloizio Mercadante,Ministério da Educação,2015-10-02,2016-05-11,2015-10-02,PARTY,PT,PT,2015-10-02,Contemporaneous reform roster explicitly identifies party or no affiliation.,False,not_certified,needs_in_tenure_review,not_determined_from_this_record,unspecified_until_evidence_review,Validate legal office/service interval; inspect cited status scope; search in-tenure changes and contradictions; merge person aliases across appointments.
LEG-16d934587913,dilma_rousseff:1:43,dilma_2,George Hilton,Ministério do Esporte,2015-01-01,2016-03-23,2015-01-01,PARTY,PRB,Republicanos,2015-01,DIAP January 2015 ministerial directory explicitly reports individual party affiliation.,False,not_certified,needs_in_tenure_review,not_determined_from_this_record,unspecified_until_evidence_review,Validate legal office/service interval; inspect cited status scope; search in-tenure changes and contradictions; merge person aliases across appointments.
LEG-548e8979a482,dilma_rousseff:1:44,dilma_2,Ricardo Leyser,Ministério do Esporte,2016-03-31,2016-05-11,2016-03-31,PARTY,PCdoB,PCdoB,2016-03-31,Appointment-day Valor report explicitly identifies PCdoB affiliation.,False,not_certified,needs_in_tenure_review,not_determined_from_this_record,unspecified_until_evidence_review,Validate legal office/service interval; inspect cited status scope; search in-tenure changes and contradictions; merge person aliases across appointments.
LEG-2df1ae3ab2c1,dilma_rousseff:1:45,dilma_2,Joaquim Levy,Ministério da Fazenda,2015-01-01,2015-12-18,2015-01-01,UNAFFILIATED,,,2015-01,DIAP January 2015 ministerial directory explicitly reports individual party affiliation.,False,not_certified,needs_in_tenure_review,not_determined_from_this_record,unspecified_until_evidence_review,Validate legal office/service interval; inspect cited status scope; search in-tenure changes and contradictions; merge person aliases across appointments.
LEG-e5f7ea3a676b,dilma_rousseff:1:46,dilma_2,Nelson Barbosa,Ministério da Fazenda,2015-12-18,2016-05-11,2015-12-18,UNAFFILIATED,,,2015-12-18,Appointment profile states never affiliated with PT; consistent explicit independent classification in January and October 2015 directories.,False,not_certified,needs_in_tenure_review,not_determined_from_this_record,unspecified_until_evidence_review,Validate legal office/service interval; inspect cited status scope; search in-tenure changes and contradictions; merge person aliases across appointments.
LEG-3274ba9a4075,dilma_rousseff:1:47,dilma_2,José Elito Carvalho Siqueira,Gabinete de Segurança Institucional,2015-01-01,2015-10-02,2015-01-01,UNAFFILIATED,,,2015-01,DIAP January 2015 ministerial directory explicitly reports individual party affiliation.,False,not_certified,needs_in_tenure_review,not_determined_from_this_record,unspecified_until_evidence_review,Validate legal office/service interval; inspect cited status scope; search in-tenure changes and contradictions; merge person aliases across appointments.
LEG-761e73bcf196,dilma_rousseff:1:48,dilma_2,Nilma Lino Gomes,Secretaria de Políticas de Promoção da Igualdade Racial,2015-01-01,2015-10-02,2015-01-01,UNAFFILIATED,,,2015-01,DIAP January 2015 ministerial directory explicitly reports individual party affiliation.,False,not_certified,needs_in_tenure_review,not_determined_from_this_record,unspecified_until_evidence_review,Validate legal office/service interval; inspect cited status scope; search in-tenure changes and contradictions; merge person aliases across appointments.
LEG-3df9b9d5037a,dilma_rousseff:1:49,dilma_2,Gilberto Occhi,Ministério da Integração Nacional,2015-01-01,2016-04-13,2015-01-01,PARTY,PP,PP,2015-01,DIAP January 2015 ministerial directory explicitly reports individual party affiliation.,False,not_certified,needs_in_tenure_review,not_determined_from_this_record,unspecified_until_evidence_review,Validate legal office/service interval; inspect cited status scope; search in-tenure changes and contradictions; merge person aliases across appointments.
LEG-7076a873efe6,dilma_rousseff:1:5,dilma_2,Roberto Mangabeira Unger,Secretaria de Assuntos Estratégicos,2015-02-05,2015-09-14,2015-02-05,PARTY,PMDB,,2015-02-03,Appointment announcement explicitly identifies PMDB affiliation; November 2015 PDT entry is later.,False,not_certified,needs_in_tenure_review,not_determined_from_this_record,unspecified_until_evidence_review,Validate legal office/service interval; inspect cited status scope; search in-tenure changes and contradictions; merge person aliases across appointments.
LEG-69449ca60500,dilma_rousseff:1:50,dilma_2,Josélio de Andrade Moura,Ministério da Integração Nacional,2016-04-13,2016-05-11,2016-04-13,UNRESOLVED,,,,Bounded name/party/filiação and contemporary appointment searches did not locate dated formal affiliation or explicit absence evidence. Blank pinned field and technical career are insufficient.,False,not_certified,unresolved_at_legacy_start,not_determined_from_this_record,unspecified_until_evidence_review,Validate legal office/service interval; inspect cited status scope; search in-tenure changes and contradictions; merge person aliases across appointments.
LEG-8f31809fa406,dilma_rousseff:1:51,dilma_2,José Eduardo Cardozo,Ministério da Justiça,2015-01-01,2016-03-03,2015-01-01,PARTY,PT,PT,2015-01,DIAP January 2015 ministerial directory explicitly reports individual party affiliation.,False,not_certified,needs_in_tenure_review,not_determined_from_this_record,unspecified_until_evidence_review,Validate legal office/service interval; inspect cited status scope; search in-tenure changes and contradictions; merge person aliases across appointments.
LEG-6b43a38603cc,dilma_rousseff:1:53,dilma_2,Eugênio Aragão,Ministério da Justiça,2016-03-14,2016-05-11,2016-03-14,UNRESOLVED,,,2017-11-30,"Later report says not a PT member, which does not establish absence of all party affiliation at March2016 appointment. Career as prosecutor is not itself proof.",False,not_certified,unresolved_at_legacy_start,not_determined_from_this_record,unspecified_until_evidence_review,Validate legal office/service interval; inspect cited status scope; search in-tenure changes and contradictions; merge person aliases across appointments.
LEG-85c2f5b66096,dilma_rousseff:1:54,dilma_2,Izabella Teixeira,Ministério do Meio Ambiente,2015-01-01,2016-05-11,2015-01-01,UNAFFILIATED,,,2015-01,DIAP January 2015 ministerial directory explicitly reports individual party affiliation.,False,not_certified,needs_in_tenure_review,not_determined_from_this_record,unspecified_until_evidence_review,Validate legal office/service interval; inspect cited status scope; search in-tenure changes and contradictions; merge person aliases across appointments.
LEG-ea956fb419a3,dilma_rousseff:1:55,dilma_2,Guilherme Afif Domingos,Secretaria da Micro e Pequena Empresa,2015-01-01,2015-10-02,2015-01-01,PARTY,PSD,PSD,2015-01,DIAP January 2015 ministerial directory explicitly reports individual party affiliation.,False,not_certified,needs_in_tenure_review,not_determined_from_this_record,unspecified_until_evidence_review,Validate legal office/service interval; inspect cited status scope; search in-tenure changes and contradictions; merge person aliases across appointments.
LEG-328a5753236c,dilma_rousseff:1:56,dilma_2,Eduardo Braga,Ministério de Minas e Energia,2015-01-01,2016-04-20,2015-01-01,PARTY,PMDB,MDB,2015-01,DIAP January 2015 ministerial directory explicitly reports individual party affiliation.,False,not_certified,needs_in_tenure_review,not_determined_from_this_record,unspecified_until_evidence_review,Validate legal office/service interval; inspect cited status scope; search in-tenure changes and contradictions; merge person aliases across appointments.
LEG-eb980c56cacd,dilma_rousseff:1:57,dilma_2,Marco Antônio Martins Almeida,Ministério de Minas e Energia,2016-04-20,2016-05-11,2016-04-20,UNRESOLVED,,,,Bounded name/party/filiação and contemporary appointment searches did not locate dated formal affiliation or explicit absence evidence. Blank pinned field and technical career are insufficient.,False,not_certified,unresolved_at_legacy_start,not_determined_from_this_record,unspecified_until_evidence_review,Validate legal office/service interval; inspect cited status scope; search in-tenure changes and contradictions; merge person aliases across appointments.
LEG-1591c82663db,dilma_rousseff:1:58,dilma_2,Helder Barbalho,Ministério da Pesca e Aquicultura,2015-01-01,2015-10-02,2015-01-01,PARTY,PMDB,MDB,2015-01,DIAP January 2015 ministerial directory explicitly reports individual party affiliation.,False,not_certified,needs_in_tenure_review,not_determined_from_this_record,unspecified_until_evidence_review,Validate legal office/service interval; inspect cited status scope; search in-tenure changes and contradictions; merge person aliases across appointments.
LEG-50db413117de,dilma_rousseff:1:59,dilma_2,Nelson Barbosa,"Ministério do Planejamento, Orçamento e Gestão",2015-01-01,2015-12-18,2015-01-01,UNAFFILIATED,,,2015-01,DIAP January 2015 ministerial directory explicitly reports individual party affiliation.,False,not_certified,needs_in_tenure_review,not_determined_from_this_record,unspecified_until_evidence_review,Validate legal office/service interval; inspect cited status scope; search in-tenure changes and contradictions; merge person aliases across appointments.
LEG-f2d52d14d0bb,dilma_rousseff:1:6,dilma_2,Vitor Pinto Chaves,Secretaria de Assuntos Estratégicos,2015-09-14,2015-10-02,2015-09-14,UNRESOLVED,,,,Bounded name/party/filiação and contemporary appointment searches did not locate dated formal affiliation or explicit absence evidence. Blank pinned field and technical career are insufficient.,False,not_certified,unresolved_at_legacy_start,not_determined_from_this_record,unspecified_until_evidence_review,Validate legal office/service interval; inspect cited status scope; search in-tenure changes and contradictions; merge person aliases across appointments.
LEG-3a0fd99272c8,dilma_rousseff:1:60,dilma_2,Valdir Moysés Simão,"Ministério do Planejamento, Orçamento e Gestão",2015-12-21,2016-05-11,2015-12-21,UNAFFILIATED,,,2016-12,"Gomes, Revista da CGU 8(13), retrospective affiliation index for 2003-2016 p472 explicitly scores no party membership; complements initial 2015 directory.",False,not_certified,needs_in_tenure_review,not_determined_from_this_record,unspecified_until_evidence_review,Validate legal office/service interval; inspect cited status scope; search in-tenure changes and contradictions; merge person aliases across appointments.
LEG-92ed8875155b,dilma_rousseff:1:61,dilma_2,Eleonora Menicucci,Secretaria de Políticas para as Mulheres,2015-01-01,2015-10-02,2015-01-01,PARTY,PT,PT,2015-01,DIAP January 2015 ministerial directory explicitly reports individual party affiliation.,False,not_certified,needs_in_tenure_review,not_determined_from_this_record,unspecified_until_evidence_review,Validate legal office/service interval; inspect cited status scope; search in-tenure changes and contradictions; merge person aliases across appointments.
LEG-7313721f7d0a,dilma_rousseff:1:62,dilma_2,Edson Coelho Araújo,Secretaria Nacional dos Portos,2015-01-01,2015-10-02,2015-01-01,PARTY,PMDB,MDB,2015-01,DIAP January 2015 ministerial directory explicitly reports individual party affiliation.,False,not_certified,needs_in_tenure_review,not_determined_from_this_record,unspecified_until_evidence_review,Validate legal office/service interval; inspect cited status scope; search in-tenure changes and contradictions; merge person aliases across appointments.
LEG-ed798dddc06b,dilma_rousseff:1:63,dilma_2,Helder Barbalho,Secretaria Nacional dos Portos,2015-10-02,2016-04-20,2015-10-02,PARTY,PMDB,MDB,2015-10-02,Contemporaneous reform roster explicitly identifies party or no affiliation.,False,not_certified,needs_in_tenure_review,not_determined_from_this_record,unspecified_until_evidence_review,Validate legal office/service interval; inspect cited status scope; search in-tenure changes and contradictions; merge person aliases across appointments.
LEG-a4defbba80f9,dilma_rousseff:1:64,dilma_2,Maurício Muniz Barreto de Carvalho,Secretaria Nacional dos Portos,2016-04-20,2016-05-11,2016-04-20,UNRESOLVED,,,,Bounded name/party/filiação and contemporary appointment searches did not locate dated formal affiliation or explicit absence evidence. Blank pinned field and technical career are insufficient.,False,not_certified,unresolved_at_legacy_start,not_determined_from_this_record,unspecified_until_evidence_review,Validate legal office/service interval; inspect cited status scope; search in-tenure changes and contradictions; merge person aliases across appointments.
LEG-b3f068a0416e,dilma_rousseff:1:65,dilma_2,Carlos Eduardo Gabas,Ministério da Previdência Social,2015-01-01,2015-10-02,2015-01-01,PARTY,PT,PT,2015-01,DIAP January 2015 ministerial directory explicitly reports individual party affiliation.,False,not_certified,needs_in_tenure_review,not_determined_from_this_record,unspecified_until_evidence_review,Validate legal office/service interval; inspect cited status scope; search in-tenure changes and contradictions; merge person aliases across appointments.
LEG-2f545a0a2af9,dilma_rousseff:1:66,dilma_2,Mauro Vieira,Ministério das Relações Exteriores,2015-01-01,2016-05-11,2015-01-01,UNAFFILIATED,,,2015-01,DIAP January 2015 ministerial directory explicitly reports individual party affiliation.,False,not_certified,needs_in_tenure_review,not_determined_from_this_record,unspecified_until_evidence_review,Validate legal office/service interval; inspect cited status scope; search in-tenure changes and contradictions; merge person aliases across appointments.
LEG-7fd64bd02e06,dilma_rousseff:1:67,dilma_2,Pepe Vargas,Secretaria de Relações Institucionais,2015-01-01,2015-04-07,2015-01-01,PARTY,PT,PT,2015-01,DIAP January 2015 ministerial directory explicitly reports individual party affiliation.,False,not_certified,needs_in_tenure_review,not_determined_from_this_record,unspecified_until_evidence_review,Validate legal office/service interval; inspect cited status scope; search in-tenure changes and contradictions; merge person aliases across appointments.
LEG-03d0c552eee1,dilma_rousseff:1:68,dilma_2,Arthur Chioro,Ministério da Saúde,2015-01-01,2015-10-01,2015-01-01,PARTY,PT,PT,2015-01,DIAP January 2015 ministerial directory explicitly reports individual party affiliation.,False,not_certified,needs_in_tenure_review,not_determined_from_this_record,unspecified_until_evidence_review,Validate legal office/service interval; inspect cited status scope; search in-tenure changes and contradictions; merge person aliases across appointments.
LEG-575314f66abd,dilma_rousseff:1:69,dilma_2,Marcelo Castro,Ministério da Saúde,2015-10-01,2016-05-11,2015-10-01,PARTY,PMDB,MDB,2015-10-02,Contemporaneous reform roster identifies PMDB at appointment.,False,not_certified,needs_in_tenure_review,not_determined_from_this_record,unspecified_until_evidence_review,Validate legal office/service interval; inspect cited status scope; search in-tenure changes and contradictions; merge person aliases across appointments.
LEG-d2f12b350683,dilma_rousseff:1:7,dilma_2,Eliseu Padilha,Secretaria de Aviação Civil,2015-01-01,2015-12-04,2015-01-01,PARTY,PMDB,MDB,2015-01,DIAP January 2015 ministerial directory explicitly reports individual party affiliation.,False,not_certified,needs_in_tenure_review,not_determined_from_this_record,unspecified_until_evidence_review,Validate legal office/service interval; inspect cited status scope; search in-tenure changes and contradictions; merge person aliases across appointments.
LEG-06075cf8fce5,dilma_rousseff:1:70,dilma_2,Miguel Rossetto,Secretaria-Geral da Presidência,2015-01-01,2015-10-02,2015-01-01,PARTY,PT,PT,2015-01,DIAP January 2015 ministerial directory explicitly reports individual party affiliation.,False,not_certified,needs_in_tenure_review,not_determined_from_this_record,unspecified_until_evidence_review,Validate legal office/service interval; inspect cited status scope; search in-tenure changes and contradictions; merge person aliases across appointments.
LEG-fc4f25515b67,dilma_rousseff:1:71,dilma_2,Ricardo Berzoini,Secretaria-Geral da Presidência,2015-10-02,2016-05-11,2015-10-02,PARTY,PT,PT,2015-10-02,Contemporaneous reform roster explicitly identifies party or no affiliation.,False,not_certified,needs_in_tenure_review,not_determined_from_this_record,unspecified_until_evidence_review,Validate legal office/service interval; inspect cited status scope; search in-tenure changes and contradictions; merge person aliases across appointments.
LEG-8912d93c02b7,dilma_rousseff:1:72,dilma_2,Manoel Dias,Ministério do Trabalho e Emprego,2015-01-01,2015-10-02,2015-01-01,PARTY,PDT,PDT,2015-01,DIAP January 2015 ministerial directory explicitly reports individual party affiliation.,False,not_certified,needs_in_tenure_review,not_determined_from_this_record,unspecified_until_evidence_review,Validate legal office/service interval; inspect cited status scope; search in-tenure changes and contradictions; merge person aliases across appointments.
LEG-8670a70acb8c,dilma_rousseff:1:73,dilma_2,Miguel Rossetto,Ministério do Trabalho e Emprego,2015-10-02,2016-05-11,2015-10-02,PARTY,PT,PT,2015-10-02,Contemporaneous reform roster explicitly identifies party or no affiliation.,False,not_certified,needs_in_tenure_review,not_determined_from_this_record,unspecified_until_evidence_review,Validate legal office/service interval; inspect cited status scope; search in-tenure changes and contradictions; merge person aliases across appointments.
LEG-650019f21afb,dilma_rousseff:1:74,dilma_2,Antonio Carlos Rodrigues,Ministério dos Transportes,2015-01-01,2016-05-11,2015-01-01,PARTY,PR,PL,2015-01,DIAP January 2015 ministerial directory explicitly reports individual party affiliation.,False,not_certified,needs_in_tenure_review,not_determined_from_this_record,unspecified_until_evidence_review,Validate legal office/service interval; inspect cited status scope; search in-tenure changes and contradictions; merge person aliases across appointments.
LEG-858a83513dbd,dilma_rousseff:1:75,dilma_2,Vinicius Lages,Ministério do Turismo,2015-01-01,2015-04-16,2015-01-01,PARTY,PMDB,,2015-01,DIAP January 2015 ministerial directory explicitly reports individual party affiliation.,False,not_certified,needs_in_tenure_review,not_determined_from_this_record,unspecified_until_evidence_review,Validate legal office/service interval; inspect cited status scope; search in-tenure changes and contradictions; merge person aliases across appointments.
LEG-7f1bb5c8a3de,dilma_rousseff:1:76,dilma_2,Henrique Eduardo Alves,Ministério do Turismo,2015-04-16,2016-03-28,2015-04-16,PARTY,PMDB,MDB,2015-04-16,Appointment-day Reuters report identifies PMDB.,False,not_certified,needs_in_tenure_review,not_determined_from_this_record,unspecified_until_evidence_review,Validate legal office/service interval; inspect cited status scope; search in-tenure changes and contradictions; merge person aliases across appointments.
LEG-4bd5de62c2aa,dilma_rousseff:1:77,dilma_2,Alberto Alves,Ministério do Turismo,2016-03-28,2016-04-21,2016-03-28,UNRESOLVED,,,2016-03-30,Appointment profile describes PMDB nomination and technical credentials but does not establish formal affiliation. Applies separately to both Dilma and Temer appointment records.,False,not_certified,unresolved_at_legacy_start,not_determined_from_this_record,unspecified_until_evidence_review,Validate legal office/service interval; inspect cited status scope; search in-tenure changes and contradictions; merge person aliases across appointments.
LEG-46405e3b602b,dilma_rousseff:1:78,dilma_2,Alessandro Teixeira,Ministério do Turismo,2016-04-21,2016-05-11,2016-04-21,PARTY,PT,PT,2016-04-22,Contemporaneous appointment report explicitly says affiliated to PT.,False,not_certified,needs_in_tenure_review,not_determined_from_this_record,unspecified_until_evidence_review,Validate legal office/service interval; inspect cited status scope; search in-tenure changes and contradictions; merge person aliases across appointments.
LEG-f1b582114b4b,dilma_rousseff:1:8,dilma_2,Guilherme Walder Mora Ramalho,Secretaria de Aviação Civil,2015-12-07,2016-03-17,2015-12-07,UNRESOLVED,,,,Bounded name/party/filiação and contemporary appointment searches did not locate dated formal affiliation or explicit absence evidence. Blank pinned field and technical career are insufficient.,False,not_certified,unresolved_at_legacy_start,not_determined_from_this_record,unspecified_until_evidence_review,Validate legal office/service interval; inspect cited status scope; search in-tenure changes and contradictions; merge person aliases across appointments.
LEG-90f1b4fb4472,dilma_rousseff:1:9,dilma_2,Mauro Lopes,Secretaria de Aviação Civil,2016-03-17,2016-04-18,2016-03-17,PARTY,PMDB,MDB,2016-03-18,PMDB ethics case follows appointment on March 17; he was still a party member.,False,not_certified,needs_in_tenure_review,not_determined_from_this_record,unspecified_until_evidence_review,Validate legal office/service interval; inspect cited status scope; search in-tenure changes and contradictions; merge person aliases across appointments.
LEG-df0a18aba9ff,jair_bolsonaro:0:1,bolsonaro,Onyx Lorenzoni,Casa Civil,2019-01-01,2020-02-14,2019-01-01,PARTY,DEM,DEM,2018-11-26,Dated incoming-cabinet roster explicitly identifies DEM.,False,not_certified,needs_in_tenure_review,not_determined_from_this_record,unspecified_until_evidence_review,Validate legal office/service interval; inspect cited status scope; search in-tenure changes and contradictions; merge person aliases across appointments.
LEG-c3b41de7e8c0,jair_bolsonaro:0:10,bolsonaro,Fábio Faria,Ministério das Comunicações,2020-06-17,2022-12-21,2020-06-17,PARTY,PSD,PSD,2020-07-02,"Official Câmara act identifies Fábio Faria as PSD and records ministerial leave effective June 17, 2020.",False,not_certified,needs_in_tenure_review,not_determined_from_this_record,unspecified_until_evidence_review,Validate legal office/service interval; inspect cited status scope; search in-tenure changes and contradictions; merge person aliases across appointments.
LEG-3f060ebf15da,jair_bolsonaro:0:11,bolsonaro,Maria Estella Dantas,Ministério das Comunicações,2022-12-21,2022-12-31,2022-12-21,UNRESOLVED,,UNAFFILIATED (no_party_code),,"Dated career and appointment reporting located, but no evidence establishing party membership or explicit nonmembership at this original appointment start; raw blank/dash does not resolve status.",False,not_certified,unresolved_at_legacy_start,not_determined_from_this_record,unspecified_until_evidence_review,Validate legal office/service interval; inspect cited status scope; search in-tenure changes and contradictions; merge person aliases across appointments.
LEG-87ae07a227bd,jair_bolsonaro:0:12,bolsonaro,Sergio Moro,Ministério da Justiça e Segurança Pública,2019-01-01,2020-04-24,2019-01-01,UNAFFILIATED,,UNAFFILIATED (no_party_code),2018-11-26,Dated incoming-cabinet roster explicitly identifies the announced office-holder as unaffiliated.,False,not_certified,needs_in_tenure_review,not_determined_from_this_record,unspecified_until_evidence_review,Validate legal office/service interval; inspect cited status scope; search in-tenure changes and contradictions; merge person aliases across appointments.
LEG-8534d7a64a42,jair_bolsonaro:0:13,bolsonaro,André Mendonça,Ministério da Justiça e Segurança Pública,2020-04-29,2021-03-29,2020-04-29,UNRESOLVED,,UNAFFILIATED (no_party_code),,"Dated career and appointment reporting located, but no evidence establishing party membership or explicit nonmembership at this original appointment start; raw blank/dash does not resolve status.",False,not_certified,unresolved_at_legacy_start,not_determined_from_this_record,unspecified_until_evidence_review,Validate legal office/service interval; inspect cited status scope; search in-tenure changes and contradictions; merge person aliases across appointments.
LEG-2ffad066f860,jair_bolsonaro:0:14,bolsonaro,Anderson Torres,Ministério da Justiça e Segurança Pública,2021-03-29,2022-12-31,2021-03-29,UNAFFILIATED,,PSL,2021-05 | 2023-01-23,In May 2021 Torres explicitly denied the PSL affiliation report and said he proved nonaffiliation to electoral justice; January 2023 custody testimony says never party-affiliated.,False,not_certified,needs_in_tenure_review,not_determined_from_this_record,unspecified_until_evidence_review,Validate legal office/service interval; inspect cited status scope; search in-tenure changes and contradictions; merge person aliases across appointments.
LEG-b0900f041b01,jair_bolsonaro:0:15,bolsonaro,Tereza Cristina,"Ministério da Agricultura, Pecuária e Abastecimento",2019-01-01,2022-03-30,2019-01-01,PARTY,DEM,DEM,2018-11-26,Dated incoming-cabinet roster explicitly identifies DEM.,False,not_certified,needs_in_tenure_review,not_determined_from_this_record,unspecified_until_evidence_review,Validate legal office/service interval; inspect cited status scope; search in-tenure changes and contradictions; merge person aliases across appointments.
LEG-342db9e7f38f,jair_bolsonaro:0:16,bolsonaro,Marcos Montes,"Ministério da Agricultura, Pecuária e Abastecimento",2022-03-31,2022-12-31,2022-03-31,PARTY,PSD,PSD,2022-04-07,"Arko Advice contemporaneous April reform report, page 10, explicitly labels incoming Marcos Montes as PSD.",False,not_certified,needs_in_tenure_review,not_determined_from_this_record,unspecified_until_evidence_review,Validate legal office/service interval; inspect cited status scope; search in-tenure changes and contradictions; merge person aliases across appointments.
LEG-ba6b7e4f1910,jair_bolsonaro:0:17,bolsonaro,Augusto Heleno,Gabinete de Segurança Institucional,2019-01-01,2022-12-31,2019-01-01,UNAFFILIATED,,Patriota,2018-07-18 | 2018-11-26,Heleno announced PRP withdrawal in July; November incoming-cabinet roster explicitly identifies him as unaffiliated.,False,not_certified,needs_in_tenure_review,not_determined_from_this_record,unspecified_until_evidence_review,Validate legal office/service interval; inspect cited status scope; search in-tenure changes and contradictions; merge person aliases across appointments.
LEG-7cd94731dd90,jair_bolsonaro:0:18,bolsonaro,Fernando Azevedo e Silva,Ministério da Defesa,2019-01-01,2021-03-29,2019-01-01,UNAFFILIATED,,UNAFFILIATED (no_party_code),2018-11-26,Dated incoming-cabinet roster explicitly identifies the announced office-holder as unaffiliated.,False,not_certified,needs_in_tenure_review,not_determined_from_this_record,unspecified_until_evidence_review,Validate legal office/service interval; inspect cited status scope; search in-tenure changes and contradictions; merge person aliases across appointments.
LEG-dacd12d72fdc,jair_bolsonaro:0:19,bolsonaro,Walter Braga Netto,Ministério da Defesa,2021-03-29,2022-04-01,2021-03-29,UNAFFILIATED,,PL,2022-10-28 | 2022-04-14,"Biographical reporting explicitly says first party membership occurred in 2022; Estadão establishes PL membership from March 28, 2022.",False,not_certified,needs_in_tenure_review,not_determined_from_this_record,unspecified_until_evidence_review,Validate legal office/service interval; inspect cited status scope; search in-tenure changes and contradictions; merge person aliases across appointments.
LEG-62197e617b7c,jair_bolsonaro:0:2,bolsonaro,Walter Braga Netto,Casa Civil,2020-02-18,2021-03-29,2020-02-18,UNAFFILIATED,,UNAFFILIATED (no_party_code),2022-10-28 | 2022-04-14,"Biographical reporting explicitly says first party membership occurred in 2022; Estadão establishes PL membership from March 28, 2022.",False,not_certified,needs_in_tenure_review,not_determined_from_this_record,unspecified_until_evidence_review,Validate legal office/service interval; inspect cited status scope; search in-tenure changes and contradictions; merge person aliases across appointments.
LEG-70db330a83a1,jair_bolsonaro:0:20,bolsonaro,Paulo Sérgio Nogueira de Oliveira,Ministério da Defesa,2022-04-01,2022-12-31,2022-04-01,UNAFFILIATED,,UNAFFILIATED (no_party_code),2022-04-07,"Arko Advice contemporaneous April reform report, page 10, explicitly labels incoming office-holder unaffiliated.",False,not_certified,needs_in_tenure_review,not_determined_from_this_record,unspecified_until_evidence_review,Validate legal office/service interval; inspect cited status scope; search in-tenure changes and contradictions; merge person aliases across appointments.
LEG-4e7ce6988315,jair_bolsonaro:0:21,bolsonaro,Ernesto Araújo,Ministério das Relações Exteriores,2019-01-01,2021-03-29,2019-01-01,UNAFFILIATED,,UNAFFILIATED (no_party_code),2018-11-26,Dated incoming-cabinet roster explicitly identifies the announced office-holder as unaffiliated.,False,not_certified,needs_in_tenure_review,not_determined_from_this_record,unspecified_until_evidence_review,Validate legal office/service interval; inspect cited status scope; search in-tenure changes and contradictions; merge person aliases across appointments.
LEG-9dd6c6a98b8f,jair_bolsonaro:0:22,bolsonaro,Carlos França,Ministério das Relações Exteriores,2021-04-06,2022-12-31,2021-04-06,UNRESOLVED,,UNAFFILIATED (no_party_code),,"Dated career and appointment reporting located, but no evidence establishing party membership or explicit nonmembership at this original appointment start; raw blank/dash does not resolve status.",False,not_certified,unresolved_at_legacy_start,not_determined_from_this_record,unspecified_until_evidence_review,Validate legal office/service interval; inspect cited status scope; search in-tenure changes and contradictions; merge person aliases across appointments.
LEG-0a433c253eb3,jair_bolsonaro:0:24,bolsonaro,Wagner Rosário,Controladoria-Geral da União,2019-01-01,2022-12-31,2017-05-31,UNRESOLVED,,UNAFFILIATED (no_party_code),2018-07-11,"Later explicit nonparty reporting exists, but does not establish affiliation on the original May31,2017 start retained in this diagnostic.",False,not_certified,unresolved_at_legacy_start,not_determined_from_this_record,unspecified_until_evidence_review,Validate legal office/service interval; inspect cited status scope; search in-tenure changes and contradictions; merge person aliases across appointments.
LEG-61f568dd5701,jair_bolsonaro:0:25,bolsonaro,Luiz Henrique Mandetta,Ministério da Saúde,2019-01-01,2020-04-16,2019-01-01,PARTY,DEM,DEM,2018-11-26,Dated incoming-cabinet roster explicitly identifies DEM.,False,not_certified,needs_in_tenure_review,not_determined_from_this_record,unspecified_until_evidence_review,Validate legal office/service interval; inspect cited status scope; search in-tenure changes and contradictions; merge person aliases across appointments.
LEG-23516089df3e,jair_bolsonaro:0:26,bolsonaro,Nelson Teich,Ministério da Saúde,2020-04-17,2020-05-15,2020-04-17,UNAFFILIATED,,UNAFFILIATED (no_party_code),2020-04-17,Deutsche Welle profile published on inauguration date explicitly states Teich is not affiliated with a political party.,False,not_certified,needs_in_tenure_review,not_determined_from_this_record,unspecified_until_evidence_review,Validate legal office/service interval; inspect cited status scope; search in-tenure changes and contradictions; merge person aliases across appointments.
LEG-80228da93ab9,jair_bolsonaro:0:27,bolsonaro,Eduardo Pazuello,Ministério da Saúde,2020-05-16,2021-03-23,2020-05-16,UNAFFILIATED,,UNAFFILIATED (no_party_code),2020-05-19 | 1998-02-05,Contemporaneous report confirms Pazuello remains active-duty Army general; Constitution article142 paragraph3 itemV prohibits active-duty military party membership.,False,not_certified,needs_in_tenure_review,not_determined_from_this_record,unspecified_until_evidence_review,Validate legal office/service interval; inspect cited status scope; search in-tenure changes and contradictions; merge person aliases across appointments.
LEG-f48fe3f88953,jair_bolsonaro:0:28,bolsonaro,Marcelo Queiroga,Ministério da Saúde,2021-03-23,2022-12-31,2021-03-23,UNAFFILIATED,,UNAFFILIATED (no_party_code),2021-03-20,"Estadão records Republicanos departure at his request on January 5, 2021, confirmed by party leader Hugo Motta before appointment.",False,not_certified,needs_in_tenure_review,not_determined_from_this_record,unspecified_until_evidence_review,Validate legal office/service interval; inspect cited status scope; search in-tenure changes and contradictions; merge person aliases across appointments.
LEG-92e9b59b9825,jair_bolsonaro:0:29,bolsonaro,André Mendonça,Advocacia-Geral da União,2019-01-01,2020-04-27,2019-01-01,UNAFFILIATED,,UNAFFILIATED (no_party_code),2018-11-26,Dated incoming-cabinet roster explicitly identifies the announced office-holder as unaffiliated.,False,not_certified,needs_in_tenure_review,not_determined_from_this_record,unspecified_until_evidence_review,Validate legal office/service interval; inspect cited status scope; search in-tenure changes and contradictions; merge person aliases across appointments.
LEG-ebe4d4a81d54,jair_bolsonaro:0:3,bolsonaro,Luiz Eduardo Ramos,Casa Civil,2021-03-29,2021-07-28,2021-03-29,UNRESOLVED,,UNAFFILIATED (no_party_code),,"Dated career and appointment reporting located, but no evidence establishing party membership or explicit nonmembership at this original appointment start; raw blank/dash does not resolve status.",False,not_certified,unresolved_at_legacy_start,not_determined_from_this_record,unspecified_until_evidence_review,Validate legal office/service interval; inspect cited status scope; search in-tenure changes and contradictions; merge person aliases across appointments.
LEG-066b940f16e0,jair_bolsonaro:0:30,bolsonaro,José Levi Mello,Advocacia-Geral da União,2020-04-29,2021-03-29,2020-04-29,UNRESOLVED,,UNAFFILIATED (no_party_code),,"Dated career and appointment reporting located, but no evidence establishing party membership or explicit nonmembership at this original appointment start; raw blank/dash does not resolve status.",False,not_certified,unresolved_at_legacy_start,not_determined_from_this_record,unspecified_until_evidence_review,Validate legal office/service interval; inspect cited status scope; search in-tenure changes and contradictions; merge person aliases across appointments.
LEG-ee50e9c3bdf3,jair_bolsonaro:0:31,bolsonaro,André Mendonça,Advocacia-Geral da União,2021-03-20,2021-08-06,2021-03-20,UNRESOLVED,,UNAFFILIATED (no_party_code),,"Dated career and appointment reporting located, but no evidence establishing party membership or explicit nonmembership at this original appointment start; raw blank/dash does not resolve status.",False,not_certified,unresolved_at_legacy_start,not_determined_from_this_record,unspecified_until_evidence_review,Validate legal office/service interval; inspect cited status scope; search in-tenure changes and contradictions; merge person aliases across appointments.
LEG-0619874c39e2,jair_bolsonaro:0:32,bolsonaro,Bruno Bianco Leal,Advocacia-Geral da União,2021-08-06,2022-12-31,2021-08-06,UNRESOLVED,,UNAFFILIATED (no_party_code),,"Dated career and appointment reporting located, but no evidence establishing party membership or explicit nonmembership at this original appointment start; raw blank/dash does not resolve status.",False,not_certified,unresolved_at_legacy_start,not_determined_from_this_record,unspecified_until_evidence_review,Validate legal office/service interval; inspect cited status scope; search in-tenure changes and contradictions; merge person aliases across appointments.
LEG-0d5fe63fcadb,jair_bolsonaro:0:33,bolsonaro,Gustavo Bebianno,Secretaria-Geral da Presidência da República,2019-01-01,2019-02-18,2019-01-01,PARTY,PSL,PSL,2018-11-26,Dated incoming-cabinet roster explicitly identifies PSL.,False,not_certified,needs_in_tenure_review,not_determined_from_this_record,unspecified_until_evidence_review,Validate legal office/service interval; inspect cited status scope; search in-tenure changes and contradictions; merge person aliases across appointments.
LEG-6f1e3b239fc3,jair_bolsonaro:0:34,bolsonaro,Floriano Peixoto Vieira Neto,Secretaria-Geral da Presidência da República,2019-02-18,2019-06-20,2019-02-18,UNAFFILIATED,,UNAFFILIATED (no_party_code),2020,"Luisa Maier Flores, Quadro 2, independently codes the named 2019 appointment without a party; table source is government Acesso à Informação and following paragraph defines nonparty appointments.",False,not_certified,needs_in_tenure_review,not_determined_from_this_record,unspecified_until_evidence_review,Validate legal office/service interval; inspect cited status scope; search in-tenure changes and contradictions; merge person aliases across appointments.
LEG-6a03da16e908,jair_bolsonaro:0:35,bolsonaro,Jorge Oliveira,Secretaria-Geral da Presidência da República,2019-06-21,2020-12-31,2019-06-21,UNAFFILIATED,,UNAFFILIATED (no_party_code),2020,"Luisa Maier Flores, Quadro 2, independently codes the named 2019 appointment without a party; table source is government Acesso à Informação and following paragraph defines nonparty appointments.",False,not_certified,needs_in_tenure_review,not_determined_from_this_record,unspecified_until_evidence_review,Validate legal office/service interval; inspect cited status scope; search in-tenure changes and contradictions; merge person aliases across appointments.
LEG-79030362edda,jair_bolsonaro:0:36,bolsonaro,Pedro Cesar Sousa,Secretaria-Geral da Presidência da República,2020-10-07,2021-02-12,2020-10-07,UNRESOLVED,,UNAFFILIATED (no_party_code),,"Dated career and appointment reporting located, but no evidence establishing party membership or explicit nonmembership at this original appointment start; raw blank/dash does not resolve status.",False,not_certified,unresolved_at_legacy_start,not_determined_from_this_record,unspecified_until_evidence_review,Validate legal office/service interval; inspect cited status scope; search in-tenure changes and contradictions; merge person aliases across appointments.
LEG-607f4976d0f0,jair_bolsonaro:0:37,bolsonaro,Onyx Lorenzoni,Secretaria-Geral da Presidência da República,2021-02-12,2021-07-28,2021-02-12,PARTY,DEM,DEM,2021-02-12,Agência Brasil report identifies Onyx as DEM when appointed to the Secretariat-General.,False,not_certified,needs_in_tenure_review,not_determined_from_this_record,unspecified_until_evidence_review,Validate legal office/service interval; inspect cited status scope; search in-tenure changes and contradictions; merge person aliases across appointments.
LEG-e62d7a3cb75d,jair_bolsonaro:0:38,bolsonaro,Luiz Eduardo Ramos,Secretaria-Geral da Presidência da República,2021-07-28,2022-12-31,2021-07-28,UNRESOLVED,,UNAFFILIATED (no_party_code),,"Dated career and appointment reporting located, but no evidence establishing party membership or explicit nonmembership at this original appointment start; raw blank/dash does not resolve status.",False,not_certified,unresolved_at_legacy_start,not_determined_from_this_record,unspecified_until_evidence_review,Validate legal office/service interval; inspect cited status scope; search in-tenure changes and contradictions; merge person aliases across appointments.
LEG-b6119274bf0c,jair_bolsonaro:0:39,bolsonaro,Ricardo Vélez Rodríguez,Ministério da Educação,2019-01-01,2019-04-08,2019-01-01,UNAFFILIATED,,UNAFFILIATED (no_party_code),2018-11-26,Dated incoming-cabinet roster explicitly identifies the announced office-holder as unaffiliated.,False,not_certified,needs_in_tenure_review,not_determined_from_this_record,unspecified_until_evidence_review,Validate legal office/service interval; inspect cited status scope; search in-tenure changes and contradictions; merge person aliases across appointments.
LEG-d1a5739ab53a,jair_bolsonaro:0:4,bolsonaro,Ciro Nogueira,Casa Civil,2021-08-04,2022-12-31,2021-08-04,PARTY,PP,PP,2021-07-27,Official Senate report identifies Ciro as PP on accepting Casa Civil appointment.,False,not_certified,needs_in_tenure_review,not_determined_from_this_record,unspecified_until_evidence_review,Validate legal office/service interval; inspect cited status scope; search in-tenure changes and contradictions; merge person aliases across appointments.
LEG-d9b4064c62f2,jair_bolsonaro:0:40,bolsonaro,Abraham Weintraub,Ministério da Educação,2019-04-08,2020-06-20,2019-04-08,UNAFFILIATED,,UNAFFILIATED (no_party_code),2019-04-08,Weintraub directly states on his appointment-announcement date that he is not affiliated with any political party.,False,not_certified,needs_in_tenure_review,not_determined_from_this_record,unspecified_until_evidence_review,Validate legal office/service interval; inspect cited status scope; search in-tenure changes and contradictions; merge person aliases across appointments.
LEG-06b899630a6b,jair_bolsonaro:0:41,bolsonaro,Carlos Decotelli,Ministério da Educação,2020-06-25,2020-06-30,2020-06-25,UNAFFILIATED,,UNAFFILIATED (no_party_code),2020-06-30,Contemporaneous Sérgio Praça article explicitly states Decotelli had no party and contrasts his lack of membership with Salles.,False,not_certified,needs_in_tenure_review,not_determined_from_this_record,unspecified_until_evidence_review,Validate legal office/service interval; inspect cited status scope; search in-tenure changes and contradictions; merge person aliases across appointments.
LEG-50bddd305e20,jair_bolsonaro:0:43,bolsonaro,Milton Ribeiro,Ministério da Educação,2020-07-16,2022-03-28,2020-07-16,UNRESOLVED,,UNAFFILIATED (no_party_code),2022-02-24 | 2025,February 2022 reporting quotes Milton saying he is not party-affiliated; this establishes a later date only. Retrospective education-minister table says nonparty but contains other date and affiliation errors and cannot independently establish July 2020 affiliation.,False,not_certified,unresolved_at_legacy_start,not_determined_from_this_record,unspecified_until_evidence_review,Validate legal office/service interval; inspect cited status scope; search in-tenure changes and contradictions; merge person aliases across appointments.
LEG-ae1c28478e53,jair_bolsonaro:0:44,bolsonaro,Victor Godoy Veiga,Ministério da Educação,2022-03-29,2022-12-31,2022-03-29,UNRESOLVED,,UNAFFILIATED (no_party_code),2025,"Retrospective education-minister table labels Victor Godoy nonparty but contains other date and affiliation errors; no independent dated affiliation evidence located for March 29, 2022.",False,not_certified,unresolved_at_legacy_start,not_determined_from_this_record,unspecified_until_evidence_review,Validate legal office/service interval; inspect cited status scope; search in-tenure changes and contradictions; merge person aliases across appointments.
LEG-083b3c9ae8ee,jair_bolsonaro:0:45,bolsonaro,Carlos Alberto dos Santos Cruz,Secretaria de Governo,2019-01-01,2019-06-13,2019-01-01,UNAFFILIATED,,UNAFFILIATED (no_party_code),2020,"Luisa Maier Flores, Quadro 2, independently codes the named 2019 appointment without a party; table source is government Acesso à Informação and following paragraph defines nonparty appointments.",False,not_certified,needs_in_tenure_review,not_determined_from_this_record,unspecified_until_evidence_review,Validate legal office/service interval; inspect cited status scope; search in-tenure changes and contradictions; merge person aliases across appointments.
LEG-ce9aa704d046,jair_bolsonaro:0:46,bolsonaro,Luiz Eduardo Ramos,Secretaria de Governo,2019-06-13,2021-03-29,2019-06-13,UNAFFILIATED,,UNAFFILIATED (no_party_code),2020 | 2020-07-16 | 1998-02-05,Historical 2019 appointment table explicitly codes nonparty status. Corroborating retirement report places Ramos in active service until July 2020; constitutional active-duty party prohibition therefore covers June 2019.,False,not_certified,needs_in_tenure_review,not_determined_from_this_record,unspecified_until_evidence_review,Validate legal office/service interval; inspect cited status scope; search in-tenure changes and contradictions; merge person aliases across appointments.
LEG-f997e70b3675,jair_bolsonaro:0:47,bolsonaro,Flávia Arruda,Secretaria de Governo,2021-03-20,2022-03-31,2021-03-20,PARTY,PL,PL,2021-03-18,"Official Chamber rollcall from March 18, 2021 identifies Flávia Arruda as PL-DF, two days before the original source start retained for this diagnostic.",False,not_certified,needs_in_tenure_review,not_determined_from_this_record,unspecified_until_evidence_review,Validate legal office/service interval; inspect cited status scope; search in-tenure changes and contradictions; merge person aliases across appointments.
LEG-0561fae55600,jair_bolsonaro:0:48,bolsonaro,Célio Faria Júnior,Secretaria de Governo,2022-03-31,2022-12-31,2022-03-31,UNAFFILIATED,,UNAFFILIATED (no_party_code),2022-04-07,"Arko Advice contemporaneous April reform report, page 11, explicitly labels incoming office-holder unaffiliated.",False,not_certified,needs_in_tenure_review,not_determined_from_this_record,unspecified_until_evidence_review,Validate legal office/service interval; inspect cited status scope; search in-tenure changes and contradictions; merge person aliases across appointments.
LEG-310d8d95dc92,jair_bolsonaro:0:49,bolsonaro,Tarcísio de Freitas,Ministério da Infraestrutura,2019-01-01,2022-03-31,2019-01-01,UNAFFILIATED,,Republicanos,2022-10-24,Dated biographical account explicitly states Tarcísio had never joined any party in 26 years of public service before his 2022 Republicanos entry.,False,not_certified,needs_in_tenure_review,not_determined_from_this_record,unspecified_until_evidence_review,Validate legal office/service interval; inspect cited status scope; search in-tenure changes and contradictions; merge person aliases across appointments.
LEG-24bdcc54c414,jair_bolsonaro:0:5,bolsonaro,Paulo Guedes,Ministério da Economia,2019-01-01,2022-12-31,2019-01-01,UNAFFILIATED,,UNAFFILIATED (no_party_code),2018-11-26,Dated incoming-cabinet roster explicitly identifies the announced office-holder as unaffiliated.,False,not_certified,needs_in_tenure_review,not_determined_from_this_record,unspecified_until_evidence_review,Validate legal office/service interval; inspect cited status scope; search in-tenure changes and contradictions; merge person aliases across appointments.
LEG-7a6d44294d17,jair_bolsonaro:0:50,bolsonaro,Marcelo Sampaio,Ministério da Infraestrutura,2022-03-31,2022-12-31,2022-03-31,UNAFFILIATED,,UNAFFILIATED (no_party_code),2022-04-07,"Arko Advice contemporaneous April reform report, page 11, explicitly labels incoming office-holder unaffiliated.",False,not_certified,needs_in_tenure_review,not_determined_from_this_record,unspecified_until_evidence_review,Validate legal office/service interval; inspect cited status scope; search in-tenure changes and contradictions; merge person aliases across appointments.
LEG-8693fc5ad84e,jair_bolsonaro:0:51,bolsonaro,Gustavo Canuto,Ministério do Desenvolvimento Regional,2019-01-01,2020-02-11,2019-01-01,UNAFFILIATED,,UNAFFILIATED (no_party_code),2018-12-31,Profile published the day before inauguration explicitly says Canuto has no party affiliation.,False,not_certified,needs_in_tenure_review,not_determined_from_this_record,unspecified_until_evidence_review,Validate legal office/service interval; inspect cited status scope; search in-tenure changes and contradictions; merge person aliases across appointments.
LEG-1f0c8beb2f9f,jair_bolsonaro:0:52,bolsonaro,Rogério Marinho,Ministério do Desenvolvimento Regional,2020-02-11,2022-03-31,2020-02-11,PARTY,PSDB,PSDB,2020-02-11,Contemporaneous appointment report identifies Marinho as PSDB.,False,not_certified,needs_in_tenure_review,not_determined_from_this_record,unspecified_until_evidence_review,Validate legal office/service interval; inspect cited status scope; search in-tenure changes and contradictions; merge person aliases across appointments.
LEG-c4002690b590,jair_bolsonaro:0:53,bolsonaro,Daniel Duarte Ferreira,Ministério do Desenvolvimento Regional,2022-03-31,2022-12-31,2022-03-31,UNAFFILIATED,,UNAFFILIATED (no_party_code),2022-04-07,"Arko Advice contemporaneous April reform report, page 10, explicitly labels incoming office-holder unaffiliated.",False,not_certified,needs_in_tenure_review,not_determined_from_this_record,unspecified_until_evidence_review,Validate legal office/service interval; inspect cited status scope; search in-tenure changes and contradictions; merge person aliases across appointments.
LEG-0b81a0214570,jair_bolsonaro:0:54,bolsonaro,Osmar Terra,Ministério da Cidadania,2019-01-01,2020-02-14,2019-01-01,PARTY,MDB,MDB,2018-11-29,Official Câmara report identifies incoming Cidadania minister Osmar Terra as MDB.,False,not_certified,needs_in_tenure_review,not_determined_from_this_record,unspecified_until_evidence_review,Validate legal office/service interval; inspect cited status scope; search in-tenure changes and contradictions; merge person aliases across appointments.
LEG-2652bfa0305c,jair_bolsonaro:0:55,bolsonaro,Onyx Lorenzoni,Ministério da Cidadania,2020-02-18,2021-02-12,2020-02-18,PARTY,DEM,DEM,2020-02-13,Contemporaneous announcement identifies Onyx as DEM and schedules new Cidadania appointment for February 18.,False,not_certified,needs_in_tenure_review,not_determined_from_this_record,unspecified_until_evidence_review,Validate legal office/service interval; inspect cited status scope; search in-tenure changes and contradictions; merge person aliases across appointments.
LEG-e0e860c3a1e2,jair_bolsonaro:0:56,bolsonaro,João Roma,Ministério da Cidadania,2021-02-12,2022-03-31,2021-02-12,PARTY,Republicanos,Republicanos,2021-02-12,Agência Brasil report of appointment identifies João Roma as Republicanos.,False,not_certified,needs_in_tenure_review,not_determined_from_this_record,unspecified_until_evidence_review,Validate legal office/service interval; inspect cited status scope; search in-tenure changes and contradictions; merge person aliases across appointments.
LEG-e0e4ca4ca8d3,jair_bolsonaro:0:57,bolsonaro,Ronaldo Vieira Bento,Ministério da Cidadania,2022-03-31,2022-12-31,2022-03-31,UNAFFILIATED,,UNAFFILIATED (no_party_code),2022-04-07,"Arko Advice contemporaneous April reform report, page 10, explicitly labels incoming office-holder unaffiliated.",False,not_certified,needs_in_tenure_review,not_determined_from_this_record,unspecified_until_evidence_review,Validate legal office/service interval; inspect cited status scope; search in-tenure changes and contradictions; merge person aliases across appointments.
LEG-3711a94038ea,jair_bolsonaro:0:58,bolsonaro,Marcelo Álvaro Antônio,Ministério do Turismo,2019-01-01,2020-12-09,2019-01-01,PARTY,PSL,PSL,2018-11-29,Official Câmara report identifies incoming Tourism minister Marcelo Álvaro Antônio as PSL.,False,not_certified,needs_in_tenure_review,not_determined_from_this_record,unspecified_until_evidence_review,Validate legal office/service interval; inspect cited status scope; search in-tenure changes and contradictions; merge person aliases across appointments.
LEG-6a60736fa9a9,jair_bolsonaro:0:59,bolsonaro,Gilson Machado Neto,Ministério do Turismo,2020-12-09,2022-03-30,2020-12-09,PARTY,PSC,PSC (2020-12-09..2022-03-29); PL (2022-03-30),2022-01-07,Explicit continuity statement: Gilson affiliated with PSC since 2020 and had not moved by January 2022.,False,not_certified,needs_in_tenure_review,not_determined_from_this_record,unspecified_until_evidence_review,Validate legal office/service interval; inspect cited status scope; search in-tenure changes and contradictions; merge person aliases across appointments.
LEG-3a3c01153d10,jair_bolsonaro:0:60,bolsonaro,Carlos Alberto Gomes de Brito,Ministério do Turismo,2022-03-31,2022-12-31,2022-03-31,UNAFFILIATED,,UNAFFILIATED (no_party_code),2022-04-07,"Arko Advice contemporaneous April reform report, page 11, explicitly labels incoming office-holder unaffiliated.",False,not_certified,needs_in_tenure_review,not_determined_from_this_record,unspecified_until_evidence_review,Validate legal office/service interval; inspect cited status scope; search in-tenure changes and contradictions; merge person aliases across appointments.
LEG-68fffc6a2b22,jair_bolsonaro:0:61,bolsonaro,Bento Albuquerque,Ministério de Minas e Energia,2019-01-01,2022-05-11,2019-01-01,UNAFFILIATED,,UNAFFILIATED (no_party_code),2022-08-11 | 1998-02-05,"Bento directly reports 47 years of active service until reserve transfer on March 31, 2020. Article 142 paragraph 3 item V, introduced by constitutional amendment 18/1998, prohibits active-duty military party membership.",False,not_certified,needs_in_tenure_review,not_determined_from_this_record,unspecified_until_evidence_review,Validate legal office/service interval; inspect cited status scope; search in-tenure changes and contradictions; merge person aliases across appointments.
LEG-5b2c802041f5,jair_bolsonaro:0:62,bolsonaro,Adolfo Sachsida,Ministério de Minas e Energia,2022-05-11,2022-12-31,2022-05-11,UNRESOLVED,,UNAFFILIATED (no_party_code),2017-11-07 | 2024,Confirmed DEM affiliation in 2017; later academic table calls him DEM in 2022 after merger. No verified departure or successor continuity at May 2022 appointment.,False,not_certified,unresolved_at_legacy_start,not_determined_from_this_record,unspecified_until_evidence_review,Validate legal office/service interval; inspect cited status scope; search in-tenure changes and contradictions; merge person aliases across appointments.
LEG-b90af80ef12a,jair_bolsonaro:0:63,bolsonaro,Damares Alves,"Ministério da Mulher, da Família e dos Direitos Humanos",2019-01-01,2022-03-30,2019-01-01,PARTY,PP,UNRESOLVED (contributed no party),2020-08-26,"Dated reporting expressly establishes continuous PP affiliation since 1995, covering January 2019 appointment.",False,not_certified,needs_in_tenure_review,not_determined_from_this_record,unspecified_until_evidence_review,Validate legal office/service interval; inspect cited status scope; search in-tenure changes and contradictions; merge person aliases across appointments.
LEG-8c8c4650eaeb,jair_bolsonaro:0:64,bolsonaro,Cristiane Britto,"Ministério da Mulher, da Família e dos Direitos Humanos",2022-03-30,2022-12-31,2022-03-30,PARTY,Republicanos,Republicanos,2022-04-07,"Arko Advice contemporaneous April reform report, page 11, explicitly labels incoming Cristiane Britto as Republicanos.",False,not_certified,needs_in_tenure_review,not_determined_from_this_record,unspecified_until_evidence_review,Validate legal office/service interval; inspect cited status scope; search in-tenure changes and contradictions; merge person aliases across appointments.
LEG-d0cbe95249e0,jair_bolsonaro:0:65,bolsonaro,Ricardo Salles,Ministério do Meio Ambiente,2019-01-01,2021-06-23,2019-01-01,PARTY,NOVO,NOVO,2018-12-20,Contemporaneous Estadão report explicitly identifies incoming minister Ricardo Salles as Novo.,False,not_certified,needs_in_tenure_review,not_determined_from_this_record,unspecified_until_evidence_review,Validate legal office/service interval; inspect cited status scope; search in-tenure changes and contradictions; merge person aliases across appointments.
LEG-08ce7329060f,jair_bolsonaro:0:66,bolsonaro,Joaquim Alvaro Pereira Leite,Ministério do Meio Ambiente,2021-06-23,2022-12-31,2021-06-23,UNRESOLVED,,UNAFFILIATED (no_party_code),,"Dated career and appointment reporting located, but no evidence establishing party membership or explicit nonmembership at this original appointment start; raw blank/dash does not resolve status.",False,not_certified,unresolved_at_legacy_start,not_determined_from_this_record,unspecified_until_evidence_review,Validate legal office/service interval; inspect cited status scope; search in-tenure changes and contradictions; merge person aliases across appointments.
LEG-27cb82daf344,jair_bolsonaro:0:8,bolsonaro,Marcos Pontes,"Ministério da Ciência, Tecnologia e Inovações",2019-01-01,2022-03-31,2019-01-01,PARTY,PSL,PL,2018-10-31,Appointment announcement identifies Pontes as PSL; the November 26 incoming-cabinet roster independently agrees.,False,not_certified,needs_in_tenure_review,not_determined_from_this_record,unspecified_until_evidence_review,Validate legal office/service interval; inspect cited status scope; search in-tenure changes and contradictions; merge person aliases across appointments.
LEG-6e56717fdb65,jair_bolsonaro:0:9,bolsonaro,Paulo César Alvim,"Ministério da Ciência, Tecnologia e Inovações",2022-03-31,2022-12-31,2022-03-31,UNAFFILIATED,,UNAFFILIATED (no_party_code),2022-04-07,"Arko Advice contemporaneous April reform report, page 10, explicitly labels incoming office-holder unaffiliated.",False,not_certified,needs_in_tenure_review,not_determined_from_this_record,unspecified_until_evidence_review,Validate legal office/service interval; inspect cited status scope; search in-tenure changes and contradictions; merge person aliases across appointments.
LEG-8c2a099615fd,lula_2023_presente:2:10,lula_3,Paulo Teixeira,Desenvolvimento Agrário e Agricultura Familiar,2023-01-01,2026-03-19,2023-01-01,PARTY,PT,PT,2023-01-01,Inauguration-day roster explicitly identifies PT.,False,not_certified,needs_in_tenure_review,not_determined_from_this_record,unspecified_until_evidence_review,Validate legal office/service interval; inspect cited status scope; search in-tenure changes and contradictions; merge person aliases across appointments.
LEG-de8718bf31f7,lula_2023_presente:2:11,lula_3,Geraldo Alckmin,"Desenvolvimento, Indústria, Comércio e Serviços",2023-01-01,2026-03-19,2023-01-01,PARTY,PSB,PSB,2023-01-01,Inauguration-day roster explicitly identifies PSB.,False,not_certified,needs_in_tenure_review,not_determined_from_this_record,unspecified_until_evidence_review,Validate legal office/service interval; inspect cited status scope; search in-tenure changes and contradictions; merge person aliases across appointments.
LEG-880bd4a97d76,lula_2023_presente:2:12,lula_3,Wellington Dias,"Desenvolvimento e Assistência Social, Família e Combate à Fome",2023-01-01,2026-03-19,2023-01-01,PARTY,PT,PT,2023-01-01,Inauguration-day roster explicitly identifies PT.,False,not_certified,needs_in_tenure_review,not_determined_from_this_record,unspecified_until_evidence_review,Validate legal office/service interval; inspect cited status scope; search in-tenure changes and contradictions; merge person aliases across appointments.
LEG-5e67e9e2f44e,lula_2023_presente:2:13,lula_3,Silvio Almeida,Direitos Humanos e Cidadania,2023-01-01,2024-09-06,2023-01-01,UNAFFILIATED,,,2022-12-23,Dated incoming-cabinet profile explicitly identifies no party.,False,not_certified,needs_in_tenure_review,not_determined_from_this_record,unspecified_until_evidence_review,Validate legal office/service interval; inspect cited status scope; search in-tenure changes and contradictions; merge person aliases across appointments.
LEG-b9e8176baff8,lula_2023_presente:2:14,lula_3,Esther Dweck,Direitos Humanos e Cidadania,2024-09-06,2024-09-27,2024-09-06,UNRESOLVED,,,2024-09-07 | 2024-09-09,Conflicting contemporaneous explicit evidence: ICL says affiliated PT on her interim appointment; CartaCapital two days later lists Esther Dweck as unaffiliated. No dated filiation or disaffiliation record establishes a clear temporal resolution.,False,not_certified,unresolved_at_legacy_start,not_determined_from_this_record,unspecified_until_evidence_review,Validate legal office/service interval; inspect cited status scope; search in-tenure changes and contradictions; merge person aliases across appointments.
LEG-aaebea0a8273,lula_2023_presente:2:15,lula_3,Macaé Evaristo,Direitos Humanos e Cidadania,2024-09-27,2026-03-19,2024-09-27,PARTY,PT,PT,2024-09-10,Official legislative farewell statement identifies the departing deputy as PT when accepting this ministerial appointment.,False,not_certified,needs_in_tenure_review,not_determined_from_this_record,unspecified_until_evidence_review,Validate legal office/service interval; inspect cited status scope; search in-tenure changes and contradictions; merge person aliases across appointments.
LEG-0806dae15b5e,lula_2023_presente:2:16,lula_3,Camilo Santana,Educação,2023-01-01,2026-03-19,2023-01-01,PARTY,PT,PT,2023-01-01,Inauguration-day roster explicitly identifies PT.,False,not_certified,needs_in_tenure_review,not_determined_from_this_record,unspecified_until_evidence_review,Validate legal office/service interval; inspect cited status scope; search in-tenure changes and contradictions; merge person aliases across appointments.
LEG-2c6bb68fa80b,lula_2023_presente:2:17,lula_3,Márcio França,"Empreendedorismo, da Microempresa e da Empresa de Pequeno Porte",2023-09-13,2026-03-19,2023-09-13,PARTY,PSB,PSB,2023-09-13,Appointment-day report identifies the new minister as PSB.,False,not_certified,needs_in_tenure_review,not_determined_from_this_record,unspecified_until_evidence_review,Validate legal office/service interval; inspect cited status scope; search in-tenure changes and contradictions; merge person aliases across appointments.
LEG-6121a2ab7c3d,lula_2023_presente:2:18,lula_3,Ana Moser,Esporte,2023-01-01,2023-09-06,2023-01-01,UNAFFILIATED,,,2022-12-29,Incoming-cabinet roster places this appointment among explicitly unaffiliated ministers.,False,not_certified,needs_in_tenure_review,not_determined_from_this_record,unspecified_until_evidence_review,Validate legal office/service interval; inspect cited status scope; search in-tenure changes and contradictions; merge person aliases across appointments.
LEG-1c9c47573abc,lula_2023_presente:2:19,lula_3,André Fufuca,Esporte,2023-09-13,2026-03-19,2023-09-13,PARTY,PP,PP,2023-09-13,Appointment-day report identifies the new minister as PP.,False,not_certified,needs_in_tenure_review,not_determined_from_this_record,unspecified_until_evidence_review,Validate legal office/service interval; inspect cited status scope; search in-tenure changes and contradictions; merge person aliases across appointments.
LEG-90750f1c9b17,lula_2023_presente:2:2,lula_3,Carlos Fávaro,Agricultura e Pecuária,2023-01-01,2026-03-19,2023-01-01,PARTY,PSD,PSD,2023-01-01,Inauguration-day roster explicitly identifies PSD.,False,not_certified,needs_in_tenure_review,not_determined_from_this_record,unspecified_until_evidence_review,Validate legal office/service interval; inspect cited status scope; search in-tenure changes and contradictions; merge person aliases across appointments.
LEG-3b78d99c4156,lula_2023_presente:2:20,lula_3,Fernando Haddad,Fazenda,2023-01-01,2026-03-19,2023-01-01,PARTY,PT,PT,2023-01-01,Inauguration-day roster explicitly identifies PT.,False,not_certified,needs_in_tenure_review,not_determined_from_this_record,unspecified_until_evidence_review,Validate legal office/service interval; inspect cited status scope; search in-tenure changes and contradictions; merge person aliases across appointments.
LEG-e021896e2251,lula_2023_presente:2:21,lula_3,Dario Durigan,Fazenda,2026-03-19,2026-03-19,2026-03-19,UNRESOLVED,,,2026-03-20,Contemporaneous profile says not affiliated with PT; this does not exclude all other parties. Original 19 March included appointment date retained; no no-party inference from raw field.,False,not_certified,unresolved_at_legacy_start,not_determined_from_this_record,unspecified_until_evidence_review,Validate legal office/service interval; inspect cited status scope; search in-tenure changes and contradictions; merge person aliases across appointments.
LEG-da6ce3b869d1,lula_2023_presente:2:22,lula_3,Esther Dweck,Gestão e da Inovação em Serviços Públicos,2023-01-01,2026-03-19,2023-01-01,UNAFFILIATED,,,2022-12-23,Dated incoming-cabinet profile explicitly identifies no party.,False,not_certified,needs_in_tenure_review,not_determined_from_this_record,unspecified_until_evidence_review,Validate legal office/service interval; inspect cited status scope; search in-tenure changes and contradictions; merge person aliases across appointments.
LEG-78e62eb293bf,lula_2023_presente:2:23,lula_3,Anielle Franco,Igualdade Racial,2023-01-01,2026-03-19,2023-01-01,UNAFFILIATED,,PT,2022-12-23,Dated incoming-cabinet profile explicitly identifies no party. Veja 5 March 2025 explicitly distinguishes no party on entry from PT affiliation in April 2024.,False,not_certified,needs_in_tenure_review,not_determined_from_this_record,unspecified_until_evidence_review,Validate legal office/service interval; inspect cited status scope; search in-tenure changes and contradictions; merge person aliases across appointments.
LEG-3d0e51476ed5,lula_2023_presente:2:24,lula_3,Waldez Góes,Integração e Desenvolvimento Regional,2023-01-01,2026-03-19,2023-01-01,PARTY,PDT,PDT,2023-01-01,Inauguration-day roster explicitly identifies PDT.,False,not_certified,needs_in_tenure_review,not_determined_from_this_record,unspecified_until_evidence_review,Validate legal office/service interval; inspect cited status scope; search in-tenure changes and contradictions; merge person aliases across appointments.
LEG-a4d9f014f208,lula_2023_presente:2:25,lula_3,Flávio Dino,Justiça e Segurança Pública,2023-01-01,2024-02-01,2023-01-01,PARTY,PSB,PSB,2023-01-01,Inauguration-day roster explicitly identifies PSB.,False,not_certified,needs_in_tenure_review,not_determined_from_this_record,unspecified_until_evidence_review,Validate legal office/service interval; inspect cited status scope; search in-tenure changes and contradictions; merge person aliases across appointments.
LEG-cb17a8bd0c74,lula_2023_presente:2:26,lula_3,Ricardo Lewandowski,Justiça e Segurança Pública,2024-02-01,2026-01-09,2024-02-01,UNAFFILIATED,,,2024-01-10,Contemporaneous appointment reporting explicitly says Lewandowski has no party affiliation.,False,not_certified,needs_in_tenure_review,not_determined_from_this_record,unspecified_until_evidence_review,Validate legal office/service interval; inspect cited status scope; search in-tenure changes and contradictions; merge person aliases across appointments.
LEG-f1f3a25b37b6,lula_2023_presente:2:27,lula_3,Manoel Carlos de Almeida Neto,Justiça e Segurança Pública,2026-01-09,2026-01-13,2026-01-09,UNRESOLVED,,,2026-01-10,"Contemporary interim appointment profile describes legal career, but does not state party affiliation.",False,not_certified,unresolved_at_legacy_start,not_determined_from_this_record,unspecified_until_evidence_review,Validate legal office/service interval; inspect cited status scope; search in-tenure changes and contradictions; merge person aliases across appointments.
LEG-9017e8f64cc4,lula_2023_presente:2:28,lula_3,Wellington César Lima e Silva,Justiça e Segurança Pública,2026-01-13,2026-03-19,2026-01-13,UNRESOLVED,,,2026-01-13 | 2016-03-03,Official 2026 appointment note does not identify party. Explicit never-affiliated report in 2016 establishes that earlier date only; it cannot be automatically reused for 2026.,False,not_certified,unresolved_at_legacy_start,not_determined_from_this_record,unspecified_until_evidence_review,Validate legal office/service interval; inspect cited status scope; search in-tenure changes and contradictions; merge person aliases across appointments.
LEG-1d889ee6861c,lula_2023_presente:2:29,lula_3,Marina Silva,Meio Ambiente e Mudança do Clima,2023-01-01,2026-03-19,2023-01-01,PARTY,REDE,REDE,2023-01-01,Inauguration-day roster explicitly identifies REDE.,False,not_certified,needs_in_tenure_review,not_determined_from_this_record,unspecified_until_evidence_review,Validate legal office/service interval; inspect cited status scope; search in-tenure changes and contradictions; merge person aliases across appointments.
LEG-eedd92e5054e,lula_2023_presente:2:3,lula_3,Jader Barbalho Filho,Cidades,2023-01-01,2026-03-19,2023-01-01,PARTY,MDB,MDB,2023-01-01,Inauguration-day roster explicitly identifies MDB.,False,not_certified,needs_in_tenure_review,not_determined_from_this_record,unspecified_until_evidence_review,Validate legal office/service interval; inspect cited status scope; search in-tenure changes and contradictions; merge person aliases across appointments.
LEG-83c787ba4f24,lula_2023_presente:2:30,lula_3,Alexandre Silveira,Minas e Energia,2023-01-01,2026-03-19,2023-01-01,PARTY,PSD,PSD,2023-01-01,Inauguration-day roster explicitly identifies PSD.,False,not_certified,needs_in_tenure_review,not_determined_from_this_record,unspecified_until_evidence_review,Validate legal office/service interval; inspect cited status scope; search in-tenure changes and contradictions; merge person aliases across appointments.
LEG-08b47ecd20aa,lula_2023_presente:2:31,lula_3,Cida Gonçalves,Mulheres,2023-01-01,2025-05-05,2023-01-01,PARTY,PT,PT,2022-12-29,Incoming-cabinet roster includes Cida Gonçalves in the PT list.,False,not_certified,needs_in_tenure_review,not_determined_from_this_record,unspecified_until_evidence_review,Validate legal office/service interval; inspect cited status scope; search in-tenure changes and contradictions; merge person aliases across appointments.
LEG-84e6fcc03e23,lula_2023_presente:2:32,lula_3,Márcia Lopes,Mulheres,2025-05-05,2026-03-19,2025-05-05,PARTY,PT,PT,2025-05-05,Appointment report explicitly identifies Márcia Lopes as PT.,False,not_certified,needs_in_tenure_review,not_determined_from_this_record,unspecified_until_evidence_review,Validate legal office/service interval; inspect cited status scope; search in-tenure changes and contradictions; merge person aliases across appointments.
LEG-edf408f36c08,lula_2023_presente:2:33,lula_3,André de Paula,Pesca e Aquicultura,2023-01-01,2026-03-19,2023-01-01,PARTY,PSD,PSD,2023-01-01,Inauguration-day roster explicitly identifies PSD.,False,not_certified,needs_in_tenure_review,not_determined_from_this_record,unspecified_until_evidence_review,Validate legal office/service interval; inspect cited status scope; search in-tenure changes and contradictions; merge person aliases across appointments.
LEG-89a6204c7ce1,lula_2023_presente:2:34,lula_3,Simone Tebet,Planejamento e Orçamento,2023-01-01,2026-03-19,2023-01-01,PARTY,MDB,PSB,2023-01-01,Inauguration-day roster explicitly identifies MDB.,False,not_certified,needs_in_tenure_review,not_determined_from_this_record,unspecified_until_evidence_review,Validate legal office/service interval; inspect cited status scope; search in-tenure changes and contradictions; merge person aliases across appointments.
LEG-d183433abf9b,lula_2023_presente:2:35,lula_3,Márcio França,Portos e Aeroportos,2023-01-01,2023-09-06,2023-01-01,PARTY,PSB,PSB,2023-01-01,Inauguration-day roster explicitly identifies PSB.,False,not_certified,needs_in_tenure_review,not_determined_from_this_record,unspecified_until_evidence_review,Validate legal office/service interval; inspect cited status scope; search in-tenure changes and contradictions; merge person aliases across appointments.
LEG-71a45c6619da,lula_2023_presente:2:36,lula_3,Sílvio Costa Filho,Portos e Aeroportos,2023-09-13,2026-03-19,2023-09-13,PARTY,Republicanos,Republicanos,2023-09-13,Appointment-day report identifies the new minister as Republicanos.,False,not_certified,needs_in_tenure_review,not_determined_from_this_record,unspecified_until_evidence_review,Validate legal office/service interval; inspect cited status scope; search in-tenure changes and contradictions; merge person aliases across appointments.
LEG-84371a57fbec,lula_2023_presente:2:37,lula_3,Sônia Guajajara,Povos Indígenas,2023-01-01,2026-03-19,2023-01-01,PARTY,PSOL,PSOL,2023-01-01,Inauguration-day roster explicitly identifies PSOL.,False,not_certified,needs_in_tenure_review,not_determined_from_this_record,unspecified_until_evidence_review,Validate legal office/service interval; inspect cited status scope; search in-tenure changes and contradictions; merge person aliases across appointments.
LEG-f9f4e4420917,lula_2023_presente:2:38,lula_3,Carlos Lupi,Previdência Social,2023-01-01,2025-05-02,2023-01-01,PARTY,PDT,PDT,2023-01-01,Inauguration-day roster explicitly identifies PDT.,False,not_certified,needs_in_tenure_review,not_determined_from_this_record,unspecified_until_evidence_review,Validate legal office/service interval; inspect cited status scope; search in-tenure changes and contradictions; merge person aliases across appointments.
LEG-a42afb06472c,lula_2023_presente:2:39,lula_3,Wolney Queiroz,Previdência Social,2025-05-02,2026-03-19,2025-05-02,PARTY,PDT,PDT,2026-09-10,Official biography explicitly records uninterrupted PDT membership from 1992 through the May 2025 appointment; retrieval date shown.,False,not_certified,needs_in_tenure_review,not_determined_from_this_record,unspecified_until_evidence_review,Validate legal office/service interval; inspect cited status scope; search in-tenure changes and contradictions; merge person aliases across appointments.
LEG-a79dfb4e75e8,lula_2023_presente:2:4,lula_3,Luciana Santos,"Ciência, Tecnologia e Inovação",2023-01-01,2026-03-19,2023-01-01,PARTY,PCdoB,PCdoB,2023-01-01,Inauguration-day roster explicitly identifies PCdoB.,False,not_certified,needs_in_tenure_review,not_determined_from_this_record,unspecified_until_evidence_review,Validate legal office/service interval; inspect cited status scope; search in-tenure changes and contradictions; merge person aliases across appointments.
LEG-88618295577b,lula_2023_presente:2:40,lula_3,Mauro Vieira,Relações Exteriores,2023-01-01,2026-03-19,2023-01-01,UNAFFILIATED,,,2022-12-23,Dated incoming-cabinet profile explicitly identifies no party.,False,not_certified,needs_in_tenure_review,not_determined_from_this_record,unspecified_until_evidence_review,Validate legal office/service interval; inspect cited status scope; search in-tenure changes and contradictions; merge person aliases across appointments.
LEG-eba4482fcf14,lula_2023_presente:2:41,lula_3,Nísia Trindade,Saúde,2023-01-01,2025-03-10,2023-01-01,UNAFFILIATED,,,2022-12-23,Dated incoming-cabinet profile explicitly identifies no party.,False,not_certified,needs_in_tenure_review,not_determined_from_this_record,unspecified_until_evidence_review,Validate legal office/service interval; inspect cited status scope; search in-tenure changes and contradictions; merge person aliases across appointments.
LEG-ae881085444e,lula_2023_presente:2:42,lula_3,Alexandre Padilha,Saúde,2025-03-10,2026-03-19,2025-03-10,PARTY,PT,PT,2025-03-10,Appointment-day report explicitly identifies both Padilha and Hoffmann as PT.,False,not_certified,needs_in_tenure_review,not_determined_from_this_record,unspecified_until_evidence_review,Validate legal office/service interval; inspect cited status scope; search in-tenure changes and contradictions; merge person aliases across appointments.
LEG-6861963d73aa,lula_2023_presente:2:43,lula_3,Luiz Marinho,Trabalho e Emprego,2023-01-01,2026-03-19,2023-01-01,PARTY,PT,PT,2023-01-01,Inauguration-day roster explicitly identifies PT.,False,not_certified,needs_in_tenure_review,not_determined_from_this_record,unspecified_until_evidence_review,Validate legal office/service interval; inspect cited status scope; search in-tenure changes and contradictions; merge person aliases across appointments.
LEG-8ccea40b6f1d,lula_2023_presente:2:44,lula_3,Renan Filho,Transportes,2023-01-01,2026-03-19,2023-01-01,PARTY,MDB,MDB,2023-01-01,Inauguration-day roster explicitly identifies MDB.,False,not_certified,needs_in_tenure_review,not_determined_from_this_record,unspecified_until_evidence_review,Validate legal office/service interval; inspect cited status scope; search in-tenure changes and contradictions; merge person aliases across appointments.
LEG-caa1bb9ce390,lula_2023_presente:2:45,lula_3,Daniela Carneiro,Turismo,2023-01-01,2023-07-14,2023-01-01,PARTY,UNIÃO,UNIÃO,2023-01-01,Inauguration-day roster explicitly identifies UNIÃO.,False,not_certified,needs_in_tenure_review,not_determined_from_this_record,unspecified_until_evidence_review,Validate legal office/service interval; inspect cited status scope; search in-tenure changes and contradictions; merge person aliases across appointments.
LEG-68b75f23e045,lula_2023_presente:2:46,lula_3,Celso Sabino,Turismo,2023-08-03,2025-12-23,2023-08-03,PARTY,UNIÃO,UNIÃO,2023-08-18,Senate report identifies Sabino as União and expressly relates it to the appointment.,False,not_certified,needs_in_tenure_review,not_determined_from_this_record,unspecified_until_evidence_review,Validate legal office/service interval; inspect cited status scope; search in-tenure changes and contradictions; merge person aliases across appointments.
LEG-4f3b9ee61eb5,lula_2023_presente:2:47,lula_3,Gustavo Feliciano,Turismo,2025-12-23,2026-03-19,2025-12-23,UNAFFILIATED,,,2025-12-23,"Appointment-day reporting explicitly says Feliciano is unaffiliated, despite nomination by União allies.",False,not_certified,needs_in_tenure_review,not_determined_from_this_record,unspecified_until_evidence_review,Validate legal office/service interval; inspect cited status scope; search in-tenure changes and contradictions; merge person aliases across appointments.
LEG-026719312f03,lula_2023_presente:2:49,lula_3,Jorge Messias,Advocacia-Geral da União,2023-01-01,2026-03-19,2023-01-01,UNAFFILIATED,,PT,2022-12-23,Dated incoming-cabinet profile explicitly identifies no party.,False,not_certified,needs_in_tenure_review,not_determined_from_this_record,unspecified_until_evidence_review,Validate legal office/service interval; inspect cited status scope; search in-tenure changes and contradictions; merge person aliases across appointments.
LEG-b5c3c93f0a0d,lula_2023_presente:2:5,lula_3,Juscelino Filho,Comunicações,2023-01-01,2025-04-09,2023-01-01,PARTY,UNIÃO,UNIÃO,2023-01-01,Inauguration-day roster explicitly identifies UNIÃO.,False,not_certified,needs_in_tenure_review,not_determined_from_this_record,unspecified_until_evidence_review,Validate legal office/service interval; inspect cited status scope; search in-tenure changes and contradictions; merge person aliases across appointments.
LEG-b2f5b4a75ce6,lula_2023_presente:2:50,lula_3,Vinícius Marques de Carvalho,Controladoria-Geral da União,2023-01-01,2026-03-19,2023-01-01,UNAFFILIATED,,,2022-12-23,Dated incoming-cabinet profile explicitly identifies no party.,False,not_certified,needs_in_tenure_review,not_determined_from_this_record,unspecified_until_evidence_review,Validate legal office/service interval; inspect cited status scope; search in-tenure changes and contradictions; merge person aliases across appointments.
LEG-6a7f76111362,lula_2023_presente:2:51,lula_3,Rui Costa,Casa Civil,2023-01-01,2026-03-19,2023-01-01,PARTY,PT,PT,2023-01-01,Inauguration-day roster explicitly identifies PT.,False,not_certified,needs_in_tenure_review,not_determined_from_this_record,unspecified_until_evidence_review,Validate legal office/service interval; inspect cited status scope; search in-tenure changes and contradictions; merge person aliases across appointments.
LEG-acfd621740b2,lula_2023_presente:2:52,lula_3,Gonçalves Dias,Gabinete de Segurança Institucional,2023-01-01,2023-04-19,2023-01-01,UNAFFILIATED,,,2022-12-29,Incoming-cabinet roster places this appointment among explicitly unaffiliated ministers.,False,not_certified,needs_in_tenure_review,not_determined_from_this_record,unspecified_until_evidence_review,Validate legal office/service interval; inspect cited status scope; search in-tenure changes and contradictions; merge person aliases across appointments.
LEG-45dae6129acc,lula_2023_presente:2:53,lula_3,Ricardo Cappelli,Gabinete de Segurança Institucional,2023-04-19,2023-05-04,2023-04-19,PARTY,PSB,PSB,2023-04-19,Appointment-day reporting explicitly identifies Cappelli as PSB.,False,not_certified,needs_in_tenure_review,not_determined_from_this_record,unspecified_until_evidence_review,Validate legal office/service interval; inspect cited status scope; search in-tenure changes and contradictions; merge person aliases across appointments.
LEG-0183d30a8b9f,lula_2023_presente:2:54,lula_3,Marcos Antonio Amaro dos Santos,Gabinete de Segurança Institucional,2023-05-04,2026-03-19,2023-05-04,UNRESOLVED,,,2023-05-03 | 2025-03-05,"Appointment reporting establishes retired general status but not party. Later retrospective cabinet-change summary labels him no party and is suggestive, but does not explicitly establish no affiliation on 4 May 2023.",False,not_certified,unresolved_at_legacy_start,not_determined_from_this_record,unspecified_until_evidence_review,Validate legal office/service interval; inspect cited status scope; search in-tenure changes and contradictions; merge person aliases across appointments.
LEG-0a3ec5a276d9,lula_2023_presente:2:56,lula_3,Márcio Macêdo,Secretaria-Geral da Presidência da República,2023-01-01,2025-10-29,2023-01-01,PARTY,PT,PT,2023-01-01,Inauguration-day roster explicitly identifies PT.,False,not_certified,needs_in_tenure_review,not_determined_from_this_record,unspecified_until_evidence_review,Validate legal office/service interval; inspect cited status scope; search in-tenure changes and contradictions; merge person aliases across appointments.
LEG-e65045e234b2,lula_2023_presente:2:57,lula_3,Guilherme Boulos,Secretaria-Geral da Presidência da República,2025-10-29,2026-03-19,2025-10-29,PARTY,PSOL,PSOL,2025-10-29,Official news agency appointment-day profile explicitly identifies Boulos as affiliated to PSOL.,False,not_certified,needs_in_tenure_review,not_determined_from_this_record,unspecified_until_evidence_review,Validate legal office/service interval; inspect cited status scope; search in-tenure changes and contradictions; merge person aliases across appointments.
LEG-e020f6e27e56,lula_2023_presente:2:58,lula_3,Paulo Pimenta,Secretaria de Comunicação Social,2023-01-01,2025-01-08,2023-01-01,PARTY,PT,PT,2023-01-01,Inauguration-day roster explicitly identifies PT.,False,not_certified,needs_in_tenure_review,not_determined_from_this_record,unspecified_until_evidence_review,Validate legal office/service interval; inspect cited status scope; search in-tenure changes and contradictions; merge person aliases across appointments.
LEG-bca3c6c6edac,lula_2023_presente:2:59,lula_3,Laércio Portela,Secretaria de Comunicação Social,2024-05-15,2024-09-10,2024-05-15,UNRESOLVED,,,2024-05-15 | 2024-09-09,Appointment report does not explicitly identify party; September roster says no party without establishing May appointment status.,False,not_certified,unresolved_at_legacy_start,not_determined_from_this_record,unspecified_until_evidence_review,Validate legal office/service interval; inspect cited status scope; search in-tenure changes and contradictions; merge person aliases across appointments.
LEG-25f8de4303a5,lula_2023_presente:2:6,lula_3,Sônia Faustino Mendes,Comunicações,2025-04-09,2025-04-24,2025-04-09,UNRESOLVED,,,2026-09-10 | 2025-04-11,Official civil-servant curriculum (retrieved 10 September 2026) and contemporary interim-appointment reporting do not explicitly identify party affiliation. No no-party inference from career status.,False,not_certified,unresolved_at_legacy_start,not_determined_from_this_record,unspecified_until_evidence_review,Validate legal office/service interval; inspect cited status scope; search in-tenure changes and contradictions; merge person aliases across appointments.
LEG-e1bdeed31aec,lula_2023_presente:2:60,lula_3,Sidônio Palmeira,Secretaria de Comunicação Social,2025-01-07,2026-03-19,2025-01-07,UNRESOLVED,,,2025-01-15 | 2014-10-14,"First-person declaration of no affiliation on 14 January 2025 inauguration and earlier 2014 interview; diagnostic retains original production start 7 January, so direct evidence for the retained date is missing. The actual 14 January appointment would be UNAFFILIATED, but date correction is deferred.",False,not_certified,unresolved_at_legacy_start,not_determined_from_this_record,unspecified_until_evidence_review,Validate legal office/service interval; inspect cited status scope; search in-tenure changes and contradictions; merge person aliases across appointments.
LEG-260dc224b3b3,lula_2023_presente:2:61,lula_3,Paulo Pimenta,Secretaria Extraordinária da Presidência da República para Apoio à Reconstrução do Rio Grande do Sul,2024-05-15,2024-09-10,2024-05-15,PARTY,PT,PT,2024-05-16,PT contemporaneously records its minister Pimenta taking this new appointment; party continuity independently recorded in April 2024 CNN roster.,False,not_certified,needs_in_tenure_review,not_determined_from_this_record,unspecified_until_evidence_review,Validate legal office/service interval; inspect cited status scope; search in-tenure changes and contradictions; merge person aliases across appointments.
LEG-36e8fd8df999,lula_2023_presente:2:62,lula_3,Alexandre Padilha,Secretaria de Relações Institucionais,2023-01-01,2025-03-10,2023-01-01,PARTY,PT,PT,2023-01-01,Inauguration-day roster explicitly identifies PT.,False,not_certified,needs_in_tenure_review,not_determined_from_this_record,unspecified_until_evidence_review,Validate legal office/service interval; inspect cited status scope; search in-tenure changes and contradictions; merge person aliases across appointments.
LEG-21b9236f7995,lula_2023_presente:2:63,lula_3,Gleisi Hoffmann,Secretaria de Relações Institucionais,2025-03-10,2026-03-19,2025-03-10,PARTY,PT,PT,2025-03-10,Appointment-day report explicitly identifies both Padilha and Hoffmann as PT.,False,not_certified,needs_in_tenure_review,not_determined_from_this_record,unspecified_until_evidence_review,Validate legal office/service interval; inspect cited status scope; search in-tenure changes and contradictions; merge person aliases across appointments.
LEG-01028140cce5,lula_2023_presente:2:7,lula_3,Frederico Siqueira,Comunicações,2025-04-24,2026-03-19,2025-04-24,UNAFFILIATED,,,2025-04-24,Appointment-day profile explicitly distinguishes nomination through the União quota from no party affiliation.,False,not_certified,needs_in_tenure_review,not_determined_from_this_record,unspecified_until_evidence_review,Validate legal office/service interval; inspect cited status scope; search in-tenure changes and contradictions; merge person aliases across appointments.
LEG-ebab6522a877,lula_2023_presente:2:8,lula_3,Margareth Menezes,Cultura,2023-01-01,2026-03-19,2023-01-01,UNAFFILIATED,,,2022-12-23,Dated incoming-cabinet profile explicitly identifies no party.,False,not_certified,needs_in_tenure_review,not_determined_from_this_record,unspecified_until_evidence_review,Validate legal office/service interval; inspect cited status scope; search in-tenure changes and contradictions; merge person aliases across appointments.
LEG-49030b7594f1,lula_2023_presente:2:9,lula_3,José Múcio,Defesa,2023-01-01,2026-03-19,2023-01-01,UNAFFILIATED,,,2022-12-23,Veja explicitly distinguishes his former PTB affiliation before TCU service from no party at appointment; independent 29 December roster also lists no party.,False,not_certified,needs_in_tenure_review,not_determined_from_this_record,unspecified_until_evidence_review,Validate legal office/service interval; inspect cited status scope; search in-tenure changes and contradictions; merge person aliases across appointments.
LEG-7d94ee1b94f6,michel_temer:0:1,temer,Fábio Medina Osório,Advocacia-Geral da União,2016-05-12,2016-09-09,2016-05-12,UNAFFILIATED,,,2016-05,Contemporaneous FPA May 2016 cabinet roster p11 explicitly identifies no party.,False,not_certified,needs_in_tenure_review,not_determined_from_this_record,unspecified_until_evidence_review,Validate legal office/service interval; inspect cited status scope; search in-tenure changes and contradictions; merge person aliases across appointments.
LEG-689fffcf6dc3,michel_temer:0:10,temer,Marcelo Calero,Cultura,2016-05-24,2016-11-18,2016-05-24,PARTY,PMDB,MDB,2016-11-29,Own dated statement establishes PMDB membership from September 2015; overrides contemporaneous DIAP no-party shorthand.,False,not_certified,needs_in_tenure_review,not_determined_from_this_record,unspecified_until_evidence_review,Validate legal office/service interval; inspect cited status scope; search in-tenure changes and contradictions; merge person aliases across appointments.
LEG-5229971714f3,michel_temer:0:11,temer,Roberto Freire,Cultura,2016-11-23,2017-05-22,2016-11-23,PARTY,PPS,PPS,2016-11-23,Chamber historical record identifies PPS mandate and ministerial appointment leave on November 23.,False,not_certified,needs_in_tenure_review,not_determined_from_this_record,unspecified_until_evidence_review,Validate legal office/service interval; inspect cited status scope; search in-tenure changes and contradictions; merge person aliases across appointments.
LEG-7139e1851d7d,michel_temer:0:12,temer,João Batista de Andrade,Cultura,2017-05-22,2017-06-16,2017-05-22,PARTY,PPS,PPS,2017-06-16,Contemporaneous interview identifies PPS affiliation; academic reconstruction explicitly identifies PPS during the interim appointment using TSE-linked and biographical records.,False,not_certified,needs_in_tenure_review,not_determined_from_this_record,unspecified_until_evidence_review,Validate legal office/service interval; inspect cited status scope; search in-tenure changes and contradictions; merge person aliases across appointments.
LEG-5041fedb5f1c,michel_temer:0:13,temer,Sérgio Sá Leitão,Cultura,2017-07-25,2018-12-31,2017-07-25,UNAFFILIATED,,,2023,"Pedro De Cillo Rodrigues biographical research p81 explicitly states he never affiliated with a party, covering PT/MDB/PSDB government service; corroborates contemporaneous July 2018 UOL no-party roster.",False,not_certified,needs_in_tenure_review,not_determined_from_this_record,unspecified_until_evidence_review,Validate legal office/service interval; inspect cited status scope; search in-tenure changes and contradictions; merge person aliases across appointments.
LEG-9d878ec47da4,michel_temer:0:14,temer,Luislinda Valois,Direitos Humanos,2017-02-03,2018-02-19,2017-02-03,PARTY,PSDB,PSDB,2017-02-03,Official party appointment-day announcement identifies its member.,False,not_certified,needs_in_tenure_review,not_determined_from_this_record,unspecified_until_evidence_review,Validate legal office/service interval; inspect cited status scope; search in-tenure changes and contradictions; merge person aliases across appointments.
LEG-422e9936450e,michel_temer:0:15,temer,Gustavo Rocha,Direitos Humanos,2018-02-20,2018-12-31,2018-02-20,UNAFFILIATED,,,2025-09-17,"Direct statement at first party membership ceremony: never previously had party affiliation; his first membership is Republicanos in September 2025, after 2018 appointment.",False,not_certified,needs_in_tenure_review,not_determined_from_this_record,unspecified_until_evidence_review,Validate legal office/service interval; inspect cited status scope; search in-tenure changes and contradictions; merge person aliases across appointments.
LEG-2f2c95a35e85,michel_temer:0:16,temer,Fabiano Silveira,"Fiscalização, Transparência e Controladoria-Geral da União",2016-05-12,2016-05-30,2016-05-12,UNAFFILIATED,,,2016-12,"Gomes, Revista da CGU 8(13), Table 3 p464 and historical membership index pp471-472 explicitly report no affiliation for the 2003-2016 period; direct study of official records, LAI and biographical data.",False,not_certified,needs_in_tenure_review,not_determined_from_this_record,unspecified_until_evidence_review,Validate legal office/service interval; inspect cited status scope; search in-tenure changes and contradictions; merge person aliases across appointments.
LEG-10ae0d5a66c3,michel_temer:0:17,temer,Carlos Higino Ribeiro de Alencar,"Fiscalização, Transparência e Controladoria-Geral da União",2016-05-30,2016-06-01,2016-05-30,UNAFFILIATED,,,2016-12,"Gomes, Revista da CGU 8(13), Table 3 p464 and historical membership index pp471-472 explicitly report no affiliation for the 2003-2016 period; direct study of official records, LAI and biographical data.",False,not_certified,needs_in_tenure_review,not_determined_from_this_record,unspecified_until_evidence_review,Validate legal office/service interval; inspect cited status scope; search in-tenure changes and contradictions; merge person aliases across appointments.
LEG-220a8c056a08,michel_temer:0:18,temer,Torquato Jardim,"Fiscalização, Transparência e Controladoria-Geral da União",2016-06-02,2017-05-31,2016-06-02,UNAFFILIATED,,,2016-05/2016-06,Contemporaneous DIAP cabinet directory explicitly identifies no party.,False,not_certified,needs_in_tenure_review,not_determined_from_this_record,unspecified_until_evidence_review,Validate legal office/service interval; inspect cited status scope; search in-tenure changes and contradictions; merge person aliases across appointments.
LEG-300fa8e71e1b,michel_temer:0:19,temer,Wagner de Campos Rosário,"Fiscalização, Transparência e Controladoria-Geral da União",2017-05-31,2018-12-31,2017-05-31,UNRESOLVED,,,2018-07-11,"Explicit no-party report in July2018, but no appointment-start evidence or retrospective continuity statement located for May2017.",False,not_certified,unresolved_at_legacy_start,not_determined_from_this_record,unspecified_until_evidence_review,Validate legal office/service interval; inspect cited status scope; search in-tenure changes and contradictions; merge person aliases across appointments.
LEG-f2b0ba61be8c,michel_temer:0:2,temer,Grace Mendonça,Advocacia-Geral da União,2016-09-09,2018-12-31,2016-09-09,PARTY,PSDB,PSDB,2016-09-21,Report reproduces electoral affiliation certificate from April 30 1997; planned subsequent departure does not affect appointment.,False,not_certified,needs_in_tenure_review,not_determined_from_this_record,unspecified_until_evidence_review,Validate legal office/service interval; inspect cited status scope; search in-tenure changes and contradictions; merge person aliases across appointments.
LEG-6de03bbf7354,michel_temer:0:20,temer,Mendonça Filho,Educação,2016-05-12,2018-04-06,2016-05-12,PARTY,DEM,DEM,2016-05-12,Reuters appointment-day roster identifies party.,False,not_certified,needs_in_tenure_review,not_determined_from_this_record,unspecified_until_evidence_review,Validate legal office/service interval; inspect cited status scope; search in-tenure changes and contradictions; merge person aliases across appointments.
LEG-583e1fef9251,michel_temer:0:21,temer,Rossieli Soares,Educação,2018-04-10,2018-12-31,2018-04-10,UNAFFILIATED,,,2018-04-10,Contemporaneous appointment roster explicitly says no party.,False,not_certified,needs_in_tenure_review,not_determined_from_this_record,unspecified_until_evidence_review,Validate legal office/service interval; inspect cited status scope; search in-tenure changes and contradictions; merge person aliases across appointments.
LEG-5f81e43d920a,michel_temer:0:22,temer,Raul Jungmann,Defesa,2016-05-12,2018-02-27,2016-05-12,PARTY,PPS,PPS,2016-05-12,Reuters appointment-day roster identifies party.,False,not_certified,needs_in_tenure_review,not_determined_from_this_record,unspecified_until_evidence_review,Validate legal office/service interval; inspect cited status scope; search in-tenure changes and contradictions; merge person aliases across appointments.
LEG-509151491adc,michel_temer:0:23,temer,Joaquim Silva e Luna,Defesa,2018-02-26,2018-12-31,2018-02-26,UNRESOLVED,,,2023-06-10 / 2018-07-11,Later Republicanos entry and July2018 no-party roster are insufficient alone to prove no-party at February2018 appointment. No first-ever-membership declaration located.,False,not_certified,unresolved_at_legacy_start,not_determined_from_this_record,unspecified_until_evidence_review,Validate legal office/service interval; inspect cited status scope; search in-tenure changes and contradictions; merge person aliases across appointments.
LEG-839c037f9735,michel_temer:0:24,temer,Osmar Terra,Desenvolvimento Social e Agrário,2016-05-12,2018-04-06,2016-05-12,PARTY,PMDB,MDB,2016-05-12,Reuters appointment-day roster identifies party.,False,not_certified,needs_in_tenure_review,not_determined_from_this_record,unspecified_until_evidence_review,Validate legal office/service interval; inspect cited status scope; search in-tenure changes and contradictions; merge person aliases across appointments.
LEG-8e386223a64d,michel_temer:0:25,temer,Alberto Beltrame,Desenvolvimento Social e Agrário,2018-04-06,2018-12-31,2018-04-06,PARTY,MDB,,2018-04-10,Contemporaneous appointment roster identifies MDB.,False,not_certified,needs_in_tenure_review,not_determined_from_this_record,unspecified_until_evidence_review,Validate legal office/service interval; inspect cited status scope; search in-tenure changes and contradictions; merge person aliases across appointments.
LEG-43b835cc62f8,michel_temer:0:28,temer,Leonardo Picciani,Esporte,2016-05-12,2018-04-06,2016-05-12,PARTY,PMDB,MDB,2016-05-12,Reuters appointment-day roster identifies party.,False,not_certified,needs_in_tenure_review,not_determined_from_this_record,unspecified_until_evidence_review,Validate legal office/service interval; inspect cited status scope; search in-tenure changes and contradictions; merge person aliases across appointments.
LEG-d2b6ba0c63b5,michel_temer:0:29,temer,Leandro Cruz Fróes da Silva,Esporte,2018-04-06,2018-12-31,2018-04-06,UNAFFILIATED,,,2019-05-23,Published correction reports ministerial press office statement that he was never affiliated to MDB; corroborated by IPEA 2021 NT53.,False,not_certified,needs_in_tenure_review,not_determined_from_this_record,unspecified_until_evidence_review,Validate legal office/service interval; inspect cited status scope; search in-tenure changes and contradictions; merge person aliases across appointments.
LEG-80fb13f63f08,michel_temer:0:3,temer,Blairo Maggi,"Agricultura, Pecuária e Abastecimento",2016-05-12,2018-12-31,2016-05-12,PARTY,PP,PP,2016-05-12,Reuters appointment-day roster identifies party.,False,not_certified,needs_in_tenure_review,not_determined_from_this_record,unspecified_until_evidence_review,Validate legal office/service interval; inspect cited status scope; search in-tenure changes and contradictions; merge person aliases across appointments.
LEG-aa24caf1c8cd,michel_temer:0:30,temer,Henrique Meirelles,Fazenda e Previdência Social,2016-05-12,2018-04-06,2016-05-12,PARTY,PSD,MDB,2016-05-12,Reuters appointment-day roster identifies party.,False,not_certified,needs_in_tenure_review,not_determined_from_this_record,unspecified_until_evidence_review,Validate legal office/service interval; inspect cited status scope; search in-tenure changes and contradictions; merge person aliases across appointments.
LEG-fbbfb4d9d59f,michel_temer:0:31,temer,Eduardo Guardia,Fazenda e Previdência Social,2018-04-06,2018-12-31,2018-04-06,UNAFFILIATED,,,2018-04-10,Contemporaneous appointment roster explicitly says no party.,False,not_certified,needs_in_tenure_review,not_determined_from_this_record,unspecified_until_evidence_review,Validate legal office/service interval; inspect cited status scope; search in-tenure changes and contradictions; merge person aliases across appointments.
LEG-d4d6ed48816a,michel_temer:0:32,temer,Helder Barbalho,Integração Nacional,2016-05-12,2018-04-06,2016-05-12,PARTY,PMDB,MDB,2016-05-12,Reuters appointment-day roster identifies party.,False,not_certified,needs_in_tenure_review,not_determined_from_this_record,unspecified_until_evidence_review,Validate legal office/service interval; inspect cited status scope; search in-tenure changes and contradictions; merge person aliases across appointments.
LEG-8553657ff23b,michel_temer:0:33,temer,Pádua Andrade,Integração Nacional,2018-04-10,2018-12-31,2018-04-10,UNRESOLVED,,,2018-04-10 / 2018-04-11,Contemporaneous rosters conflict: UOL says no party; newspaper clipping labels MDB. Individual Wikipedia biography asserts PMDB joining in2017 but statement has no clearly supporting citation; bounded follow-up did not substantiate it independently.,False,not_certified,unresolved_at_legacy_start,not_determined_from_this_record,unspecified_until_evidence_review,Validate legal office/service interval; inspect cited status scope; search in-tenure changes and contradictions; merge person aliases across appointments.
LEG-5cd7ab190ecc,michel_temer:0:34,temer,Alexandre de Moraes,Justiça,2016-05-12,2017-02-22,2016-05-12,PARTY,PSDB,PSDB,2016-05-12,Reuters appointment-day roster identifies party.,False,not_certified,needs_in_tenure_review,not_determined_from_this_record,unspecified_until_evidence_review,Validate legal office/service interval; inspect cited status scope; search in-tenure changes and contradictions; merge person aliases across appointments.
LEG-8668ded98bde,michel_temer:0:35,temer,José Levi,Justiça,2017-02-07,2017-03-07,2017-02-07,UNRESOLVED,,,,Bounded name/party/filiação and contemporary appointment searches did not locate dated formal affiliation or explicit absence evidence. Blank pinned field and technical career are insufficient.,False,not_certified,unresolved_at_legacy_start,not_determined_from_this_record,unspecified_until_evidence_review,Validate legal office/service interval; inspect cited status scope; search in-tenure changes and contradictions; merge person aliases across appointments.
LEG-e8ffefa1056b,michel_temer:0:36,temer,Osmar Serraglio,Justiça,2017-03-07,2017-05-31,2017-03-07,PARTY,PMDB,MDB,2017-03-07,Appointment-day report identifies PMDB parliamentary affiliation.,False,not_certified,needs_in_tenure_review,not_determined_from_this_record,unspecified_until_evidence_review,Validate legal office/service interval; inspect cited status scope; search in-tenure changes and contradictions; merge person aliases across appointments.
LEG-fc6bc5c9fcd6,michel_temer:0:37,temer,Torquato Jardim,Justiça,2017-05-31,2018-12-31,2017-05-31,UNAFFILIATED,,,2017-05-29,Contemporaneous new-appointment report explicitly identifies no party.,False,not_certified,needs_in_tenure_review,not_determined_from_this_record,unspecified_until_evidence_review,Validate legal office/service interval; inspect cited status scope; search in-tenure changes and contradictions; merge person aliases across appointments.
LEG-0e05a77ccc65,michel_temer:0:38,temer,Sarney Filho,Meio Ambiente,2016-05-12,2018-04-06,2016-05-12,PARTY,PV,PV,2016-05-12,Reuters appointment-day roster identifies party.,False,not_certified,needs_in_tenure_review,not_determined_from_this_record,unspecified_until_evidence_review,Validate legal office/service interval; inspect cited status scope; search in-tenure changes and contradictions; merge person aliases across appointments.
LEG-3ef836b8a40d,michel_temer:0:4,temer,Ilan Goldfajn,Banco Central,2016-06-09,2018-12-31,2016-06-09,UNAFFILIATED,,,2022-11-17,Bloomberg interview explicitly reports his statement that he had never belonged to any political party; establishes unaffiliated status backward to 2016 appointment.,False,not_certified,needs_in_tenure_review,not_determined_from_this_record,unspecified_until_evidence_review,Validate legal office/service interval; inspect cited status scope; search in-tenure changes and contradictions; merge person aliases across appointments.
LEG-2f8bf5705498,michel_temer:0:40,temer,Fernando Bezerra Coelho Filho,Minas e Energia,2016-05-12,2018-04-06,2016-05-12,PARTY,PSB,PSB,2016-05-12,Reuters appointment-day roster identifies party.,False,not_certified,needs_in_tenure_review,not_determined_from_this_record,unspecified_until_evidence_review,Validate legal office/service interval; inspect cited status scope; search in-tenure changes and contradictions; merge person aliases across appointments.
LEG-c9ecc2f3d167,michel_temer:0:41,temer,Moreira Franco,Minas e Energia,2018-04-06,2018-12-31,2018-04-06,PARTY,MDB,MDB,2018-04-10,Contemporaneous appointment roster identifies MDB.,False,not_certified,needs_in_tenure_review,not_determined_from_this_record,unspecified_until_evidence_review,Validate legal office/service interval; inspect cited status scope; search in-tenure changes and contradictions; merge person aliases across appointments.
LEG-5584b8519f7d,michel_temer:0:42,temer,Romero Jucá,"Planejamento, Orçamento e Gestão",2016-05-12,2016-05-23,2016-05-12,PARTY,PMDB,MDB,2016-05-12,Reuters appointment-day roster identifies party.,False,not_certified,needs_in_tenure_review,not_determined_from_this_record,unspecified_until_evidence_review,Validate legal office/service interval; inspect cited status scope; search in-tenure changes and contradictions; merge person aliases across appointments.
LEG-e96dc186b8a7,michel_temer:0:43,temer,Dyogo Oliveira,"Planejamento, Orçamento e Gestão",2016-05-23,2018-04-07,2016-05-23,UNAFFILIATED,,MDB,2016-05/2016-06,Contemporaneous DIAP cabinet directory explicitly identifies no party.,False,not_certified,needs_in_tenure_review,not_determined_from_this_record,unspecified_until_evidence_review,Validate legal office/service interval; inspect cited status scope; search in-tenure changes and contradictions; merge person aliases across appointments.
LEG-d0da31186ebc,michel_temer:0:44,temer,Esteves Colnago,"Planejamento, Orçamento e Gestão",2018-04-10,2018-12-31,2018-04-10,UNRESOLVED,,,2018-04-10 / 2018-07-11,"April UOL roster says MDB, July UOL roster says no party; actual affiliation versus political nomination not resolved.",False,not_certified,unresolved_at_legacy_start,not_determined_from_this_record,unspecified_until_evidence_review,Validate legal office/service interval; inspect cited status scope; search in-tenure changes and contradictions; merge person aliases across appointments.
LEG-576bc18c4ce8,michel_temer:0:45,temer,José Serra,Relações Exteriores,2016-05-12,2017-02-22,2016-05-12,PARTY,PSDB,PSDB,2016-05-12,Reuters appointment-day roster identifies party.,False,not_certified,needs_in_tenure_review,not_determined_from_this_record,unspecified_until_evidence_review,Validate legal office/service interval; inspect cited status scope; search in-tenure changes and contradictions; merge person aliases across appointments.
LEG-5932ad93e7d8,michel_temer:0:46,temer,Marcos Galvão,Relações Exteriores,2017-02-22,2017-03-07,2017-02-22,UNRESOLVED,,,,Bounded name/party/filiação and contemporary appointment searches did not locate dated formal affiliation or explicit absence evidence. Blank pinned field and technical career are insufficient.,False,not_certified,unresolved_at_legacy_start,not_determined_from_this_record,unspecified_until_evidence_review,Validate legal office/service interval; inspect cited status scope; search in-tenure changes and contradictions; merge person aliases across appointments.
LEG-a7368f6c8a7a,michel_temer:0:47,temer,Aloysio Nunes,Relações Exteriores,2017-03-07,2018-12-31,2017-03-07,PARTY,PSDB,PSDB,2017-03-07,Appointment-day report identifies PSDB parliamentary affiliation.,False,not_certified,needs_in_tenure_review,not_determined_from_this_record,unspecified_until_evidence_review,Validate legal office/service interval; inspect cited status scope; search in-tenure changes and contradictions; merge person aliases across appointments.
LEG-7f67dc077f97,michel_temer:0:48,temer,Ricardo Barros,Saúde,2016-05-12,2018-04-02,2016-05-12,PARTY,PP,PP,2016-05-12,Reuters appointment-day roster identifies party.,False,not_certified,needs_in_tenure_review,not_determined_from_this_record,unspecified_until_evidence_review,Validate legal office/service interval; inspect cited status scope; search in-tenure changes and contradictions; merge person aliases across appointments.
LEG-38ee851b91b5,michel_temer:0:49,temer,Gilberto Occhi,Saúde,2018-04-02,2018-12-31,2018-04-02,PARTY,PP,PP,2018-04-02 / 2018-04-28,Appointment-day report identifies PP; April28 A União explicitly confirms individual PP membership.,False,not_certified,needs_in_tenure_review,not_determined_from_this_record,unspecified_until_evidence_review,Validate legal office/service interval; inspect cited status scope; search in-tenure changes and contradictions; merge person aliases across appointments.
LEG-f764ca51f313,michel_temer:0:5,temer,Eliseu Padilha,Casa Civil,2016-05-12,2018-12-31,2016-05-12,PARTY,PMDB,MDB,2016-05-12,Reuters appointment-day roster identifies party.,False,not_certified,needs_in_tenure_review,not_determined_from_this_record,unspecified_until_evidence_review,Validate legal office/service interval; inspect cited status scope; search in-tenure changes and contradictions; merge person aliases across appointments.
LEG-79c599cac5ac,michel_temer:0:53,temer,Moreira Franco,Secretaria-Geral,2017-02-03,2018-04-06,2017-02-03,PARTY,PMDB,MDB,2017-02-03,Appointment-day report identifies PMDB leader.,False,not_certified,needs_in_tenure_review,not_determined_from_this_record,unspecified_until_evidence_review,Validate legal office/service interval; inspect cited status scope; search in-tenure changes and contradictions; merge person aliases across appointments.
LEG-f0e3878b0b42,michel_temer:0:55,temer,Ronaldo Fonseca,Secretaria-Geral,2018-05-28,2018-12-31,2018-05-28,UNAFFILIATED,,PODE,2018-05-24,Official party notice ends affiliation four days before ministerial appointment.,False,not_certified,needs_in_tenure_review,not_determined_from_this_record,unspecified_until_evidence_review,Validate legal office/service interval; inspect cited status scope; search in-tenure changes and contradictions; merge person aliases across appointments.
LEG-8259181f231d,michel_temer:0:56,temer,Sérgio Etchegoyen,Gabinete de Segurança Institucional,2016-05-12,2018-12-31,2016-05-12,UNAFFILIATED,,,2016-05/2016-06,Contemporaneous DIAP cabinet directory explicitly identifies no party.,False,not_certified,needs_in_tenure_review,not_determined_from_this_record,unspecified_until_evidence_review,Validate legal office/service interval; inspect cited status scope; search in-tenure changes and contradictions; merge person aliases across appointments.
LEG-9fcbb2439062,michel_temer:0:57,temer,Ronaldo Nogueira,Trabalho,2016-05-12,2017-12-27,2016-05-12,PARTY,PTB,PTB,2016-05-12,Reuters appointment-day roster identifies party.,False,not_certified,needs_in_tenure_review,not_determined_from_this_record,unspecified_until_evidence_review,Validate legal office/service interval; inspect cited status scope; search in-tenure changes and contradictions; merge person aliases across appointments.
LEG-03cf04d9b8ec,michel_temer:0:59,temer,Helton Yomura,Trabalho,2018-01-01,2018-07-05,2018-01-01,PARTY,PTB,,2018-02-20,Dated profile establishes PTB membership from December 2014; spans January 2018 appointment.,False,not_certified,needs_in_tenure_review,not_determined_from_this_record,unspecified_until_evidence_review,Validate legal office/service interval; inspect cited status scope; search in-tenure changes and contradictions; merge person aliases across appointments.
LEG-24485aa54403,michel_temer:0:6,temer,Bruno Araújo,Cidades,2016-05-12,2017-11-13,2016-05-12,PARTY,PSDB,PSDB,2016-05-12,Reuters appointment-day roster identifies party.,False,not_certified,needs_in_tenure_review,not_determined_from_this_record,unspecified_until_evidence_review,Validate legal office/service interval; inspect cited status scope; search in-tenure changes and contradictions; merge person aliases across appointments.
LEG-2fc1de1192dc,michel_temer:0:60,temer,Caio Vieira de Mello,Trabalho,2018-07-10,2018-12-31,2018-07-10,UNAFFILIATED,,,2018-07-11,Next-day appointment reporting explicitly identifies no party.,False,not_certified,needs_in_tenure_review,not_determined_from_this_record,unspecified_until_evidence_review,Validate legal office/service interval; inspect cited status scope; search in-tenure changes and contradictions; merge person aliases across appointments.
LEG-149db8d513f8,michel_temer:0:61,temer,Maurício Quintella Lessa,"Transportes, Portos e Aviação Civil",2016-05-12,2018-04-02,2016-05-12,PARTY,PR,,2016-05-12,Reuters appointment-day roster identifies party.,False,not_certified,needs_in_tenure_review,not_determined_from_this_record,unspecified_until_evidence_review,Validate legal office/service interval; inspect cited status scope; search in-tenure changes and contradictions; merge person aliases across appointments.
LEG-1b538294c425,michel_temer:0:62,temer,Valter Casimiro Silveira,"Transportes, Portos e Aviação Civil",2018-04-02,2018-12-31,2018-04-02,UNRESOLVED,,,2018-07-11,"Later roster says no party; appointment reporting describes PR nomination. Nomination is not formal affiliation, and July status alone is not April start evidence.",False,not_certified,unresolved_at_legacy_start,not_determined_from_this_record,unspecified_until_evidence_review,Validate legal office/service interval; inspect cited status scope; search in-tenure changes and contradictions; merge person aliases across appointments.
LEG-0ac27f4dceb2,michel_temer:0:63,temer,Henrique Eduardo Alves,Turismo,2016-05-12,2016-06-16,2016-05-12,PARTY,PMDB,MDB,2016-05-12,Reuters appointment-day roster identifies party.,False,not_certified,needs_in_tenure_review,not_determined_from_this_record,unspecified_until_evidence_review,Validate legal office/service interval; inspect cited status scope; search in-tenure changes and contradictions; merge person aliases across appointments.
LEG-b9d4dcb53939,michel_temer:0:64,temer,Alberto Alves,Turismo,2016-06-17,2016-10-05,2016-06-17,UNRESOLVED,,,2016-03-30,Appointment profile describes PMDB nomination and technical credentials but does not establish formal affiliation. Applies separately to both Dilma and Temer appointment records.,False,not_certified,unresolved_at_legacy_start,not_determined_from_this_record,unspecified_until_evidence_review,Validate legal office/service interval; inspect cited status scope; search in-tenure changes and contradictions; merge person aliases across appointments.
LEG-989e2fecd8ae,michel_temer:0:65,temer,Marx Beltrão,Turismo,2016-10-05,2018-04-06,2016-10-05,PARTY,PMDB,MDB,2016-10-04,Contemporaneous appointment announcement identifies PMDB.,False,not_certified,needs_in_tenure_review,not_determined_from_this_record,unspecified_until_evidence_review,Validate legal office/service interval; inspect cited status scope; search in-tenure changes and contradictions; merge person aliases across appointments.
LEG-8174e12a8374,michel_temer:0:66,temer,Vinicius Lummertz,Turismo,2018-04-10,2018-12-31,2018-04-10,UNRESOLVED,,,2018-04-10 / 2018-04-11,Contemporaneous roster labels conflict between no party and MDB; later2019 explicit MDB affiliation does not by itself establish appointment-date continuity.,False,not_certified,unresolved_at_legacy_start,not_determined_from_this_record,unspecified_until_evidence_review,Validate legal office/service interval; inspect cited status scope; search in-tenure changes and contradictions; merge person aliases across appointments.
LEG-65320282090a,michel_temer:0:67,temer,Raul Jungmann,Segurança Pública,2018-02-27,2018-12-31,2018-02-27,PARTY,PPS,PPS,2018-02-27,Appointment-day report identifies PPS; departure from PPS on March 21 was subsequent.,False,not_certified,needs_in_tenure_review,not_determined_from_this_record,unspecified_until_evidence_review,Validate legal office/service interval; inspect cited status scope; search in-tenure changes and contradictions; merge person aliases across appointments.
LEG-5bb831c94f66,michel_temer:0:7,temer,Marco Aurélio de Queiroz Campos,Cidades,2017-11-13,2017-11-22,2017-11-13,UNRESOLVED,,,,Bounded name/party/filiação and contemporary appointment searches did not locate dated formal affiliation or explicit absence evidence. Blank pinned field and technical career are insufficient.,False,not_certified,unresolved_at_legacy_start,not_determined_from_this_record,unspecified_until_evidence_review,Validate legal office/service interval; inspect cited status scope; search in-tenure changes and contradictions; merge person aliases across appointments.
LEG-f3dd9541904a,michel_temer:0:8,temer,Alexandre Baldy,Cidades,2017-11-22,2018-12-31,2017-11-22,UNAFFILIATED,,PP,2017-11-22,Agência Brasil appointment-day report explicitly says unaffiliated after leaving Podemos; PP membership prospective.,False,not_certified,needs_in_tenure_review,not_determined_from_this_record,unspecified_until_evidence_review,Validate legal office/service interval; inspect cited status scope; search in-tenure changes and contradictions; merge person aliases across appointments.
LEG-9c027191b36e,michel_temer:0:9,temer,Gilberto Kassab,"Ciência, Tecnologia, Inovações e Comunicações",2016-05-12,2018-12-31,2016-05-12,PARTY,PSD,PSD,2016-05-12,Reuters appointment-day roster identifies party.,False,not_certified,needs_in_tenure_review,not_determined_from_this_record,unspecified_until_evidence_review,Validate legal office/service interval; inspect cited status scope; search in-tenure changes and contradictions; merge person aliases across appointments.
