table,record_id,change_kind,changed_fields,before_json,after_json
affiliations.csv,affiliation-034b56f974be,updated,evidence_ids;decision_ids,"{""affiliation_id"": ""affiliation-034b56f974be"", ""alternatives"": ""[]"", ""date_earliest"": """", ""date_latest"": """", ""date_status"": ""evidence_supported"", ""decision_ids"": ""PERSON-CONTINUITY-REVIEW;R17"", ""end_exclusive"": ""2022-03-31"", ""evidence_ids"": ""AFF-013;AFF-014;AFF-015;AFF-055;AFF-056;BOL-E01;BOL-E02;BOL-E18"", ""party_id"": ""REPUBLICANOS"", ""person_id"": ""person-87ad75f8d2f9"", ""start_inclusive"": ""2022-03-28"", ""state"": ""PARTY"", ""support"": ""dated assertion plus targeted-search continuity""}","{""affiliation_id"": ""affiliation-034b56f974be"", ""alternatives"": ""[]"", ""date_earliest"": """", ""date_latest"": """", ""date_status"": ""evidence_supported"", ""decision_ids"": ""PERSON-CONTINUITY-REVIEW;R17;V5W6D02"", ""end_exclusive"": ""2022-03-31"", ""evidence_ids"": ""AFF-013;AFF-014;AFF-015;AFF-055;AFF-056;BOL-E01;BOL-E02;BOL-E18;V5W6E03;V5W6E07;V5W6E09;V5W6E10"", ""party_id"": ""REPUBLICANOS"", ""person_id"": ""person-87ad75f8d2f9"", ""start_inclusive"": ""2022-03-28"", ""state"": ""PARTY"", ""support"": ""dated assertion plus targeted-search continuity""}"
affiliations.csv,affiliation-22af2be40aed,updated,evidence_ids;decision_ids,"{""affiliation_id"": ""affiliation-22af2be40aed"", ""alternatives"": ""[]"", ""date_earliest"": """", ""date_latest"": """", ""date_status"": ""evidence_supported"", ""decision_ids"": ""PERSON-CONTINUITY-REVIEW;R16"", ""end_exclusive"": ""2022-03-31"", ""evidence_ids"": ""AFF-024;AFF-025;BOL-E12;BOL-E13"", ""party_id"": ""PL"", ""person_id"": ""person-20d6d1c35408"", ""start_inclusive"": ""2021-11-30"", ""state"": ""PARTY"", ""support"": ""dated assertion plus targeted-search continuity""}","{""affiliation_id"": ""affiliation-22af2be40aed"", ""alternatives"": ""[]"", ""date_earliest"": """", ""date_latest"": """", ""date_status"": ""evidence_supported"", ""decision_ids"": ""PERSON-CONTINUITY-REVIEW;R16;V5W6D03"", ""end_exclusive"": ""2022-03-31"", ""evidence_ids"": ""AFF-024;AFF-025;BOL-E12;BOL-E13;V5W6E04;V5W6E05;V5W6E06;V5W6E08;V5W6E09;V5W6E10"", ""party_id"": ""PL"", ""person_id"": ""person-20d6d1c35408"", ""start_inclusive"": ""2021-11-30"", ""state"": ""PARTY"", ""support"": ""dated assertion plus targeted-search continuity""}"
affiliations.csv,affiliation-49705e8c67b1,updated,support;date_status;evidence_ids;decision_ids,"{""affiliation_id"": ""affiliation-49705e8c67b1"", ""alternatives"": ""[]"", ""date_earliest"": """", ""date_latest"": """", ""date_status"": ""unidentified"", ""decision_ids"": ""PERSON-CONTINUITY-REVIEW"", ""end_exclusive"": ""2023-01-01"", ""evidence_ids"": """", ""party_id"": """", ""person_id"": ""person-561613fe4a6e"", ""start_inclusive"": ""2022-12-21"", ""state"": ""UNKNOWN"", ""support"": ""no_supported_prior_observation""}","{""affiliation_id"": ""affiliation-49705e8c67b1"", ""alternatives"": ""[]"", ""date_earliest"": """", ""date_latest"": """", ""date_status"": ""unresolved_personal_affiliation"", ""decision_ids"": ""PERSON-CONTINUITY-REVIEW;V5W5D003"", ""end_exclusive"": ""2023-01-01"", ""evidence_ids"": ""V5W5E003"", ""party_id"": """", ""person_id"": ""person-561613fe4a6e"", ""start_inclusive"": ""2022-12-21"", ""state"": ""UNKNOWN"", ""support"": ""Telebras 57th eligibility committee minutes of February 11 2022 review her Form C signed December 14 2021 and state that requirements/impediments were answered yes/no. Those are fiscal-council eligibility assertions, not an explicit personal non-affiliation declaration. The original proposal and 283rd board assessment address credentials and eligibility. No named personal party or universal non-affiliation observation is established. Prior PSD byline, Fabio Faria employment, and scoped registry non-matches remain insufficient; retain UNKNOWN.""}"
affiliations.csv,affiliation-55eb812b0488,updated,support;date_earliest;evidence_ids;decision_ids,"{""affiliation_id"": ""affiliation-55eb812b0488"", ""alternatives"": ""[\""PSDB\"", \""UNAFFILIATED\""]"", ""date_earliest"": ""2020-02-12"", ""date_latest"": ""2020-06-18"", ""date_status"": ""bounded_date_convention"", ""decision_ids"": ""PERSON-CONTINUITY-REVIEW;R16"", ""end_exclusive"": ""2021-11-30"", ""evidence_ids"": ""AFF-024;AFF-025;BOL-E12;BOL-E13"", ""party_id"": """", ""person_id"": ""person-20d6d1c35408"", ""start_inclusive"": ""2020-06-18"", ""state"": ""UNAFFILIATED"", ""support"": ""dated assertion plus targeted-search continuity""}","{""affiliation_id"": ""affiliation-55eb812b0488"", ""alternatives"": ""[\""PSDB\"", \""UNAFFILIATED\""]"", ""date_earliest"": ""2020-06-16"", ""date_latest"": ""2020-06-18"", ""date_status"": ""bounded_date_convention"", ""decision_ids"": ""PERSON-CONTINUITY-REVIEW;R16;V5W6D03"", ""end_exclusive"": ""2021-11-30"", ""evidence_ids"": ""AFF-024;AFF-025;BOL-E12;BOL-E13;V5W6E04;V5W6E05;V5W6E06;V5W6E08;V5W6E09;V5W6E10"", ""party_id"": """", ""person_id"": ""person-20d6d1c35408"", ""start_inclusive"": ""2020-06-18"", ""state"": ""UNAFFILIATED"", ""support"": ""contemporary_positive_and_completed_departure_observations_with_narrowed_date_bounds""}"
affiliations.csv,affiliation-66214824b17e,updated,support;date_status;alternatives;evidence_ids;decision_ids,"{""affiliation_id"": ""affiliation-66214824b17e"", ""alternatives"": ""[\""UNIAO\"",\""UNAFFILIATED\""]"", ""date_earliest"": """", ""date_latest"": """", ""date_status"": ""adjudicated_continuity"", ""decision_ids"": ""C061;PERSON-CONTINUITY-REVIEW;R26"", ""end_exclusive"": ""2023-01-01"", ""evidence_ids"": ""AFF-044;BOL-E07;BOL-E08;C061;LEG-5b2c802041f5"", ""party_id"": ""UNIAO"", ""person_id"": ""person-1c11e767f427"", ""start_inclusive"": ""2022-05-11"", ""state"": ""PARTY"", ""support"": ""adjudicated_positive_membership_continuity_with_conflicting_historical_nonaffiliation_assertions""}","{""affiliation_id"": ""affiliation-66214824b17e"", ""alternatives"": ""[]"", ""date_earliest"": """", ""date_latest"": """", ""date_status"": ""evidence_supported"", ""decision_ids"": ""C061;PERSON-CONTINUITY-REVIEW;R26;V5W6D01"", ""end_exclusive"": ""2023-01-01"", ""evidence_ids"": ""AFF-044;BOL-E07;BOL-E08;C061;LEG-5b2c802041f5;V5W6E01;V5W6E02"", ""party_id"": ""UNIAO"", ""person_id"": ""person-1c11e767f427"", ""start_inclusive"": ""2022-05-11"", ""state"": ""PARTY"", ""support"": ""official_registry_historical_membership_exact_identity_and_documented_merger_continuity""}"
affiliations.csv,affiliation-92b6d60a8748,updated,support;date_earliest;evidence_ids;decision_ids,"{""affiliation_id"": ""affiliation-92b6d60a8748"", ""alternatives"": ""[\""PSDB\"", \""UNAFFILIATED\""]"", ""date_earliest"": ""2020-02-12"", ""date_latest"": ""2020-06-18"", ""date_status"": ""bounded_date_convention"", ""decision_ids"": ""PERSON-CONTINUITY-REVIEW;R16"", ""end_exclusive"": ""2020-06-18"", ""evidence_ids"": ""AFF-024;AFF-025;BOL-E12;BOL-E13"", ""party_id"": ""PSDB"", ""person_id"": ""person-20d6d1c35408"", ""start_inclusive"": ""2020-02-11"", ""state"": ""PARTY"", ""support"": ""dated assertion plus targeted-search continuity""}","{""affiliation_id"": ""affiliation-92b6d60a8748"", ""alternatives"": ""[\""PSDB\"", \""UNAFFILIATED\""]"", ""date_earliest"": ""2020-06-16"", ""date_latest"": ""2020-06-18"", ""date_status"": ""bounded_date_convention"", ""decision_ids"": ""PERSON-CONTINUITY-REVIEW;R16;V5W6D03"", ""end_exclusive"": ""2020-06-18"", ""evidence_ids"": ""AFF-024;AFF-025;BOL-E12;BOL-E13;V5W6E04;V5W6E05;V5W6E06;V5W6E08;V5W6E09;V5W6E10"", ""party_id"": ""PSDB"", ""person_id"": ""person-20d6d1c35408"", ""start_inclusive"": ""2020-02-11"", ""state"": ""PARTY"", ""support"": ""contemporary_positive_and_completed_departure_observations_with_narrowed_date_bounds""}"
affiliations.csv,affiliation-C034-carlos-henrique-menezes-sobral-2018-12-31,updated,support;evidence_ids;decision_ids,"{""affiliation_id"": ""affiliation-C034-carlos-henrique-menezes-sobral-2018-12-31"", ""alternatives"": ""[]"", ""date_earliest"": """", ""date_latest"": """", ""date_status"": ""unresolved_personal_affiliation"", ""decision_ids"": ""C034"", ""end_exclusive"": ""2019-01-01"", ""evidence_ids"": ""C034"", ""party_id"": """", ""person_id"": ""person-carlos-henrique-menezes-sobral"", ""start_inclusive"": ""2018-12-31"", ""state"": ""UNKNOWN"", ""support"": ""Substantive searches did not establish temporally relevant personal affiliation; employer and nomination are not personal affiliation""}","{""affiliation_id"": ""affiliation-C034-carlos-henrique-menezes-sobral-2018-12-31"", ""alternatives"": ""[]"", ""date_earliest"": """", ""date_latest"": """", ""date_status"": ""unresolved_personal_affiliation"", ""decision_ids"": ""C034;V5W2D001"", ""end_exclusive"": ""2019-01-01"", ""evidence_ids"": ""C034;V5W2E001;V5W2E002"", ""party_id"": """", ""person_id"": ""person-carlos-henrique-menezes-sobral"", ""start_inclusive"": ""2018-12-31"", ""state"": ""UNKNOWN"", ""support"": ""Personal affiliation remains unresolved after dated SGIP3 governance and new scoped Filia geography/identity checks; partial-registry negatives and later MDB labels cannot determine December31 2018 affiliation""}"
affiliations.csv,affiliation-C035-ivani-dos-santos-2016-11-25,updated,support;evidence_ids;decision_ids,"{""affiliation_id"": ""affiliation-C035-ivani-dos-santos-2016-11-25"", ""alternatives"": ""[]"", ""date_earliest"": """", ""date_latest"": """", ""date_status"": ""unresolved_personal_affiliation"", ""decision_ids"": ""C035"", ""end_exclusive"": ""2017-02-03"", ""evidence_ids"": ""C035"", ""party_id"": """", ""person_id"": ""person-ivani-dos-santos"", ""start_inclusive"": ""2016-11-25"", ""state"": ""UNKNOWN"", ""support"": ""Substantive searches did not establish temporally relevant personal affiliation; employer and nomination are not personal affiliation""}","{""affiliation_id"": ""affiliation-C035-ivani-dos-santos-2016-11-25"", ""alternatives"": ""[]"", ""date_earliest"": """", ""date_latest"": """", ""date_status"": ""unresolved_personal_affiliation"", ""decision_ids"": ""C035;V5W1D001"", ""end_exclusive"": ""2017-02-03"", ""evidence_ids"": ""C035;V5W1E001;V5W1E002;V5W1E003"", ""party_id"": """", ""person_id"": ""person-ivani-dos-santos"", ""start_inclusive"": ""2016-11-25"", ""state"": ""UNKNOWN"", ""support"": ""Personal affiliation remains unresolved after historical SGIP3 governing-body screening and new firsthand-biography/registry-semantics review. Governing-body non-hits, partial registry absence and PMDB employment do not establish non-affiliation or exhaust the alternatives.""}"
affiliations.csv,affiliation-C035-ivani-dos-santos-2017-08-02-2017-08-02,updated,support;evidence_ids;decision_ids,"{""affiliation_id"": ""affiliation-C035-ivani-dos-santos-2017-08-02-2017-08-02"", ""alternatives"": ""[]"", ""date_earliest"": """", ""date_latest"": """", ""date_status"": ""unresolved_personal_affiliation"", ""decision_ids"": ""C035"", ""end_exclusive"": ""2017-08-03"", ""evidence_ids"": ""C035"", ""party_id"": """", ""person_id"": ""person-ivani-dos-santos"", ""start_inclusive"": ""2017-08-02"", ""state"": ""UNKNOWN"", ""support"": ""Substantive searches did not establish temporally relevant personal affiliation; employer and nomination are not personal affiliation""}","{""affiliation_id"": ""affiliation-C035-ivani-dos-santos-2017-08-02-2017-08-02"", ""alternatives"": ""[]"", ""date_earliest"": """", ""date_latest"": """", ""date_status"": ""unresolved_personal_affiliation"", ""decision_ids"": ""C035;V5W1D001"", ""end_exclusive"": ""2017-08-03"", ""evidence_ids"": ""C035;V5W1E001;V5W1E002;V5W1E003"", ""party_id"": """", ""person_id"": ""person-ivani-dos-santos"", ""start_inclusive"": ""2017-08-02"", ""state"": ""UNKNOWN"", ""support"": ""Personal affiliation remains unresolved after historical SGIP3 governing-body screening and new firsthand-biography/registry-semantics review. Governing-body non-hits, partial registry absence and PMDB employment do not establish non-affiliation or exhaust the alternatives.""}"
affiliations.csv,affiliation-C035-ivani-dos-santos-2017-10-20-2017-10-20,updated,support;evidence_ids;decision_ids,"{""affiliation_id"": ""affiliation-C035-ivani-dos-santos-2017-10-20-2017-10-20"", ""alternatives"": ""[]"", ""date_earliest"": """", ""date_latest"": """", ""date_status"": ""unresolved_personal_affiliation"", ""decision_ids"": ""C035"", ""end_exclusive"": ""2017-10-26"", ""evidence_ids"": ""C035"", ""party_id"": """", ""person_id"": ""person-ivani-dos-santos"", ""start_inclusive"": ""2017-10-20"", ""state"": ""UNKNOWN"", ""support"": ""Substantive searches did not establish temporally relevant personal affiliation; employer and nomination are not personal affiliation""}","{""affiliation_id"": ""affiliation-C035-ivani-dos-santos-2017-10-20-2017-10-20"", ""alternatives"": ""[]"", ""date_earliest"": """", ""date_latest"": """", ""date_status"": ""unresolved_personal_affiliation"", ""decision_ids"": ""C035;V5W1D001"", ""end_exclusive"": ""2017-10-26"", ""evidence_ids"": ""C035;V5W1E001;V5W1E002;V5W1E003"", ""party_id"": """", ""person_id"": ""person-ivani-dos-santos"", ""start_inclusive"": ""2017-10-20"", ""state"": ""UNKNOWN"", ""support"": ""Personal affiliation remains unresolved after historical SGIP3 governing-body screening and new firsthand-biography/registry-semantics review. Governing-body non-hits, partial registry absence and PMDB employment do not establish non-affiliation or exhaust the alternatives.""}"
affiliations.csv,affiliation-C036-jonathas-assuncao-salvador-nery-de-castro-2022-12-30,updated,support;evidence_ids;decision_ids,"{""affiliation_id"": ""affiliation-C036-jonathas-assuncao-salvador-nery-de-castro-2022-12-30"", ""alternatives"": ""[]"", ""date_earliest"": """", ""date_latest"": """", ""date_status"": ""unresolved_personal_affiliation"", ""decision_ids"": ""C036"", ""end_exclusive"": ""2023-01-01"", ""evidence_ids"": ""C036"", ""party_id"": """", ""person_id"": ""person-jonathas-assuncao-salvador-nery-de-castro"", ""start_inclusive"": ""2022-12-30"", ""state"": ""UNKNOWN"", ""support"": ""Substantive searches did not establish temporally relevant personal affiliation; employer and nomination are not personal affiliation""}","{""affiliation_id"": ""affiliation-C036-jonathas-assuncao-salvador-nery-de-castro-2022-12-30"", ""alternatives"": ""[]"", ""date_earliest"": """", ""date_latest"": """", ""date_status"": ""unresolved_personal_affiliation"", ""decision_ids"": ""C036;V5W5D004"", ""end_exclusive"": ""2023-01-01"", ""evidence_ids"": ""C036;V5W5E004"", ""party_id"": """", ""person_id"": ""person-jonathas-assuncao-salvador-nery-de-castro"", ""start_inclusive"": ""2022-12-30"", ""state"": ""UNKNOWN"", ""support"": ""Newly retrieved issuer-authored Petrobras 2022 reference form version 7, available in Latibex September 21 2022, identifies the exact full name and Casa Civil office. Physical page 532 (printed page 527) records self-declared corporate independence, politically exposed person status and absence of specified convictions. Physical pages 526,538,572,574,575 add board appointment, committee/subordination information. None states personal party affiliation or non-affiliation. The N/A rows concern a different disclosure field and cannot be recoded as unaffiliated. Legacy Petrobras assembly link fails DNS; official August 15 2022 announcement confirms nomination only. Retain UNKNOWN for December 30-31 2022; these findings also cannot resolve March 30 2021 and are not backprojected there.""}"
affiliations.csv,affiliation-C044-helder-melillo-lopes-cunha-silva-2022-12-30,updated,support;evidence_ids;decision_ids,"{""affiliation_id"": ""affiliation-C044-helder-melillo-lopes-cunha-silva-2022-12-30"", ""alternatives"": ""[\""NOVO\"",\""UNAFFILIATED\""]"", ""date_earliest"": """", ""date_latest"": """", ""date_status"": ""adjudicated_registry_pending_departure"", ""decision_ids"": ""C044;C071"", ""end_exclusive"": ""2023-01-01"", ""evidence_ids"": ""C044;C071"", ""party_id"": ""NOVO"", ""person_id"": ""person-helder-melillo-lopes-cunha-silva"", ""start_inclusive"": ""2022-12-30"", ""state"": ""PARTY"", ""support"": ""Adjudicated primary formal-registry affiliation: official TSE row dates NOVO entry 2017-10-28 and retains REGULAR status and pending marker alongside departure field 2021-02-03. UNAFFILIATED alternative preserves departure interpretation; reason code2 and legacy date-field semantics remain unresolved. Not an assertion of a definitely voluntary request or exact legal certainty. Exact identity verified against official MDR2020 appointment by identifier hash.""}","{""affiliation_id"": ""affiliation-C044-helder-melillo-lopes-cunha-silva-2022-12-30"", ""alternatives"": ""[\""NOVO\"",\""UNAFFILIATED\""]"", ""date_earliest"": """", ""date_latest"": """", ""date_status"": ""adjudicated_registry_pending_departure"", ""decision_ids"": ""C044;C071;V5W5D001"", ""end_exclusive"": ""2023-01-01"", ""evidence_ids"": ""C044;C071;V5W5E001"", ""party_id"": ""NOVO"", ""person_id"": ""person-helder-melillo-lopes-cunha-silva"", ""start_inclusive"": ""2022-12-30"", ""state"": ""PARTY"", ""support"": ""Official TSE public client resolves cdMotivoDesfiliacao=2 as A pedido do eleitor, distinct from Expulsao=1 and Judicial=10. The same record-detail template binds the reason field through that enum and separately displays dtDesfiliacao and tsCadastroDesfiliacao. The party departure form sends its chosen date as dtDesfiliacao and warns that reason-2 departure is effectuated after elector notice to the electoral court. Thus a bare populated dtDesfiliacao does not by itself prove completed judicial termination. Retain the exact-identity NOVO entry 2017-10-28, dtDesfiliacao 2021-02-03, REGULAR status 1, pending marker 1, null cancellation/exclusion and null tsCadastroDesfiliacao. The decoded reason is a recorded request category, not independent proof of the signed request or court receipt. Historical migration and actual court-notice date remain unverified; primary NOVO and the credible UNAFFILIATED alternative both remain for December 30-31 2022. C071 is retained as the earlier research state, superseded here only on the decoded code and directly observed client field mapping.""}"
affiliations.csv,affiliation-C056-renato-de-lima-franca-2020-04-28,updated,evidence_ids;decision_ids,"{""affiliation_id"": ""affiliation-C056-renato-de-lima-franca-2020-04-28"", ""alternatives"": ""[]"", ""date_earliest"": """", ""date_latest"": """", ""date_status"": ""unresolved_personal_affiliation"", ""decision_ids"": ""C056"", ""end_exclusive"": ""2020-04-29"", ""evidence_ids"": ""C056"", ""party_id"": """", ""person_id"": ""person-renato-de-lima-franca"", ""start_inclusive"": ""2020-04-28"", ""state"": ""UNKNOWN"", ""support"": ""Substantive searches did not establish temporally relevant personal affiliation; employer and nomination are not personal affiliation""}","{""affiliation_id"": ""affiliation-C056-renato-de-lima-franca-2020-04-28"", ""alternatives"": ""[]"", ""date_earliest"": """", ""date_latest"": """", ""date_status"": ""unresolved_personal_affiliation"", ""decision_ids"": ""C056;V5W3D002"", ""end_exclusive"": ""2020-04-29"", ""evidence_ids"": ""C056;V5W3E002"", ""party_id"": """", ""person_id"": ""person-renato-de-lima-franca"", ""start_inclusive"": ""2020-04-28"", ""state"": ""UNKNOWN"", ""support"": ""Substantive searches did not establish temporally relevant personal affiliation; employer and nomination are not personal affiliation""}"
affiliations.csv,affiliation-C057-marcos-paulo-cardoso-coelho-da-silva-2020-02-14,updated,evidence_ids;decision_ids,"{""affiliation_id"": ""affiliation-C057-marcos-paulo-cardoso-coelho-da-silva-2020-02-14"", ""alternatives"": ""[]"", ""date_earliest"": """", ""date_latest"": """", ""date_status"": ""unresolved_personal_affiliation"", ""decision_ids"": ""C057"", ""end_exclusive"": ""2020-02-18"", ""evidence_ids"": ""C057"", ""party_id"": """", ""person_id"": ""person-marcos-paulo-cardoso-coelho-da-silva"", ""start_inclusive"": ""2020-02-14"", ""state"": ""UNKNOWN"", ""support"": ""Substantive searches did not establish temporally relevant personal affiliation; employer and nomination are not personal affiliation""}","{""affiliation_id"": ""affiliation-C057-marcos-paulo-cardoso-coelho-da-silva-2020-02-14"", ""alternatives"": ""[]"", ""date_earliest"": """", ""date_latest"": """", ""date_status"": ""unresolved_personal_affiliation"", ""decision_ids"": ""C057;V5W3D003"", ""end_exclusive"": ""2020-02-18"", ""evidence_ids"": ""C057;V5W3E003"", ""party_id"": """", ""person_id"": ""person-marcos-paulo-cardoso-coelho-da-silva"", ""start_inclusive"": ""2020-02-14"", ""state"": ""UNKNOWN"", ""support"": ""Substantive searches did not establish temporally relevant personal affiliation; employer and nomination are not personal affiliation""}"
affiliations.csv,affiliation-C058-sergio-jose-pereira-2021-03-30,updated,support;evidence_ids;decision_ids,"{""affiliation_id"": ""affiliation-C058-sergio-jose-pereira-2021-03-30"", ""alternatives"": ""[]"", ""date_earliest"": """", ""date_latest"": """", ""date_status"": ""unresolved_personal_affiliation"", ""decision_ids"": ""C058"", ""end_exclusive"": ""2021-04-01"", ""evidence_ids"": ""C058"", ""party_id"": """", ""person_id"": ""person-sergio-jose-pereira"", ""start_inclusive"": ""2021-03-30"", ""state"": ""UNKNOWN"", ""support"": ""Substantive searches did not establish temporally relevant personal affiliation; employer and nomination are not personal affiliation""}","{""affiliation_id"": ""affiliation-C058-sergio-jose-pereira-2021-03-30"", ""alternatives"": ""[]"", ""date_earliest"": """", ""date_latest"": """", ""date_status"": ""unresolved_personal_affiliation"", ""decision_ids"": ""C058;V5W4D001"", ""end_exclusive"": ""2021-04-01"", ""evidence_ids"": ""C058;V5W4E001"", ""party_id"": """", ""person_id"": ""person-sergio-jose-pereira"", ""start_inclusive"": ""2021-03-30"", ""state"": ""UNKNOWN"", ""support"": ""Substantive searches did not establish temporally relevant personal affiliation; employer and nomination are not personal affiliation; V5 original-source follow-up: CMB committee minute 57 of 2021-04-16 (visually inspected) identifies Sérgio José Pereira and the underlying SEI note 13261/2021/ME. Its favorable fiscal-council eligibility assessment covers professional experience, education and statutory impediments; it contains no explicit personal party declaration. Minute 69 is about successor Thiago Meirelles and cannot be attributed to Sérgio. No new evidence bounds his personal affiliation on March30–31.""}"
affiliations.csv,affiliation-C059-jonathas-2021,updated,support;evidence_ids;decision_ids,"{""affiliation_id"": ""affiliation-C059-jonathas-2021"", ""alternatives"": ""[]"", ""date_earliest"": """", ""date_latest"": """", ""date_status"": ""unresolved_personal_affiliation"", ""decision_ids"": ""C036;C059"", ""end_exclusive"": ""2021-03-31"", ""evidence_ids"": ""C036;C059"", ""party_id"": """", ""person_id"": ""person-jonathas-assuncao-salvador-nery-de-castro"", ""start_inclusive"": ""2021-03-30"", ""state"": ""UNKNOWN"", ""support"": ""Substantive searches did not establish temporally relevant personal affiliation; employer and nomination are not personal affiliation""}","{""affiliation_id"": ""affiliation-C059-jonathas-2021"", ""alternatives"": ""[]"", ""date_earliest"": """", ""date_latest"": """", ""date_status"": ""unresolved_personal_affiliation"", ""decision_ids"": ""C036;C059;V5W4D003"", ""end_exclusive"": ""2021-03-31"", ""evidence_ids"": ""C036;C059;V5W4E003"", ""party_id"": """", ""person_id"": ""person-jonathas-assuncao-salvador-nery-de-castro"", ""start_inclusive"": ""2021-03-30"", ""state"": ""UNKNOWN"", ""support"": ""Substantive searches did not establish temporally relevant personal affiliation; employer and nomination are not personal affiliation; V5 new pre-service personnel channel: public mirror of Terracap eligibility minute dated2019-10-16 names Jonathas and case00111-00010585/2019-82, declaration and unspecified negative certificates including TSE. Neither the certificate type nor an explicit affiliation statement is reproduced. Header says19th meeting while footer says17th; original Terracap archive returns403. This is a source-discovery/limitation record, not a verified original or proof of nonaffiliation. W5 independently reviewed the 2022 Petrobras issuer filing; independence/PEP declarations likewise do not establish the March2021 personal party state.""}"
affiliations.csv,affiliation-C060-luiz-pontel-de-souza-2020-04-24,updated,evidence_ids;decision_ids,"{""affiliation_id"": ""affiliation-C060-luiz-pontel-de-souza-2020-04-24"", ""alternatives"": ""[]"", ""date_earliest"": """", ""date_latest"": """", ""date_status"": ""unresolved_personal_affiliation"", ""decision_ids"": ""C060"", ""end_exclusive"": ""2020-04-29"", ""evidence_ids"": ""C060"", ""party_id"": """", ""person_id"": ""person-luiz-pontel-de-souza"", ""start_inclusive"": ""2020-04-24"", ""state"": ""UNKNOWN"", ""support"": ""Substantive searches did not establish temporally relevant personal affiliation; employer and nomination are not personal affiliation""}","{""affiliation_id"": ""affiliation-C060-luiz-pontel-de-souza-2020-04-24"", ""alternatives"": ""[]"", ""date_earliest"": """", ""date_latest"": """", ""date_status"": ""unresolved_personal_affiliation"", ""decision_ids"": ""C060;V5W3D001"", ""end_exclusive"": ""2020-04-29"", ""evidence_ids"": ""C060;V5W3E001"", ""party_id"": """", ""person_id"": ""person-luiz-pontel-de-souza"", ""start_inclusive"": ""2020-04-24"", ""state"": ""UNKNOWN"", ""support"": ""Substantive searches did not establish temporally relevant personal affiliation; employer and nomination are not personal affiliation""}"
affiliations.csv,affiliation-C063-otavio-brandelli-2021-03-30,updated,support;evidence_ids;decision_ids,"{""affiliation_id"": ""affiliation-C063-otavio-brandelli-2021-03-30"", ""alternatives"": ""[]"", ""date_earliest"": """", ""date_latest"": """", ""date_status"": ""unresolved_personal_affiliation"", ""decision_ids"": ""C063;C072"", ""end_exclusive"": ""2021-03-31"", ""evidence_ids"": ""C063;C072"", ""party_id"": """", ""person_id"": ""person-otavio-brandelli"", ""start_inclusive"": ""2021-03-30"", ""state"": ""UNKNOWN"", ""support"": ""Substantive searches did not establish temporally relevant personal affiliation; employer and nomination are not personal affiliation""}","{""affiliation_id"": ""affiliation-C063-otavio-brandelli-2021-03-30"", ""alternatives"": ""[]"", ""date_earliest"": """", ""date_latest"": """", ""date_status"": ""unresolved_personal_affiliation"", ""decision_ids"": ""C063;C072;V5W4D002"", ""end_exclusive"": ""2021-03-31"", ""evidence_ids"": ""C063;C072;V5W4E002"", ""party_id"": """", ""person_id"": ""person-otavio-brandelli"", ""start_inclusive"": ""2021-03-30"", ""state"": ""UNKNOWN"", ""support"": ""Substantive searches did not establish temporally relevant personal affiliation; employer and nomination are not personal affiliation; V5 original-source follow-up: original Senate MSF14/2021 dossier (MRE CV, dm8953346) and committee report dm8986660 establish identity/career, including birthplace Garibaldi/RS; neither states personal affiliation. New scoped Garibaldi public TSE scan:39 party queries,3030 rows,all successful,no exact target. Birthplace does not establish electoral domicile and current municipal regular-record absence is not historical nonaffiliation. The service-sensitivity outgoing state stays UNKNOWN.""}"
affiliations.csv,affiliation-C075-ana-psdb,updated,support;evidence_ids;decision_ids,"{""affiliation_id"": ""affiliation-C075-ana-psdb"", ""alternatives"": ""[]"", ""date_earliest"": ""2013-10-02"", ""date_latest"": ""2013-10-02"", ""date_status"": ""historical_entry_and_adjudicated_continuity"", ""decision_ids"": ""C073;C075"", ""end_exclusive"": ""2026-03-20"", ""evidence_ids"": ""C073;C075"", ""party_id"": ""PSDB"", ""person_id"": ""person-ana-carla-machado-lopes"", ""start_inclusive"": ""2015-01-01"", ""state"": ""PARTY"", ""support"": ""Historical dated affiliation row, contextual identity adjudication and forward continuity; not a current certificate""}","{""affiliation_id"": ""affiliation-C075-ana-psdb"", ""alternatives"": ""[]"", ""date_earliest"": ""2013-10-02"", ""date_latest"": ""2013-10-02"", ""date_status"": ""historical_entry_and_adjudicated_continuity"", ""decision_ids"": ""C073;C075;V5W7D003"", ""end_exclusive"": ""2026-03-20"", ""evidence_ids"": ""C073;C075;V5W7E005"", ""party_id"": ""PSDB"", ""person_id"": ""person-ana-carla-machado-lopes"", ""start_inclusive"": ""2015-01-01"", ""state"": ""PARTY"", ""support"": ""Historical dated affiliation row, contextual identity adjudication and forward continuity; not a current certificate; retained after scoped official historical SGIP review, whose officer-only non-match is not affiliation evidence""}"
affiliations.csv,affiliation-b2eb8d8beb97,updated,support;date_earliest;evidence_ids;decision_ids,"{""affiliation_id"": ""affiliation-b2eb8d8beb97"", ""alternatives"": ""[\""PP\"", \""UNAFFILIATED\""]"", ""date_earliest"": ""2020-08-27"", ""date_latest"": ""2020-09-19"", ""date_status"": ""bounded_date_convention"", ""decision_ids"": ""PERSON-CONTINUITY-REVIEW;R17"", ""end_exclusive"": ""2020-09-19"", ""evidence_ids"": ""AFF-013;AFF-014;AFF-015;AFF-055;AFF-056;BOL-E01;BOL-E02;BOL-E18"", ""party_id"": ""PP"", ""person_id"": ""person-87ad75f8d2f9"", ""start_inclusive"": ""2019-01-01"", ""state"": ""PARTY"", ""support"": ""dated assertion plus targeted-search continuity""}","{""affiliation_id"": ""affiliation-b2eb8d8beb97"", ""alternatives"": ""[\""PP\"", \""UNAFFILIATED\""]"", ""date_earliest"": ""2020-09-04"", ""date_latest"": ""2020-09-19"", ""date_status"": ""bounded_date_convention"", ""decision_ids"": ""PERSON-CONTINUITY-REVIEW;R17;V5W6D02"", ""end_exclusive"": ""2020-09-19"", ""evidence_ids"": ""AFF-013;AFF-014;AFF-015;AFF-055;AFF-056;BOL-E01;BOL-E02;BOL-E18;V5W6E03;V5W6E07;V5W6E09;V5W6E10"", ""party_id"": ""PP"", ""person_id"": ""person-87ad75f8d2f9"", ""start_inclusive"": ""2019-01-01"", ""state"": ""PARTY"", ""support"": ""contemporary_positive_and_completed_departure_observations_with_narrowed_date_bounds""}"
affiliations.csv,affiliation-f17728f50dd7,updated,support;date_earliest;evidence_ids;decision_ids,"{""affiliation_id"": ""affiliation-f17728f50dd7"", ""alternatives"": ""[\""PP\"", \""UNAFFILIATED\""]"", ""date_earliest"": ""2020-08-27"", ""date_latest"": ""2020-09-19"", ""date_status"": ""bounded_date_convention"", ""decision_ids"": ""PERSON-CONTINUITY-REVIEW;R17"", ""end_exclusive"": ""2022-03-28"", ""evidence_ids"": ""AFF-013;AFF-014;AFF-015;AFF-055;AFF-056;BOL-E01;BOL-E02;BOL-E18"", ""party_id"": """", ""person_id"": ""person-87ad75f8d2f9"", ""start_inclusive"": ""2020-09-19"", ""state"": ""UNAFFILIATED"", ""support"": ""dated assertion plus targeted-search continuity""}","{""affiliation_id"": ""affiliation-f17728f50dd7"", ""alternatives"": ""[\""PP\"", \""UNAFFILIATED\""]"", ""date_earliest"": ""2020-09-04"", ""date_latest"": ""2020-09-19"", ""date_status"": ""bounded_date_convention"", ""decision_ids"": ""PERSON-CONTINUITY-REVIEW;R17;V5W6D02"", ""end_exclusive"": ""2022-03-28"", ""evidence_ids"": ""AFF-013;AFF-014;AFF-015;AFF-055;AFF-056;BOL-E01;BOL-E02;BOL-E18;V5W6E03;V5W6E07;V5W6E09;V5W6E10"", ""party_id"": """", ""person_id"": ""person-87ad75f8d2f9"", ""start_inclusive"": ""2020-09-19"", ""state"": ""UNAFFILIATED"", ""support"": ""contemporary_positive_and_completed_departure_observations_with_narrowed_date_bounds""}"
change_search_register.csv,person-1c11e767f427,updated,search_scope;evidence_ids;result;coverage_limit,"{""coverage_limit"": ""Local targeted contradiction screen; not a claim of exhaustive external web or registry search; unknown retained where no observation exists"", ""evidence_ids"": ""AFF-044;BOL-E07;BOL-E08;C061;LEG-5b2c802041f5"", ""merged_service_end"": ""2023-01-01"", ""merged_service_start"": ""2022-05-11"", ""person_id"": ""person-1c11e767f427"", ""person_name"": ""Adolfo Sachsida"", ""result"": ""primary_adjudication_with_source_specific_evidence_and_retained_alternatives"", ""search_date"": ""2026-09-10"", ""search_scope"": ""all pinned Atlas person-party rows; all prior observations across portfolios; targeted affiliation discrepancy/evidence ledgers; explicit research corrections when present"", ""search_terms"": ""Adolfo Sachsida; partido; filiação; desfiliação; troca; expulsão""}","{""coverage_limit"": ""Scoped current TSE lists are not an exhaustive historical negative. Exact old withdrawal dates unavailable for Marinho and Damares; report-based bounds retained. Sachsida official historical entry and successor record support continuity, not a day-by-day2022 certificate."", ""evidence_ids"": ""AFF-044;BOL-E07;BOL-E08;C061;LEG-5b2c802041f5;V5W6E01;V5W6E02"", ""merged_service_end"": ""2023-01-01"", ""merged_service_start"": ""2022-05-11"", ""person_id"": ""person-1c11e767f427"", ""person_name"": ""Adolfo Sachsida"", ""result"": ""resolved_official_registry_historical_membership"", ""search_date"": ""2026-09-10"", ""search_scope"": ""all pinned Atlas person-party rows; all prior observations across portfolios; targeted affiliation discrepancy/evidence ledgers; explicit research corrections when present; v5 official TSE historical fields; public Filia client semantics; official identity cross-check; Senado timeline conflicts; newer contemporary positive observations and direct party statements"", ""search_terms"": ""Adolfo Sachsida; partido; filiação; desfiliação; troca; expulsão""}"
change_search_register.csv,person-20d6d1c35408,updated,search_scope;evidence_ids;result;coverage_limit,"{""coverage_limit"": ""Local targeted contradiction screen; not a claim of exhaustive external web or registry search; unknown retained where no observation exists"", ""evidence_ids"": ""AFF-024;AFF-025;BOL-E12;BOL-E13"", ""merged_service_end"": ""2022-03-31"", ""merged_service_start"": ""2020-02-11"", ""person_id"": ""person-20d6d1c35408"", ""person_name"": ""Rogério Marinho"", ""result"": ""primary_adjudication_with_source_specific_evidence_and_retained_alternatives"", ""search_date"": ""2026-09-10"", ""search_scope"": ""all pinned Atlas person-party rows; all prior observations across portfolios; targeted affiliation discrepancy/evidence ledgers; explicit research corrections when present"", ""search_terms"": ""Rogério Marinho; partido; filiação; desfiliação; troca; expulsão""}","{""coverage_limit"": ""Scoped current TSE lists are not an exhaustive historical negative. Exact old withdrawal dates unavailable for Marinho and Damares; report-based bounds retained. Sachsida official historical entry and successor record support continuity, not a day-by-day2022 certificate."", ""evidence_ids"": ""AFF-024;AFF-025;BOL-E12;BOL-E13;V5W6E04;V5W6E05;V5W6E06;V5W6E08;V5W6E09;V5W6E10"", ""merged_service_end"": ""2022-03-31"", ""merged_service_start"": ""2020-02-11"", ""person_id"": ""person-20d6d1c35408"", ""person_name"": ""Rogério Marinho"", ""result"": ""narrowed_bounded_departure_with_primary_date_unchanged"", ""search_date"": ""2026-09-10"", ""search_scope"": ""all pinned Atlas person-party rows; all prior observations across portfolios; targeted affiliation discrepancy/evidence ledgers; explicit research corrections when present; v5 official TSE historical fields; public Filia client semantics; official identity cross-check; Senado timeline conflicts; newer contemporary positive observations and direct party statements"", ""search_terms"": ""Rogério Marinho; partido; filiação; desfiliação; troca; expulsão""}"
change_search_register.csv,person-87ad75f8d2f9,updated,search_scope;evidence_ids;result;coverage_limit,"{""coverage_limit"": ""Local targeted contradiction screen; not a claim of exhaustive external web or registry search; unknown retained where no observation exists"", ""evidence_ids"": ""AFF-013;AFF-014;AFF-015;AFF-055;AFF-056;BOL-E01;BOL-E02;BOL-E18"", ""merged_service_end"": ""2022-03-31"", ""merged_service_start"": ""2019-01-01"", ""person_id"": ""person-87ad75f8d2f9"", ""person_name"": ""Damares Alves"", ""result"": ""primary_adjudication_with_source_specific_evidence_and_retained_alternatives"", ""search_date"": ""2026-09-10"", ""search_scope"": ""all pinned Atlas person-party rows; all prior observations across portfolios; targeted affiliation discrepancy/evidence ledgers; explicit research corrections when present"", ""search_terms"": ""Damares Alves; partido; filiação; desfiliação; troca; expulsão""}","{""coverage_limit"": ""Scoped current TSE lists are not an exhaustive historical negative. Exact old withdrawal dates unavailable for Marinho and Damares; report-based bounds retained. Sachsida official historical entry and successor record support continuity, not a day-by-day2022 certificate."", ""evidence_ids"": ""AFF-013;AFF-014;AFF-015;AFF-055;AFF-056;BOL-E01;BOL-E02;BOL-E18;V5W6E03;V5W6E07;V5W6E09;V5W6E10"", ""merged_service_end"": ""2022-03-31"", ""merged_service_start"": ""2019-01-01"", ""person_id"": ""person-87ad75f8d2f9"", ""person_name"": ""Damares Alves"", ""result"": ""narrowed_bounded_departure_with_primary_date_unchanged"", ""search_date"": ""2026-09-10"", ""search_scope"": ""all pinned Atlas person-party rows; all prior observations across portfolios; targeted affiliation discrepancy/evidence ledgers; explicit research corrections when present; v5 official TSE historical fields; public Filia client semantics; official identity cross-check; Senado timeline conflicts; newer contemporary positive observations and direct party statements"", ""search_terms"": ""Damares Alves; partido; filiação; desfiliação; troca; expulsão""}"
completion_case_review.csv,R16,updated,reviewed_finding;primary_adjudication;decision_ids;evidence_ids,"{""administration_id"": ""bolsonaro"", ""case_id"": ""R16"", ""change_dimensions"": ""personal_affiliation;date"", ""decision_ids"": ""R16"", ""evidence_ids"": ""AFF-024;AFF-025;BOL-E12;BOL-E13"", ""primary_adjudication"": ""Primary June 18 2020; admissible February 12-June 18 range preserved."", ""residual_dependency"": ""transition-person-20d6d1c35408"", ""review_basis"": ""Underlying inherited assertions and source-specific completion decisions; exact requested case_change_dimensions.csv unavailable"", ""reviewed_finding"": ""PSDB departure is bounded, despite conflicting retrospective reports."", ""subjects"": ""Rogério Marinho""}","{""administration_id"": ""bolsonaro"", ""case_id"": ""R16"", ""change_dimensions"": ""personal_affiliation;date"", ""decision_ids"": ""R16;V5W6D03"", ""evidence_ids"": ""AFF-024;AFF-025;BOL-E12;BOL-E13;V5W6E04;V5W6E05;V5W6E06;V5W6E08;V5W6E09;V5W6E10"", ""primary_adjudication"": ""Primary June18 unchanged; former February12 lower bound superseded; exact withdrawal day remains unresolved."", ""residual_dependency"": ""transition-person-20d6d1c35408"", ""review_basis"": ""Underlying inherited assertions and source-specific completion decisions; exact requested case_change_dimensions.csv unavailable"", ""reviewed_finding"": ""PSDB departure newly bounded June16–18 2020 from contemporary June15 personal-membership observation and June19 earlier-departure report."", ""subjects"": ""Rogério Marinho""}"
completion_case_review.csv,R17,updated,reviewed_finding;primary_adjudication;decision_ids;evidence_ids,"{""administration_id"": ""bolsonaro"", ""case_id"": ""R17"", ""change_dimensions"": ""personal_affiliation;date"", ""decision_ids"": ""R17"", ""evidence_ids"": ""AFF-013;AFF-014;AFF-015;AFF-055;AFF-056;BOL-E01;BOL-E02;BOL-E18"", ""primary_adjudication"": ""Primary September 19 2020 within August 27-September 19 bounds."", ""residual_dependency"": ""transition-person-87ad75f8d2f9"", ""review_basis"": ""Underlying inherited assertions and source-specific completion decisions; exact requested case_change_dimensions.csv unavailable"", ""reviewed_finding"": ""PP departure in 2020 supersedes stale 2021 recollection; Republicanos entry March 28 2022."", ""subjects"": ""Damares Alves""}","{""administration_id"": ""bolsonaro"", ""case_id"": ""R17"", ""change_dimensions"": ""personal_affiliation;date"", ""decision_ids"": ""R17;V5W6D02"", ""evidence_ids"": ""AFF-013;AFF-014;AFF-015;AFF-055;AFF-056;BOL-E01;BOL-E02;BOL-E18;V5W6E03;V5W6E07;V5W6E09;V5W6E10"", ""primary_adjudication"": ""Primary September19 unchanged; admissible September4–19 replaces August27–September19."", ""residual_dependency"": ""transition-person-87ad75f8d2f9"", ""review_basis"": ""Underlying inherited assertions and source-specific completion decisions; exact requested case_change_dimensions.csv unavailable"", ""reviewed_finding"": ""PP at entry corroborated by September3 2020 BBC since1995 observation; departure narrowed; Republicanos historical entry verified by TSE."", ""subjects"": ""Damares Alves""}"
completion_case_review.csv,R26,updated,reviewed_finding;primary_adjudication;decision_ids;evidence_ids;residual_dependency,"{""administration_id"": ""bolsonaro"", ""case_id"": ""R26"", ""change_dimensions"": ""personal_affiliation;organizational_event"", ""decision_ids"": ""R26;C061"", ""evidence_ids"": ""AFF-044;BOL-E07;BOL-E08;C061;LEG-5b2c802041f5"", ""primary_adjudication"": ""Positive dated DEM observation supports primary; no conclusive personal exit fact."", ""residual_dependency"": ""Unaffiliated alternative would remove União May 11-December 31 2022"", ""review_basis"": ""Underlying inherited assertions and source-specific completion decisions; exact requested case_change_dimensions.csv unavailable"", ""reviewed_finding"": ""Primary DEM-to-União continuity retained with explicit contrary historical non-affiliation assertions."", ""subjects"": ""Adolfo Sachsida""}","{""administration_id"": ""bolsonaro"", ""case_id"": ""R26"", ""change_dimensions"": ""personal_affiliation;organizational_event"", ""decision_ids"": ""R26;C061;V5W6D01"", ""evidence_ids"": ""AFF-044;BOL-E07;BOL-E08;C061;LEG-5b2c802041f5;V5W6E01;V5W6E02"", ""primary_adjudication"": ""UNIAO throughout actual2022 service supported by historical membership field, exact official identity and merger continuity; contradictory compilation assertions retained but not selected as viable alternatives."", ""residual_dependency"": """", ""review_basis"": ""Underlying inherited assertions and source-specific completion decisions; exact requested case_change_dimensions.csv unavailable"", ""reviewed_finding"": ""Exact-identity official TSE historical2013 membership in successor UNIAO supersedes nonaffiliation alternative."", ""subjects"": ""Adolfo Sachsida""}"
completion_research_register.csv,V5W6-search-person-1c11e767f427,added,research_id;dependency_id;person_name;service_intervals;name_variants;query_family;saved_result_files;source_review_finding;unresolved_fact;search_date;completion_status,null,"{""completion_status"": ""resolved_official_registry_historical_membership"", ""dependency_id"": ""person-1c11e767f427"", ""name_variants"": ""Adolfo Sachsida"", ""person_name"": ""Adolfo Sachsida"", ""query_family"": ""Official TSE scoped historical membership fields; identity records; public client source semantics; official parliamentary affiliation chronology; targeted contemporary positive and departure reports"", ""research_id"": ""V5W6-search-person-1c11e767f427"", ""saved_result_files"": ""research/refinement_v5/worker_6_bolsonaro_affiliations/RESEARCH.md;research/refinement_v5/worker_6_bolsonaro_affiliations/sources/tse_DF_72.json"", ""search_date"": ""2026-09-10"", ""service_intervals"": ""2022-05-11/2023-01-01"", ""source_review_finding"": ""Supersede C061/R26 residual UNAFFILIATED alternative for Sachsida. Exact identifier in TCU bulletin matches the TSE official UNIAO record, whose historical entry is May27 2013, status REGULAR, no departure/cancellation/exclusion and no pending marker. MME identifies the same public officeholder. Together with independently dated2017 DEM membership, the unchanged historical entry in successor registry directly supports continuing predecessor membership through February8 2022 merger and ministerial service. Atlas sfp and Spanish/German historical no-party labels remain retained conflicting source assertions, but no longer credible competing trajectories against exact-person official historical record. Academic2024 DEM label remains obsolete and non-independent. This does not call the2026 extract a contemporaneous2022 certificate or prove arbitrary unrecorded events impossible; apply declared historical-observation continuity with targeted contradictory-event search, now backed by registry evidence. No service dates changed."", ""unresolved_fact"": """"}"
completion_research_register.csv,V5W6-search-person-20d6d1c35408,added,research_id;dependency_id;person_name;service_intervals;name_variants;query_family;saved_result_files;source_review_finding;unresolved_fact;search_date;completion_status,null,"{""completion_status"": ""narrowed_date_bounds"", ""dependency_id"": ""person-20d6d1c35408"", ""name_variants"": ""Rogerio Simonetti Marinho;Rogério Marinho"", ""person_name"": ""Rogério Marinho"", ""query_family"": ""Official TSE scoped historical membership fields; identity records; public client source semantics; official parliamentary affiliation chronology; targeted contemporary positive and departure reports"", ""research_id"": ""V5W6-search-person-20d6d1c35408"", ""saved_result_files"": ""research/refinement_v5/worker_6_bolsonaro_affiliations/RESEARCH.md;research/refinement_v5/worker_6_bolsonaro_affiliations/sources/mercopress_20200615.html"", ""search_date"": ""2026-09-10"", ""service_intervals"": ""2020-02-11/2022-03-31"", ""source_review_finding"": ""Marinho dated positive observations now include explicit May4 Veja affiliated-to-PSDB and June15 MercoPress belongs-to-PSDB; the latter expressly separates personal membership from party sponsorship. They corroborate June19 CNN few-days-earlier departure over February2021 retrospective February2020 and June28 column three-month-lag claims. Narrow departure to June16–18 inclusive using next day after latest positive report and day before completed-earlier-departure announcement; primary remains June18 under existing convention. This is a contemporary-report date adjudication, not an exact TSE exit certificate. June20 reproductions of personal and PSDB/RN president statements confirm completed consensual withdrawal, outweighing later Senado parliamentary timeline extending PSDB to November29 2021. Official TSE confirms PL entry November30 2021, not earlier PSDB withdrawal. Retain all conflicting observations; current PSDB non-match cannot date the departure."", ""unresolved_fact"": ""Exact PSDB exit within June16–18 2020 remains unavailable; narrowed bounds are contemporary-report adjudication.""}"
completion_research_register.csv,V5W6-search-person-87ad75f8d2f9,added,research_id;dependency_id;person_name;service_intervals;name_variants;query_family;saved_result_files;source_review_finding;unresolved_fact;search_date;completion_status,null,"{""completion_status"": ""narrowed_date_bounds"", ""dependency_id"": ""person-87ad75f8d2f9"", ""name_variants"": ""Damares Regina Alves;Damares Alves"", ""person_name"": ""Damares Alves"", ""query_family"": ""Official TSE scoped historical membership fields; identity records; public client source semantics; official parliamentary affiliation chronology; targeted contemporary positive and departure reports"", ""research_id"": ""V5W6-search-person-87ad75f8d2f9"", ""saved_result_files"": ""research/refinement_v5/worker_6_bolsonaro_affiliations/RESEARCH.md;research/refinement_v5/worker_6_bolsonaro_affiliations/sources/web_006.json"", ""search_date"": ""2026-09-10"", ""service_intervals"": ""2019-01-01/2022-03-31"", ""source_review_finding"": ""Damares PP at January2019 entry is corroborated by two contemporary accounts expressly describing affiliation since1995, not by later Republicanos membership. BBC September3 2020 current PP statement advances the last supported positive observation beyond August26. Combined with September20 completed-earlier-departure report, narrow admissible daily exit to September4–19 inclusive; retain primary September19 by existing latest-admissible convention. Subsequent2021 PP labels and O Globo2022 retrospective2021 departure year remain outweighed by contemporary completed2020 departure. Official TSE historical Republicanos entry March28 2022 confirms existing later transition; Senado October2 election-day entry is not used. Current PP non-match supplies no withdrawal date."", ""unresolved_fact"": ""Exact PP exit within September4–19 2020 remains unavailable.""}"
completion_research_register.csv,V5W7R001,added,research_id;dependency_id;person_name;service_intervals;name_variants;query_family;saved_result_files;source_review_finding;unresolved_fact;search_date;completion_status,null,"{""completion_status"": ""date_bounds_retained_after_targeted_primary_source_review"", ""dependency_id"": ""sabino-2023-return"", ""name_variants"": ""Celso Sabino;Celso Sabino de Oliveira;Ana Carla Machado Lopes"", ""person_name"": ""Celso Sabino / Ana Carla Machado Lopes"", ""query_family"": ""Actual return/handoff records; original Chamber diary dispatches and retrospective contemporaneous report"", ""research_id"": ""V5W7R001"", ""saved_result_files"": ""research/refinement_v5/worker_7_lula_dates/RESEARCH.md;research/refinement_v5/worker_7_lula_dates/sources/diary_review_manifest.json;research/refinement_v5/worker_7_lula_dates/sources/sabino_20231206_folhapress.html"", ""search_date"": ""2026-09-10"", ""service_intervals"": ""2023-12-04/2023-12-06"", ""source_review_finding"": ""Retain Dec4-Dec6 candidates and primaryDec6. New retrospective Folhapress evidence corroborates actual ministerial return on Dec4, while C073 retains actual parliamentary voting Dec5 and licenceDec6. Reviewed original dispatch sections Dec6-16 did not yield a possession or handoff record. Neither announcement nor legislative administrative date alone resolves the conflicting actual histories; no defensible narrowing. Move Ana Carla vacancy end and Sabino titular start jointly under the existing closing-state rule."", ""unresolved_fact"": ""Exact closing-state return among December4,5,6 remains unresolved.""}"
completion_research_register.csv,V5W7R002,added,research_id;dependency_id;person_name;service_intervals;name_variants;query_family;saved_result_files;source_review_finding;unresolved_fact;search_date;completion_status,null,"{""completion_status"": ""date_bounds_retained_with_stronger_actual_event_evidence"", ""dependency_id"": ""sabino-2025-nov-return"", ""name_variants"": ""Celso Sabino;Celso Sabino de Oliveira;Ana Carla Machado Lopes"", ""person_name"": ""Celso Sabino / Ana Carla Machado Lopes"", ""query_family"": ""Actual Orla ceremony; original parliamentary notification; official Secom/EBC performed ministerial interview"", ""research_id"": ""V5W7R002"", ""saved_result_files"": ""research/refinement_v5/worker_7_lula_dates/RESEARCH.md;research/refinement_v5/worker_7_lula_dates/sources/orla_reproduction.html;research/refinement_v5/worker_7_lula_dates/sources/dcd20251118_p14.png;research/refinement_v5/worker_7_lula_dates/sources/web_15.json"", ""search_date"": ""2026-09-10"", ""service_intervals"": ""2025-11-14/2025-11-17"", ""source_review_finding"": ""Retain Nov14-Nov17 candidates and primaryNov17. The Nov14 Orla ceremony is now retrospectively verified, improving the earlier scheduled-only evidence, but an event at one time cannot exclude a later same-day closing-state handoff. The Nov15 weekly recap does not date the quoted remarks independently. Original Chamber dispatch explicitly makes parliamentary leave effective at notificationNov17 19h36, not ministerial possession. Official Secom/EBC reporting proves ministerial exercise on the morning of17, independently supporting that latest bound. Decree13/publication14 and expectedreturn14 remain admissible; no exact handoff record excludes dates14-16."", ""unresolved_fact"": ""Exact closing-state return among November14,15,16,17 remains unresolved.""}"
completion_research_register.csv,completion-search-561613fe4a6e,updated,query_family;saved_result_files;source_review_finding,"{""completion_status"": ""blocked"", ""dependency_id"": ""person-561613fe4a6e"", ""name_variants"": ""Estella Dantas;Maria Estella Dantas Antonichelli"", ""person_name"": ""Maria Estella Dantas Antonichelli"", ""query_family"": ""name variants + office + service years + partido/sem partido/filiação/desfiliação/expulsão/sucessão/interino; results also screened for wrong-person and wrong-subject matches"", ""research_id"": ""completion-search-561613fe4a6e"", ""saved_result_files"": ""research/completion/web_014.txt;research/completion/web_025.txt;research/completion/web_026.txt;research/completion/web_048.txt;research/completion/web_065.txt;research/completion/web_067.txt;research/completion/web_073.txt;research/completion/web_074.txt;research/completion/web_097.txt;research/completion/web_197.txt;research/completion/web_218.txt;research/completion/web_249.txt;research/completion/web_253.txt;research/completion/web_287.txt;research/followup_bolsonaro_affiliations/HISTORICAL_SNAPSHOT_FINDINGS.md"", ""search_date"": ""2026-09-10"", ""service_intervals"": ""2022-12-21/2023-01-01"", ""source_review_finding"": ""Full-name and legal-name variants, 2022 resignation/office reporting, ministerial directory and board material inspected. A PSD news byline and Fabio Faria employment are not her own membership. Board independence is not non-affiliation. Additional 2016-07-27 historical Brasília snapshot: all35 party lists,202pages,182698 rendered rows, no matching target. Historical and current-list absence is not evidence of non-affiliation."", ""unresolved_fact"": ""Personal affiliation or an explicit temporally relevant non-affiliation observation, or evidence supporting a defensible finite set of alternatives""}","{""completion_status"": ""blocked"", ""dependency_id"": ""person-561613fe4a6e"", ""name_variants"": ""Estella Dantas;Maria Estella Dantas Antonichelli"", ""person_name"": ""Maria Estella Dantas Antonichelli"", ""query_family"": ""name variants + office + service years + partido/sem partido/filiação/desfiliação/expulsão/sucessão/interino; results also screened for wrong-person and wrong-subject matches; original Telebras eligibility minutes/Form C scope; official MCom service roll and statutory substitute rule"", ""research_id"": ""completion-search-561613fe4a6e"", ""saved_result_files"": ""research/completion/web_014.txt;research/completion/web_025.txt;research/completion/web_026.txt;research/completion/web_048.txt;research/completion/web_065.txt;research/completion/web_067.txt;research/completion/web_073.txt;research/completion/web_074.txt;research/completion/web_097.txt;research/completion/web_197.txt;research/completion/web_218.txt;research/completion/web_249.txt;research/completion/web_253.txt;research/completion/web_287.txt;research/followup_bolsonaro_affiliations/HISTORICAL_SNAPSHOT_FINDINGS.md;research/refinement_v5/worker_5_bolsonaro_2022/RESEARCH.md;research/refinement_v5/worker_5_bolsonaro_2022/sources/fetch_manifest.json"", ""search_date"": ""2026-09-10"", ""service_intervals"": ""2022-12-21/2023-01-01"", ""source_review_finding"": ""Full-name and legal-name variants, 2022 resignation/office reporting, ministerial directory and board material inspected. A PSD news byline and Fabio Faria employment are not her own membership. Board independence is not non-affiliation. Additional 2016-07-27 historical Brasília snapshot: all35 party lists,202pages,182698 rendered rows, no matching target. Historical and current-list absence is not evidence of non-affiliation. V5: Telebras 57th eligibility committee minutes of February 11 2022 review her Form C signed December 14 2021 and state that requirements/impediments were answered yes/no. Those are fiscal-council eligibility assertions, not an explicit personal non-affiliation declaration. The original proposal and 283rd board assessment address credentials and eligibility. No named personal party or universal non-affiliation observation is established. Prior PSD byline, Fabio Faria employment, and scoped registry non-matches remain insufficient; retain UNKNOWN. Official MCom 2022 responsibility roll, updated January 2 2023, dates Fabio Faria dismissal December 21 2022 and lists Maria Estella Dantas Antonichelli as the continuing executive secretary. Decree 8851/2016 article 1 III supplies the executive-secretary substitute during vacancy, absent a specific presidential designation. The December 21 2022 interministerial order 6672, published January 3 2023, identifies Estella as Ministra de Estado das Comunicacoes Substituta; C028 independently records her December 30 substitute signature. Correct inherited capacity titular to vacancy_acting without changing the service interval [2022-12-21,2023-01-01). The January publication date of order 6672 is not an extension of ministerial service."", ""unresolved_fact"": ""Personal affiliation or an explicit temporally relevant non-affiliation observation, or evidence supporting a defensible finite set of alternatives""}"
completion_research_register.csv,completion-search-ana-carla-machado-lopes,updated,query_family;saved_result_files;source_review_finding,"{""completion_status"": ""resolved_historical_observation_with_identity_and_continuity_adjudication"", ""dependency_id"": ""person-ana-carla-machado-lopes"", ""name_variants"": ""Ana Carla Machado Lopes;Ana Carla Lopes"", ""person_name"": ""Ana Carla Machado Lopes"", ""query_family"": ""official succession + personal affiliation/non-affiliation + public TSE DF and Belem historical-date records + 2025 departure/party reporting"", ""research_id"": ""completion-search-ana-carla-machado-lopes"", ""saved_result_files"": ""research/followup_succession_justice_foreign/sabino_vacancy_successions.csv;research/followup_succession_justice_foreign/sabino_date_conflicts.json;research/followup_bolsonaro_affiliations/TSE_TARGET_SCAN_SUMMARY.json;research/followup_root/web_registry_06.json;research/followup_root/web_registry_07.json;research/followup_root/web_registry_12.json;research/followup_bolsonaro_affiliations/HISTORICAL_SNAPSHOT_FINDINGS.md;research/followup_root/filiaweb_2016_names.json;research/followup_succession_justice_foreign/ana_carla_psdb_2016_target_assertion.json;research/followup_succession_justice_foreign/ana_carla_official_cv_web_assertion.txt;research/followup_succession_justice_foreign/ana_carla_alepa_20190211.pdf"", ""search_date"": ""2026-09-10"", ""service_intervals"": ""2023-12-04/2023-12-06;2024-12-03/2024-12-06;2025-10-08/2025-10-09;2025-11-13/2025-11-17;2025-12-19/2025-12-23"", ""source_review_finding"": ""The explicitly dated July27 2016 Filiaweb historical copy of TSE records lists the exact rare full name Ana Carla Machado Lopes in PSDB at Belem/PA, with entry October2 2013. Identity is adjudicated from full name, Para legal/professional history in the official MTur curriculum, and the official2019 ALEPA roster naming the same person as PSDB leadership chief of staff. The employment is an identity corroborator, not the membership evidence: the historical affiliation row supplies that fact. Apply the declared forward-continuity rule from the positive dated membership through her independently documented vacancy services. Targeted searches found no specific subsequent personal resignation, expulsion, new affiliation or general non-affiliation statement. The2025 statement that she was not affiliated to Uniao is consistent with PSDB and does not imply no party. Current TSE municipal-list non-matches do not establish a departure. This is a historical observation plus continuity and contextual identity adjudication, not a current certificate or an exact identifier match; source age and its own update warning remain explicit. Do not invent a non-affiliation alternative merely from absent current data. The five office interruptions do not create five personal affiliation events; one continuous affiliation spell supports the five service spells. Sabino return-date alternatives remain separately set-changing for PSDB representation."", ""unresolved_fact"": """"}","{""completion_status"": ""resolved_historical_observation_with_identity_and_continuity_adjudication"", ""dependency_id"": ""person-ana-carla-machado-lopes"", ""name_variants"": ""Ana Carla Machado Lopes;Ana Carla Lopes"", ""person_name"": ""Ana Carla Machado Lopes"", ""query_family"": ""official succession + personal affiliation/non-affiliation + public TSE DF and Belem historical-date records + 2025 departure/party reporting + historical official SGIP PSDB governing-body query + actual-event and original parliamentary dispatch review"", ""research_id"": ""completion-search-ana-carla-machado-lopes"", ""saved_result_files"": ""research/followup_succession_justice_foreign/sabino_vacancy_successions.csv;research/followup_succession_justice_foreign/sabino_date_conflicts.json;research/followup_bolsonaro_affiliations/TSE_TARGET_SCAN_SUMMARY.json;research/followup_root/web_registry_06.json;research/followup_root/web_registry_07.json;research/followup_root/web_registry_12.json;research/followup_bolsonaro_affiliations/HISTORICAL_SNAPSHOT_FINDINGS.md;research/followup_root/filiaweb_2016_names.json;research/followup_succession_justice_foreign/ana_carla_psdb_2016_target_assertion.json;research/followup_succession_justice_foreign/ana_carla_official_cv_web_assertion.txt;research/followup_succession_justice_foreign/ana_carla_alepa_20190211.pdf;research/refinement_v5/worker_7_lula_dates/sources/sgip_scan_summary.json;research/refinement_v5/worker_7_lula_dates/RESEARCH.md"", ""search_date"": ""2026-09-10"", ""service_intervals"": ""2023-12-04/2023-12-06;2024-12-03/2024-12-06;2025-10-08/2025-10-09;2025-11-13/2025-11-17;2025-12-19/2025-12-23"", ""source_review_finding"": ""The explicitly dated July27 2016 Filiaweb historical copy of TSE records lists the exact rare full name Ana Carla Machado Lopes in PSDB at Belem/PA, with entry October2 2013. Identity is adjudicated from full name, Para legal/professional history in the official MTur curriculum, and the official2019 ALEPA roster naming the same person as PSDB leadership chief of staff. The employment is an identity corroborator, not the membership evidence: the historical affiliation row supplies that fact. Apply the declared forward-continuity rule from the positive dated membership through her independently documented vacancy services. Targeted searches found no specific subsequent personal resignation, expulsion, new affiliation or general non-affiliation statement. The2025 statement that she was not affiliated to Uniao is consistent with PSDB and does not imply no party. Current TSE municipal-list non-matches do not establish a departure. This is a historical observation plus continuity and contextual identity adjudication, not a current certificate or an exact identifier match; source age and its own update warning remain explicit. Do not invent a non-affiliation alternative merely from absent current data. The five office interruptions do not create five personal affiliation events; one continuous affiliation spell supports the five service spells. Sabino return-date alternatives remain separately set-changing for PSDB representation. V5 targeted review: historical TSE SGIP returned27 PSDB governing bodies and1131 officer entries without a target match; its partial officer universe adds no negative affiliation evidence. C075 historical PSDB observation and continuity are retained without a certification upgrade. The Nov14 ceremony is now retrospectively verified, and original Chamber notice and Secom/EBC Nov17 actual ministerial reporting improve the service chronology provenance; closing-state return bounds remain unchanged."", ""unresolved_fact"": """"}"
completion_research_register.csv,completion-search-carlos-henrique-menezes-sobral,updated,query_family;saved_result_files;source_review_finding;unresolved_fact,"{""completion_status"": ""blocked"", ""dependency_id"": ""person-carlos-henrique-menezes-sobral"", ""name_variants"": ""Carlos Henrique Menezes Sobral;Carlos Sobral"", ""person_name"": ""Carlos Henrique Menezes Sobral"", ""query_family"": ""name variants + office + service years + partido/sem partido/filiação/desfiliação/expulsão/sucessão/interino; results also screened for wrong-person and wrong-subject matches"", ""research_id"": ""completion-search-carlos-henrique-menezes-sobral"", ""saved_result_files"": ""research/completion/web_039.txt;research/completion/web_041.txt;research/completion/web_075.txt;research/completion/web_076.txt;research/completion/web_084.txt;research/completion/web_085.txt;research/completion/web_086.txt;research/completion/web_092.txt;research/completion/web_109.txt;research/completion/web_189.txt;research/completion/web_196.txt;research/completion/web_198.txt;research/completion/web_268.txt;research/completion/web_269.txt;research/followup_root/web_registry_10.json;research/followup_ivani/sobral_alepi_pdl32_2021_ocr.txt;research/followup_bolsonaro_affiliations/HISTORICAL_SNAPSHOT_FINDINGS.md"", ""search_date"": ""2026-09-10"", ""service_intervals"": ""2018-12-31/2019-01-01;2023-11-30/2023-12-04;2025-02-01/2025-02-03"", ""source_review_finding"": ""Official Presidency responsibilities and 2023 Folha account establish career/identity. MDB sponsorship and an ex-adviser description do not establish personal affiliation in December 2018. Folhapress January25 2023 personally characterizes Carlos Henrique Menezes Sobral as a cadre of MDB, in a sentence distinct from the report of his sponsorship. Accept this credible contemporary personal party label as a qualified primary MDB adjudication from that date, with forward continuity through later qualifying vacancy service. Retain UNAFFILIATED as a credible alternative because the qualified cadre description could reflect a party-adjacent professional rather than formal registration. This is not an exact affiliation certificate or a conclusion from his ministry sponsor. Current TSE municipal-list non-matches cannot negate the label or prove non-affiliation. Targeted searches and the original 2021 Alepi biographical proposal yielded no specific competing affiliation event. Do not backproject the 2023 label to his December31 2018 service, which remains a separate unresolved affiliation dependency. The alternative is composition-neutral only where other qualifying MDB ministers independently establish MDB representation. Additional 2016-07-27 historical Brasília snapshot: all35 party lists,202pages,182698 rendered rows, no matching target. Historical and current-list absence is not evidence of non-affiliation."", ""unresolved_fact"": ""Personal affiliation or an explicit temporally relevant non-affiliation observation, or evidence supporting a defensible finite set of alternatives""}","{""completion_status"": ""blocked"", ""dependency_id"": ""person-carlos-henrique-menezes-sobral"", ""name_variants"": ""Carlos Henrique Menezes Sobral;Carlos Sobral"", ""person_name"": ""Carlos Henrique Menezes Sobral"", ""query_family"": ""name variants + office + service years + partido/sem partido/filiação/desfiliação/expulsão/sucessão/interino; results also screened for wrong-person and wrong-subject matches;SGIP3 historical governing bodies valid December31 2018 national/DF/BA/SE;Filia scoped Salvador/Aracaju and DF identity matching;original final-day service acts and statutory substitute rule"", ""research_id"": ""completion-search-carlos-henrique-menezes-sobral"", ""saved_result_files"": ""research/completion/web_039.txt;research/completion/web_041.txt;research/completion/web_075.txt;research/completion/web_076.txt;research/completion/web_084.txt;research/completion/web_085.txt;research/completion/web_086.txt;research/completion/web_092.txt;research/completion/web_109.txt;research/completion/web_189.txt;research/completion/web_196.txt;research/completion/web_198.txt;research/completion/web_268.txt;research/completion/web_269.txt;research/followup_root/web_registry_10.json;research/followup_ivani/sobral_alepi_pdl32_2021_ocr.txt;research/followup_bolsonaro_affiliations/HISTORICAL_SNAPSHOT_FINDINGS.md;research/refinement_v5/worker_2_temer_end/RESEARCH.md;research/refinement_v5/worker_2_temer_end/sources/sgip_ba_20181231.json;research/refinement_v5/worker_2_temer_end/sources/sgip_df_20181231.json;research/refinement_v5/worker_2_temer_end/sources/sgip_members_263115_scoped.json;research/refinement_v5/worker_2_temer_end/sources/sgip_members_263816_scoped.json;research/refinement_v5/worker_2_temer_end/sources/sgip_members_70945_scoped.json;research/refinement_v5/worker_2_temer_end/sources/sgip_members_70946_scoped.json;research/refinement_v5/worker_2_temer_end/sources/sgip_members_94158_scoped.json;research/refinement_v5/worker_2_temer_end/sources/sgip_national_20181231.json;research/refinement_v5/worker_2_temer_end/sources/sgip_se_20181231.json;research/refinement_v5/worker_2_temer_end/sources/tse_BA_182.json;research/refinement_v5/worker_2_temer_end/sources/tse_BA_38.json;research/refinement_v5/worker_2_temer_end/sources/tse_BA_42.json;research/refinement_v5/worker_2_temer_end/sources/tse_BA_51.json;research/refinement_v5/worker_2_temer_end/sources/tse_BA_69.json;research/refinement_v5/worker_2_temer_end/sources/tse_DF_42.json;research/refinement_v5/worker_2_temer_end/sources/tse_SE_182.json;research/refinement_v5/worker_2_temer_end/sources/tse_SE_38.json;research/refinement_v5/worker_2_temer_end/sources/tse_SE_42.json;research/refinement_v5/worker_2_temer_end/sources/tse_SE_51.json;research/refinement_v5/worker_2_temer_end/sources/tse_SE_69.json;research/refinement_v5/worker_2_temer_end/sources/dou20190101.pdf;research/refinement_v5/worker_2_temer_end/sources/web_012.json"", ""search_date"": ""2026-09-10"", ""service_intervals"": ""2018-12-31/2019-01-01;2023-11-30/2023-12-04;2025-02-01/2025-02-03"", ""source_review_finding"": ""Official Presidency responsibilities and 2023 Folha account establish career/identity. MDB sponsorship and an ex-adviser description do not establish personal affiliation in December 2018. Folhapress January25 2023 personally characterizes Carlos Henrique Menezes Sobral as a cadre of MDB, in a sentence distinct from the report of his sponsorship. Accept this credible contemporary personal party label as a qualified primary MDB adjudication from that date, with forward continuity through later qualifying vacancy service. Retain UNAFFILIATED as a credible alternative because the qualified cadre description could reflect a party-adjacent professional rather than formal registration. This is not an exact affiliation certificate or a conclusion from his ministry sponsor. Current TSE municipal-list non-matches cannot negate the label or prove non-affiliation. Targeted searches and the original 2021 Alepi biographical proposal yielded no specific competing affiliation event. Do not backproject the 2023 label to his December31 2018 service, which remains a separate unresolved affiliation dependency. The alternative is composition-neutral only where other qualifying MDB ministers independently establish MDB representation. Additional 2016-07-27 historical Brasília snapshot: all35 party lists,202pages,182698 rendered rows, no matching target. Historical and current-list absence is not evidence of non-affiliation. v5: Historical SGIP3 governing-body screening and new scoped Filia geography/identity checks did not establish a dated 2018 personal affiliation. Returned governing members are not an exhaustive affiliate universe, and current-list absence cannot show historical non-affiliation. No evidence restricts all credible alternatives to MDB and UNAFFILIATED. Retain UNKNOWN on December31 2018; do not backproject the qualified January25 2023 MDB observation. Retain the December31 2018 statutory vacancy succession. The original January1 2019 DOU page1 explicitly dismisses Carlos Henrique Menezes Sobral as executive secretary effective January1. Decree8851/2016 article1 III supplies executive-secretary substitution during vacancy unless a specific presidential designation exists. With C034 Marun publication-date departure and the named continuing deputy, this supports the existing one-day adjudication. No vacancy-specific Sobral decree is claimed; no competing designation or earlier departure was established. No change to routine-leave/signature-only rule or half-open dates."", ""unresolved_fact"": ""Contemporaneous personal affiliation, an exhaustive authoritative exact-person historical non-affiliation observation, or evidence bounding every credible alternative on December31 2018.""}"
completion_research_register.csv,completion-search-helder-melillo-lopes-cunha-silva,updated,query_family;saved_result_files;source_review_finding;unresolved_fact,"{""completion_status"": ""primary_adjudicated_with_set_changing_alternative"", ""dependency_id"": ""person-helder-melillo-lopes-cunha-silva"", ""name_variants"": ""Helder Melillo"", ""person_name"": ""Helder Melillo Lopes Cunha Silva"", ""query_family"": ""name variants + office + service years + partido/sem partido/filiação/desfiliação/expulsão/sucessão/interino; results also screened for wrong-person and wrong-subject matches"", ""research_id"": ""completion-search-helder-melillo-lopes-cunha-silva"", ""saved_result_files"": ""research/completion/web_102.txt;research/completion/web_103.txt;research/completion/web_105.txt;research/completion/web_266.txt;research/completion/web_287.txt;research/followup_bolsonaro_affiliations/HELDER_ADJUDICATION.md;research/followup_bolsonaro_affiliations/tse_df_58.json"", ""search_date"": ""2026-09-10"", ""service_intervals"": ""2022-12-30/2023-01-01"", ""source_review_finding"": ""Adjudicate primary NOVO for Helder’s December30–31 2022 service from the exact-identity TSE historical entry dated October28 2017 and still-REGULAR official record. Preserve the conflicting dtDesfiliacao February3 2021, pending marker, null cancellation/exclusion and null tsCadastroDesfiliacao. UNAFFILIATED remains a credible alternative for the whole service. Neither reasoncode2 nor the legacy API date-field migration has been fully decoded: do not call the departure definitely voluntary, definitively only party-entered, or a completed judicial cancellation. TSE manuals describe regular records with pending departure/cancellation, while Resolution23.596 articles21 and24 distinguish possible legal termination paths. These explain the conflict but do not settle this individual’s exact legal event. The primary is an explicitly uncertain formal-registry adjudication, not legal certainty or generic continuity overriding a known event. Current municipal-list non-matches for other people are not non-affiliation evidence."", ""unresolved_fact"": ""Exact effective departure remains disputed: primary NOVO versus unaffiliated alternative for December30-31 2022.""}","{""completion_status"": ""primary_adjudicated_with_set_changing_alternative"", ""dependency_id"": ""person-helder-melillo-lopes-cunha-silva"", ""name_variants"": ""Helder Melillo"", ""person_name"": ""Helder Melillo Lopes Cunha Silva"", ""query_family"": ""name variants + office + service years + partido/sem partido/filiação/desfiliação/expulsão/sucessão/interino; results also screened for wrong-person and wrong-subject matches; official public TSE application enums, record template, departure-form serialization and notice"", ""research_id"": ""completion-search-helder-melillo-lopes-cunha-silva"", ""saved_result_files"": ""research/completion/web_102.txt;research/completion/web_103.txt;research/completion/web_105.txt;research/completion/web_266.txt;research/completion/web_287.txt;research/followup_bolsonaro_affiliations/HELDER_ADJUDICATION.md;research/followup_bolsonaro_affiliations/tse_df_58.json;research/refinement_v5/worker_5_bolsonaro_2022/RESEARCH.md;research/refinement_v5/worker_5_bolsonaro_2022/sources/fetch_manifest.json"", ""search_date"": ""2026-09-10"", ""service_intervals"": ""2022-12-30/2023-01-01"", ""source_review_finding"": ""Official TSE public client resolves cdMotivoDesfiliacao=2 as A pedido do eleitor, distinct from Expulsao=1 and Judicial=10. The same record-detail template binds the reason field through that enum and separately displays dtDesfiliacao and tsCadastroDesfiliacao. The party departure form sends its chosen date as dtDesfiliacao and warns that reason-2 departure is effectuated after elector notice to the electoral court. Thus a bare populated dtDesfiliacao does not by itself prove completed judicial termination. Retain the exact-identity NOVO entry 2017-10-28, dtDesfiliacao 2021-02-03, REGULAR status 1, pending marker 1, null cancellation/exclusion and null tsCadastroDesfiliacao. The decoded reason is a recorded request category, not independent proof of the signed request or court receipt. Historical migration and actual court-notice date remain unverified; primary NOVO and the credible UNAFFILIATED alternative both remain for December 30-31 2022. C071 is retained as the earlier research state, superseded here only on the decoded code and directly observed client field mapping."", ""unresolved_fact"": ""Court-notice/effective termination date and historical migration remain unverified; reason 2 is now decoded as A pedido do eleitor.""}"
completion_research_register.csv,completion-search-ivani-dos-santos,updated,query_family;saved_result_files;source_review_finding,"{""completion_status"": ""blocked"", ""dependency_id"": ""person-ivani-dos-santos"", ""name_variants"": ""Ivani dos Santos;Ivany dos Santos"", ""person_name"": ""Ivani dos Santos"", ""query_family"": ""name variants + office + service years + partido/sem partido/filiação/desfiliação/expulsão/sucessão/interino; results also screened for wrong-person and wrong-subject matches"", ""research_id"": ""completion-search-ivani-dos-santos"", ""saved_result_files"": ""research/completion/web_055.txt;research/completion/web_056.txt;research/completion/web_057.txt;research/completion/web_059.txt;research/completion/web_067.txt;research/completion/web_072.txt;research/completion/web_075.txt;research/completion/web_076.txt;research/completion/web_082.txt;research/completion/web_083.txt;research/completion/web_089.txt;research/completion/web_091.txt;research/completion/web_094.txt;research/completion/web_097.txt;research/completion/web_117.txt;research/completion/web_194.txt;research/completion/web_198.txt;research/completion/web_219.txt;research/completion/web_243.txt;research/completion/web_244.txt;research/completion/web_246.txt;research/completion/web_248.txt;research/completion/web_267.txt;research/completion/web_271.txt;research/completion/web_293.txt;research/completion/web_307.txt;research/completion/web_308.txt;research/completion/web_309.txt;research/completion/web_310.txt;research/completion/web_311.txt;research/completion/web_312.txt;research/completion/web_313.txt;research/completion/web_314.txt;research/completion/web_315.txt;research/completion/web_316.txt;research/followup_bolsonaro_affiliations/HISTORICAL_SNAPSHOT_FINDINGS.md"", ""search_date"": ""2026-09-10"", ""service_intervals"": ""2016-11-25/2017-02-03;2017-08-02/2017-08-03;2017-10-20/2017-10-26"", ""source_review_finding"": ""Thirty years of PMDB leadership employment, official November 2016 acting appointment and 2017 minister-substitute acts establish identity and service, but not personal affiliation. Apparent membership-list hits concern longer or different names and cannot be assigned to her. Follow-up rechecked formal vacancy service, spelling Ivany, and an indexed 2014 party-accounts document. The original TSE PDF returned HTTP 403; the available excerpt establishes no personal affiliation, so no primary affiliation change was made. Additional 2016-07-27 historical Brasília snapshot: all35 party lists,202pages,182698 rendered rows, no matching target. Historical and current-list absence is not evidence of non-affiliation."", ""unresolved_fact"": ""Personal affiliation or an explicit temporally relevant non-affiliation observation, or evidence supporting a defensible finite set of alternatives""}","{""completion_status"": ""blocked"", ""dependency_id"": ""person-ivani-dos-santos"", ""name_variants"": ""Ivani dos Santos;Ivany dos Santos"", ""person_name"": ""Ivani dos Santos"", ""query_family"": ""name variants + office + service years + partido/sem partido/filiação/desfiliação/expulsão/sucessão/interino; results also screened for wrong-person and wrong-subject matches; v5: official historical SGIP3 national/GO/DF governing-body membership; academic firsthand narrative; public/private registry-history semantics; 2024 researcher archive provenance"", ""research_id"": ""completion-search-ivani-dos-santos"", ""saved_result_files"": ""research/completion/web_055.txt;research/completion/web_056.txt;research/completion/web_057.txt;research/completion/web_059.txt;research/completion/web_067.txt;research/completion/web_072.txt;research/completion/web_075.txt;research/completion/web_076.txt;research/completion/web_082.txt;research/completion/web_083.txt;research/completion/web_089.txt;research/completion/web_091.txt;research/completion/web_094.txt;research/completion/web_097.txt;research/completion/web_117.txt;research/completion/web_194.txt;research/completion/web_198.txt;research/completion/web_219.txt;research/completion/web_243.txt;research/completion/web_244.txt;research/completion/web_246.txt;research/completion/web_248.txt;research/completion/web_267.txt;research/completion/web_271.txt;research/completion/web_293.txt;research/completion/web_307.txt;research/completion/web_308.txt;research/completion/web_309.txt;research/completion/web_310.txt;research/completion/web_311.txt;research/completion/web_312.txt;research/completion/web_313.txt;research/completion/web_314.txt;research/completion/web_315.txt;research/completion/web_316.txt;research/followup_bolsonaro_affiliations/HISTORICAL_SNAPSHOT_FINDINGS.md;research/refinement_v5/worker_1_ivani/RESEARCH.md;research/refinement_v5/worker_1_ivani/sources/search_02.json;research/refinement_v5/worker_1_ivani/sources/search_03.json;research/refinement_v5/worker_1_ivani/sources/sgip_members_70945_scoped.json;research/refinement_v5/worker_1_ivani/sources/sgip_members_70946_scoped.json;research/refinement_v5/worker_1_ivani/sources/sgip_members_100311_scoped.json;research/refinement_v5/worker_1_ivani/sources/sgip_members_94158_scoped.json"", ""search_date"": ""2026-09-10"", ""service_intervals"": ""2016-11-25/2017-02-03;2017-08-02/2017-08-03;2017-10-20/2017-10-26"", ""source_review_finding"": ""Thirty years of PMDB leadership employment, official November 2016 acting appointment and 2017 minister-substitute acts establish identity and service, but not personal affiliation. Apparent membership-list hits concern longer or different names and cannot be assigned to her. Follow-up rechecked formal vacancy service, spelling Ivany, and an indexed 2014 party-accounts document. The original TSE PDF returned HTTP 403; the available excerpt establishes no personal affiliation, so no primary affiliation change was made. Additional 2016-07-27 historical Brasília snapshot: all35 party lists,202pages,182698 rendered rows, no matching target. Historical and current-list absence is not evidence of non-affiliation. V5 new primary channel: SGIP3 returns national executive (36 members), national directory (219), Goias directory (149), and Distrito Federal regional directory (127) with validity overlapping 2016-2017; all 531 returned governing-member entries screened with no Ivani/Ivany hit. This is not exhaustive party membership and SGIP migration limits remain. A newly found 2006 exact-name UniCEUB monograph describes a federal legislative career but provides no party-state observation; identity compatibility is not unique identification. Official Filia manuals distinguish public lists from complete histories. Gabriel Caseiro archive is a July 2024 current-list capture, not an exhaustive 2016-2017 history. Preserve UNKNOWN and all 77 unresolved days."", ""unresolved_fact"": ""Personal affiliation or an explicit temporally relevant non-affiliation observation, or evidence supporting a defensible finite set of alternatives""}"
completion_research_register.csv,completion-search-jonathas-assuncao-salvador-nery-de-castro,updated,query_family;saved_result_files;source_review_finding,"{""completion_status"": ""blocked"", ""dependency_id"": ""person-jonathas-assuncao-salvador-nery-de-castro"", ""name_variants"": ""Jonathas Assuncao;Jonathas Assunção;Jonathas Assuncao Salvador"", ""person_name"": ""Jonathas Assunção Salvador Nery de Castro"", ""query_family"": ""name variants + office + service years + partido/sem partido/filiação/desfiliação/expulsão/sucessão/interino; results also screened for wrong-person and wrong-subject matches"", ""research_id"": ""completion-search-jonathas-assuncao-salvador-nery-de-castro"", ""saved_result_files"": ""research/completion/web_033.txt;research/completion/web_078.txt;research/completion/web_081.txt;research/completion/web_082.txt;research/completion/web_083.txt;research/completion/web_084.txt;research/completion/web_086.txt;research/completion/web_088.txt;research/completion/web_089.txt;research/completion/web_112.txt;research/completion/web_113.txt;research/completion/web_138.txt;research/completion/web_159.txt;research/completion/web_164.txt;research/completion/web_191.txt;research/completion/web_217.txt;research/completion/web_221.txt;research/completion/web_222.txt;research/completion/web_230.txt;research/completion/web_250.txt;research/completion/web_251.txt;research/completion/web_265.txt;research/followup_bolsonaro_affiliations/HISTORICAL_SNAPSHOT_FINDINGS.md"", ""search_date"": ""2026-09-10"", ""service_intervals"": ""2022-12-30/2023-01-01;2021-03-30/2021-03-31"", ""source_review_finding"": ""Official rolls establish vacancy service. Petrobras 2022 nomination, governance and court records address executive-office ineligibility; those findings do not establish non-affiliation. Legacy assembly website returned 404. Additional 2016-07-27 historical Brasília snapshot: all35 party lists,202pages,182698 rendered rows, no matching target. Historical and current-list absence is not evidence of non-affiliation."", ""unresolved_fact"": ""Personal affiliation or an explicit temporally relevant non-affiliation observation, or evidence supporting a defensible finite set of alternatives""}","{""completion_status"": ""blocked"", ""dependency_id"": ""person-jonathas-assuncao-salvador-nery-de-castro"", ""name_variants"": ""Jonathas Assuncao;Jonathas Assunção;Jonathas Assuncao Salvador"", ""person_name"": ""Jonathas Assunção Salvador Nery de Castro"", ""query_family"": ""name variants + office + service years + partido/sem partido/filiação/desfiliação/expulsão/sucessão/interino; results also screened for wrong-person and wrong-subject matches; issuer-authored Petrobras 2022 reference filing via Latibex; official nomination announcement and legacy assembly route;v5 original personnel eligibility/nomination dossiers; exact identity and contemporaneous declarations; scoped registry with historical-negative limitation"", ""research_id"": ""completion-search-jonathas-assuncao-salvador-nery-de-castro"", ""saved_result_files"": ""research/completion/web_033.txt;research/completion/web_078.txt;research/completion/web_081.txt;research/completion/web_082.txt;research/completion/web_083.txt;research/completion/web_084.txt;research/completion/web_086.txt;research/completion/web_088.txt;research/completion/web_089.txt;research/completion/web_112.txt;research/completion/web_113.txt;research/completion/web_138.txt;research/completion/web_159.txt;research/completion/web_164.txt;research/completion/web_191.txt;research/completion/web_217.txt;research/completion/web_221.txt;research/completion/web_222.txt;research/completion/web_230.txt;research/completion/web_250.txt;research/completion/web_251.txt;research/completion/web_265.txt;research/followup_bolsonaro_affiliations/HISTORICAL_SNAPSHOT_FINDINGS.md;research/refinement_v5/worker_5_bolsonaro_2022/RESEARCH.md;research/refinement_v5/worker_5_bolsonaro_2022/sources/fetch_manifest.json;research/refinement_v5/worker_4_bolsonaro_2021/sources/web_06.json;research/refinement_v5/worker_4_bolsonaro_2021/sources/terracap_index.html;research/refinement_v5/worker_4_bolsonaro_2021/RESEARCH.md"", ""search_date"": ""2026-09-10"", ""service_intervals"": ""2022-12-30/2023-01-01;2021-03-30/2021-03-31"", ""source_review_finding"": ""Official rolls establish vacancy service. Petrobras 2022 nomination, governance and court records address executive-office ineligibility; those findings do not establish non-affiliation. Legacy assembly website returned 404. Additional 2016-07-27 historical Brasília snapshot: all35 party lists,202pages,182698 rendered rows, no matching target. Historical and current-list absence is not evidence of non-affiliation. V5: Newly retrieved issuer-authored Petrobras 2022 reference form version 7, available in Latibex September 21 2022, identifies the exact full name and Casa Civil office. Physical page 532 (printed page 527) records self-declared corporate independence, politically exposed person status and absence of specified convictions. Physical pages 526,538,572,574,575 add board appointment, committee/subordination information. None states personal party affiliation or non-affiliation. The N/A rows concern a different disclosure field and cannot be recoded as unaffiliated. Legacy Petrobras assembly link fails DNS; official August 15 2022 announcement confirms nomination only. Retain UNKNOWN for December 30-31 2022; these findings also cannot resolve March 30 2021 and are not backprojected there. V5 new pre-service personnel channel: public mirror of Terracap eligibility minute dated2019-10-16 names Jonathas and case00111-00010585/2019-82, declaration and unspecified negative certificates including TSE. Neither the certificate type nor an explicit affiliation statement is reproduced. Header says19th meeting while footer says17th; original Terracap archive returns403. This is a source-discovery/limitation record, not a verified original or proof of nonaffiliation. W5 independently reviewed the 2022 Petrobras issuer filing; independence/PEP declarations likewise do not establish the March2021 personal party state."", ""unresolved_fact"": ""Personal affiliation or an explicit temporally relevant non-affiliation observation, or evidence supporting a defensible finite set of alternatives""}"
completion_research_register.csv,completion-search-luiz-pontel-de-souza,updated,query_family;saved_result_files;source_review_finding,"{""completion_status"": ""blocked"", ""dependency_id"": ""person-luiz-pontel-de-souza"", ""name_variants"": ""Luiz Pontel de Souza;Luiz Pontel"", ""person_name"": ""Luiz Pontel de Souza"", ""query_family"": ""name variants + office + service years + partido/sem partido/filiação/desfiliação/expulsão/sucessão/interino; results also screened for wrong-person and wrong-subject matches"", ""research_id"": ""completion-search-luiz-pontel-de-souza"", ""saved_result_files"": ""research/completion/web_102.txt;research/completion/web_103.txt;research/completion/web_104.txt;research/completion/web_179.txt;research/completion/web_228.txt;research/completion/web_292.txt;research/followup_bolsonaro_affiliations/HISTORICAL_SNAPSHOT_FINDINGS.md;research/followup_root/filiaweb_2016_names.json"", ""search_date"": ""2026-09-10"", ""service_intervals"": ""2020-04-24/2020-04-29"", ""source_review_finding"": ""Official April 24 2020 interministerial act confirms interim service. Desfiliação story concerns Guilherme Theophilo, not Pontel; PF career is not a party observation. Additional 2016-07-27 historical Brasília snapshot: all35 party lists,202pages,182698 rendered rows, no matching target. Historical and current-list absence is not evidence of non-affiliation."", ""unresolved_fact"": ""Personal affiliation or an explicit temporally relevant non-affiliation observation, or evidence supporting a defensible finite set of alternatives""}","{""completion_status"": ""blocked"", ""dependency_id"": ""person-luiz-pontel-de-souza"", ""name_variants"": ""Luiz Pontel de Souza;Luiz Pontel"", ""person_name"": ""Luiz Pontel de Souza"", ""query_family"": ""name variants + office + service years + partido/sem partido/filiação/desfiliação/expulsão/sucessão/interino; results also screened for wrong-person and wrong-subject matches; v5 original personnel eligibility/association documents and targeted declaration queries; new scoped official TSE locality lists"", ""research_id"": ""completion-search-luiz-pontel-de-souza"", ""saved_result_files"": ""research/completion/web_102.txt;research/completion/web_103.txt;research/completion/web_104.txt;research/completion/web_179.txt;research/completion/web_228.txt;research/completion/web_292.txt;research/followup_bolsonaro_affiliations/HISTORICAL_SNAPSHOT_FINDINGS.md;research/followup_root/filiaweb_2016_names.json;research/refinement_v5/worker_3_bolsonaro_2020/RESEARCH.md;research/refinement_v5/worker_3_bolsonaro_2020/sources/tse_pontel_all_new_localities.json;research/refinement_v5/worker_3_bolsonaro_2020/sources/TSE_NEW_LOCALITIES_SUMMARY.json"", ""search_date"": ""2026-09-10"", ""service_intervals"": ""2020-04-24/2020-04-29"", ""source_review_finding"": ""Official April 24 2020 interministerial act confirms interim service. Desfiliação story concerns Guilherme Theophilo, not Pontel; PF career is not a party observation. Additional 2016-07-27 historical Brasília snapshot: all35 party lists,202pages,182698 rendered rows, no matching target. Historical and current-list absence is not evidence of non-affiliation. V5 focused follow-up: The three municipalities follow the prior documented birth/work biography, supplementing already exhausted DF and Sao Paulo queries. All 39 available party identifiers were checked in each municipality; 37726,2034,14473 rows respectively, with no errors. This is not a national historical 2020 registry and does not establish non-affiliation or a bounded set of alternatives. Retain UNKNOWN for 2020-04-24/2020-04-29 and unchanged vacancy service."", ""unresolved_fact"": ""Personal affiliation or an explicit temporally relevant non-affiliation observation, or evidence supporting a defensible finite set of alternatives""}"
completion_research_register.csv,completion-search-marcos-paulo-cardoso-coelho-da-silva,updated,query_family;saved_result_files;source_review_finding,"{""completion_status"": ""blocked"", ""dependency_id"": ""person-marcos-paulo-cardoso-coelho-da-silva"", ""name_variants"": ""Marcos Paulo Cardoso Coelho"", ""person_name"": ""Marcos Paulo Cardoso Coelho da Silva"", ""query_family"": ""name variants + office + service years + partido/sem partido/filiação/desfiliação/expulsão/sucessão/interino; results also screened for wrong-person and wrong-subject matches"", ""research_id"": ""completion-search-marcos-paulo-cardoso-coelho-da-silva"", ""saved_result_files"": ""research/completion/web_138.txt;research/completion/web_168.txt;research/completion/web_171.txt;research/completion/web_172.txt;research/completion/web_181.txt;research/completion/web_200.txt;research/completion/web_201.txt;research/completion/web_214.txt;research/completion/web_221.txt;research/followup_bolsonaro_affiliations/HISTORICAL_SNAPSHOT_FINDINGS.md"", ""search_date"": ""2026-09-10"", ""service_intervals"": ""2020-02-14/2020-02-18"", ""source_review_finding"": ""DOU February 14 extra and contemporaneous March 3 report establish executive-secretary vacancy replacement. Police career does not establish non-affiliation. Additional 2016-07-27 historical Brasília snapshot: all35 party lists,202pages,182698 rendered rows, no matching target. Historical and current-list absence is not evidence of non-affiliation."", ""unresolved_fact"": ""Personal affiliation or an explicit temporally relevant non-affiliation observation, or evidence supporting a defensible finite set of alternatives""}","{""completion_status"": ""blocked"", ""dependency_id"": ""person-marcos-paulo-cardoso-coelho-da-silva"", ""name_variants"": ""Marcos Paulo Cardoso Coelho"", ""person_name"": ""Marcos Paulo Cardoso Coelho da Silva"", ""query_family"": ""name variants + office + service years + partido/sem partido/filiação/desfiliação/expulsão/sucessão/interino; results also screened for wrong-person and wrong-subject matches; v5 original personnel eligibility/association documents and targeted declaration queries"", ""research_id"": ""completion-search-marcos-paulo-cardoso-coelho-da-silva"", ""saved_result_files"": ""research/completion/web_138.txt;research/completion/web_168.txt;research/completion/web_171.txt;research/completion/web_172.txt;research/completion/web_181.txt;research/completion/web_200.txt;research/completion/web_201.txt;research/completion/web_214.txt;research/completion/web_221.txt;research/followup_bolsonaro_affiliations/HISTORICAL_SNAPSHOT_FINDINGS.md;research/refinement_v5/worker_3_bolsonaro_2020/RESEARCH.md;research/refinement_v5/worker_3_bolsonaro_2020/sources/adpf_2021_scoped.json"", ""search_date"": ""2026-09-10"", ""service_intervals"": ""2020-02-14/2020-02-18"", ""source_review_finding"": ""DOU February 14 extra and contemporaneous March 3 report establish executive-secretary vacancy replacement. Police career does not establish non-affiliation. Additional 2016-07-27 historical Brasília snapshot: all35 party lists,202pages,182698 rendered rows, no matching target. Historical and current-list absence is not evidence of non-affiliation. V5 focused follow-up: The original ADPF directory independently identifies the organization in the prior desfiliação reports as a professional association, not a political party. Neither this role nor police employment, institutional testimony, or the appointing politician supplies personal party status in February 2020. Personnel-declaration searches recovered no qualifying observation or finite alternatives. Preserve UNKNOWN for 2020-02-14/2020-02-18 and unchanged vacancy service."", ""unresolved_fact"": ""Personal affiliation or an explicit temporally relevant non-affiliation observation, or evidence supporting a defensible finite set of alternatives""}"
completion_research_register.csv,completion-search-otavio-brandelli,updated,query_family;saved_result_files;source_review_finding,"{""completion_status"": ""blocked"", ""dependency_id"": ""person-otavio-brandelli"", ""name_variants"": ""Otávio Brandelli;Otavio Brandelli"", ""person_name"": ""Otávio Brandelli"", ""query_family"": ""name variants + office + service years + partido/sem partido/filiação/desfiliação/expulsão/sucessão/interino; results also screened for wrong-person and wrong-subject matches"", ""research_id"": ""completion-search-otavio-brandelli"", ""saved_result_files"": ""research/completion/web_226.txt;research/completion/web_240.txt;research/completion/web_258.txt;research/completion/web_262.txt;research/completion/web_276.txt;research/completion/web_282.txt;research/followup_root/web_registry_05.json;research/followup_bolsonaro_affiliations/HISTORICAL_SNAPSHOT_FINDINGS.md;research/followup_root/filiaweb_2016_names.json"", ""search_date"": ""2026-09-10"", ""service_intervals"": ""2021-03-30/2021-03-31"", ""source_review_finding"": ""FUNAG immediate-substitute history and DOU interim acts establish succession. In reporting, sem partido modifies Bolsonaro, not Brandelli. Diplomatic career is not non-affiliation. C072 restricts actual vacancy service to March30, because contemporary reports establish successor ministry direction by March31. March31–April5 no longer depend on Brandelli’s affiliation. Additional 2016-07-27 historical Brasília snapshot: all35 party lists,202pages,182698 rendered rows, no matching target. Historical and current-list absence is not evidence of non-affiliation."", ""unresolved_fact"": ""Personal affiliation or an explicit temporally relevant non-affiliation observation, or evidence supporting a defensible finite set of alternatives""}","{""completion_status"": ""blocked"", ""dependency_id"": ""person-otavio-brandelli"", ""name_variants"": ""Otávio Brandelli;Otavio Brandelli"", ""person_name"": ""Otávio Brandelli"", ""query_family"": ""name variants + office + service years + partido/sem partido/filiação/desfiliação/expulsão/sucessão/interino; results also screened for wrong-person and wrong-subject matches;v5 original personnel eligibility/nomination dossiers; exact identity and contemporaneous declarations; scoped registry with historical-negative limitation"", ""research_id"": ""completion-search-otavio-brandelli"", ""saved_result_files"": ""research/completion/web_226.txt;research/completion/web_240.txt;research/completion/web_258.txt;research/completion/web_262.txt;research/completion/web_276.txt;research/completion/web_282.txt;research/followup_root/web_registry_05.json;research/followup_bolsonaro_affiliations/HISTORICAL_SNAPSHOT_FINDINGS.md;research/followup_root/filiaweb_2016_names.json;research/refinement_v5/worker_4_bolsonaro_2021/sources/brandelli_senate_8953346.pdf;research/refinement_v5/worker_4_bolsonaro_2021/sources/brandelli_senate_8953346.txt;research/refinement_v5/worker_4_bolsonaro_2021/sources/brandelli_senate_8986660.pdf;research/refinement_v5/worker_4_bolsonaro_2021/sources/brandelli_registry_summary.json;research/refinement_v5/worker_4_bolsonaro_2021/sources/tse_RS_182.json;research/refinement_v5/worker_4_bolsonaro_2021/sources/tse_RS_183.json;research/refinement_v5/worker_4_bolsonaro_2021/sources/tse_RS_36.json;research/refinement_v5/worker_4_bolsonaro_2021/sources/tse_RS_37.json;research/refinement_v5/worker_4_bolsonaro_2021/sources/tse_RS_38.json;research/refinement_v5/worker_4_bolsonaro_2021/sources/tse_RS_39.json;research/refinement_v5/worker_4_bolsonaro_2021/sources/tse_RS_40.json;research/refinement_v5/worker_4_bolsonaro_2021/sources/tse_RS_41.json;research/refinement_v5/worker_4_bolsonaro_2021/sources/tse_RS_42.json;research/refinement_v5/worker_4_bolsonaro_2021/sources/tse_RS_43.json;research/refinement_v5/worker_4_bolsonaro_2021/sources/tse_RS_44.json;research/refinement_v5/worker_4_bolsonaro_2021/sources/tse_RS_45.json;research/refinement_v5/worker_4_bolsonaro_2021/sources/tse_RS_46.json;research/refinement_v5/worker_4_bolsonaro_2021/sources/tse_RS_47.json;research/refinement_v5/worker_4_bolsonaro_2021/sources/tse_RS_48.json;research/refinement_v5/worker_4_bolsonaro_2021/sources/tse_RS_49.json;research/refinement_v5/worker_4_bolsonaro_2021/sources/tse_RS_50.json;research/refinement_v5/worker_4_bolsonaro_2021/sources/tse_RS_51.json;research/refinement_v5/worker_4_bolsonaro_2021/sources/tse_RS_52.json;research/refinement_v5/worker_4_bolsonaro_2021/sources/tse_RS_53.json;research/refinement_v5/worker_4_bolsonaro_2021/sources/tse_RS_54.json;research/refinement_v5/worker_4_bolsonaro_2021/sources/tse_RS_55.json;research/refinement_v5/worker_4_bolsonaro_2021/sources/tse_RS_56.json;research/refinement_v5/worker_4_bolsonaro_2021/sources/tse_RS_57.json;research/refinement_v5/worker_4_bolsonaro_2021/sources/tse_RS_58.json;research/refinement_v5/worker_4_bolsonaro_2021/sources/tse_RS_59.json;research/refinement_v5/worker_4_bolsonaro_2021/sources/tse_RS_60.json;research/refinement_v5/worker_4_bolsonaro_2021/sources/tse_RS_61.json;research/refinement_v5/worker_4_bolsonaro_2021/sources/tse_RS_62.json;research/refinement_v5/worker_4_bolsonaro_2021/sources/tse_RS_63.json;research/refinement_v5/worker_4_bolsonaro_2021/sources/tse_RS_64.json;research/refinement_v5/worker_4_bolsonaro_2021/sources/tse_RS_65.json;research/refinement_v5/worker_4_bolsonaro_2021/sources/tse_RS_66.json;research/refinement_v5/worker_4_bolsonaro_2021/sources/tse_RS_67.json;research/refinement_v5/worker_4_bolsonaro_2021/sources/tse_RS_68.json;research/refinement_v5/worker_4_bolsonaro_2021/sources/tse_RS_69.json;research/refinement_v5/worker_4_bolsonaro_2021/sources/tse_RS_70.json;research/refinement_v5/worker_4_bolsonaro_2021/sources/tse_RS_71.json;research/refinement_v5/worker_4_bolsonaro_2021/sources/tse_RS_72.json;research/refinement_v5/worker_4_bolsonaro_2021/RESEARCH.md"", ""search_date"": ""2026-09-10"", ""service_intervals"": ""2021-03-30/2021-03-31"", ""source_review_finding"": ""FUNAG immediate-substitute history and DOU interim acts establish succession. In reporting, sem partido modifies Bolsonaro, not Brandelli. Diplomatic career is not non-affiliation. C072 restricts actual vacancy service to March30, because contemporary reports establish successor ministry direction by March31. March31–April5 no longer depend on Brandelli’s affiliation. Additional 2016-07-27 historical Brasília snapshot: all35 party lists,202pages,182698 rendered rows, no matching target. Historical and current-list absence is not evidence of non-affiliation. V5 original-source follow-up: original Senate MSF14/2021 dossier (MRE CV, dm8953346) and committee report dm8986660 establish identity/career, including birthplace Garibaldi/RS; neither states personal affiliation. New scoped Garibaldi public TSE scan:39 party queries,3030 rows,all successful,no exact target. Birthplace does not establish electoral domicile and current municipal regular-record absence is not historical nonaffiliation. The service-sensitivity outgoing state stays UNKNOWN."", ""unresolved_fact"": ""Personal affiliation or an explicit temporally relevant non-affiliation observation, or evidence supporting a defensible finite set of alternatives""}"
completion_research_register.csv,completion-search-renato-de-lima-franca,updated,query_family;saved_result_files;source_review_finding,"{""completion_status"": ""blocked"", ""dependency_id"": ""person-renato-de-lima-franca"", ""name_variants"": ""Renato de Lima França;Renato de Lima Franca"", ""person_name"": ""Renato de Lima França"", ""query_family"": ""name variants + office + service years + partido/sem partido/filiação/desfiliação/expulsão/sucessão/interino; results also screened for wrong-person and wrong-subject matches"", ""research_id"": ""completion-search-renato-de-lima-franca"", ""saved_result_files"": ""research/completion/web_003.txt;research/completion/web_036.txt;research/completion/web_084.txt;research/completion/web_086.txt;research/completion/web_206.txt;research/completion/web_210.txt;research/followup_bolsonaro_affiliations/HISTORICAL_SNAPSHOT_FINDINGS.md;research/followup_root/filiaweb_2016_names.json;research/followup_bolsonaro_affiliations/RENATO_ARAUCARIA_LEAD_FINDINGS.md"", ""search_date"": ""2026-09-10"", ""service_intervals"": ""2020-04-28/2020-04-29"", ""source_review_finding"": ""AGU April 2020 bulletin establishes actual replacement. Public legal career and adviser descriptions do not establish party or no-party status. Additional 2016-07-27 historical Brasília snapshot: all35 party lists,202pages,182698 rendered rows, no matching target. Historical and current-list absence is not evidence of non-affiliation. A 2016 historical PT Araucaria record has the same name, but contextual/identifier evidence cannot establish this is the AGU officeholder; all39 current Araucaria party lists have no matching name. Preserve as unconfirmed identity lead, not personal affiliation."", ""unresolved_fact"": ""Personal affiliation or an explicit temporally relevant non-affiliation observation, or evidence supporting a defensible finite set of alternatives""}","{""completion_status"": ""blocked"", ""dependency_id"": ""person-renato-de-lima-franca"", ""name_variants"": ""Renato de Lima França;Renato de Lima Franca"", ""person_name"": ""Renato de Lima França"", ""query_family"": ""name variants + office + service years + partido/sem partido/filiação/desfiliação/expulsão/sucessão/interino; results also screened for wrong-person and wrong-subject matches; v5 original personnel eligibility/association documents and targeted declaration queries"", ""research_id"": ""completion-search-renato-de-lima-franca"", ""saved_result_files"": ""research/completion/web_003.txt;research/completion/web_036.txt;research/completion/web_084.txt;research/completion/web_086.txt;research/completion/web_206.txt;research/completion/web_210.txt;research/followup_bolsonaro_affiliations/HISTORICAL_SNAPSHOT_FINDINGS.md;research/followup_root/filiaweb_2016_names.json;research/followup_bolsonaro_affiliations/RENATO_ARAUCARIA_LEAD_FINDINGS.md;research/refinement_v5/worker_3_bolsonaro_2020/RESEARCH.md;research/refinement_v5/worker_3_bolsonaro_2020/sources/renato_caixa_eligibility_scoped.txt;research/refinement_v5/worker_3_bolsonaro_2020/sources/renato_caixa_eligibility_20220314_retrieval.json"", ""search_date"": ""2026-09-10"", ""service_intervals"": ""2020-04-28/2020-04-29"", ""source_review_finding"": ""AGU April 2020 bulletin establishes actual replacement. Public legal career and adviser descriptions do not establish party or no-party status. Additional 2016-07-27 historical Brasília snapshot: all35 party lists,202pages,182698 rendered rows, no matching target. Historical and current-list absence is not evidence of non-affiliation. A 2016 historical PT Araucaria record has the same name, but contextual/identifier evidence cannot establish this is the AGU officeholder; all39 current Araucaria party lists have no matching name. Preserve as unconfirmed identity lead, not personal affiliation. V5 focused follow-up: The original two-page minute contains approval and a reference to Opinion 014/2022, not the opinion text or a declaration of non-affiliation. This cannot date a personal affiliation status in April 2020. The prior PT/Araucaria historical same-name row remains identity-unconfirmed; no bridge to its masked voter identifier was recovered. Preserve UNKNOWN for 2020-04-28/2020-04-29 and unchanged vacancy service."", ""unresolved_fact"": ""Personal affiliation or an explicit temporally relevant non-affiliation observation, or evidence supporting a defensible finite set of alternatives""}"
completion_research_register.csv,completion-search-sergio-jose-pereira,updated,query_family;saved_result_files;source_review_finding,"{""completion_status"": ""blocked"", ""dependency_id"": ""person-sergio-jose-pereira"", ""name_variants"": ""Sérgio José Pereira;Sergio Jose Pereira"", ""person_name"": ""Sérgio José Pereira"", ""query_family"": ""name variants + office + service years + partido/sem partido/filiação/desfiliação/expulsão/sucessão/interino; results also screened for wrong-person and wrong-subject matches"", ""research_id"": ""completion-search-sergio-jose-pereira"", ""saved_result_files"": ""research/completion/web_164.txt;research/completion/web_168.txt;research/completion/web_171.txt;research/completion/web_172.txt;research/completion/web_201.txt;research/completion/web_216.txt;research/completion/web_221.txt;research/completion/web_231.txt;research/completion/web_287.txt;research/completion/web_288.txt;research/followup_bolsonaro_affiliations/HISTORICAL_SNAPSHOT_FINDINGS.md;research/followup_bolsonaro_affiliations/sergio_twelve_current_checks.json;research/followup_bolsonaro_affiliations/sergio_official_identity_reference.json"", ""search_date"": ""2026-09-10"", ""service_intervals"": ""2021-03-30/2021-04-01"", ""source_review_finding"": ""DOU March 31 extra minister-substitute act and continuing deputy appointment establish actual replacement. Military status is not used to infer non-affiliation. Additional 2016-07-27 historical Brasília snapshot: all35 party lists,202pages,182698 rendered rows, no matching target. Historical and current-list absence is not evidence of non-affiliation. Final historical-homonym check:12 current municipality/party queries (19891 rows) corresponding to2016name matches; five current exact-name matches all have different identity hashes from the general in the official2021 Casa da Moeda assembly record. Seven had no current match. These historical names therefore do not establish this officeholder affiliation."", ""unresolved_fact"": ""Personal affiliation or an explicit temporally relevant non-affiliation observation, or evidence supporting a defensible finite set of alternatives""}","{""completion_status"": ""blocked"", ""dependency_id"": ""person-sergio-jose-pereira"", ""name_variants"": ""Sérgio José Pereira;Sergio Jose Pereira"", ""person_name"": ""Sérgio José Pereira"", ""query_family"": ""name variants + office + service years + partido/sem partido/filiação/desfiliação/expulsão/sucessão/interino; results also screened for wrong-person and wrong-subject matches;v5 original personnel eligibility/nomination dossiers; exact identity and contemporaneous declarations; scoped registry with historical-negative limitation"", ""research_id"": ""completion-search-sergio-jose-pereira"", ""saved_result_files"": ""research/completion/web_164.txt;research/completion/web_168.txt;research/completion/web_171.txt;research/completion/web_172.txt;research/completion/web_201.txt;research/completion/web_216.txt;research/completion/web_221.txt;research/completion/web_231.txt;research/completion/web_287.txt;research/completion/web_288.txt;research/followup_bolsonaro_affiliations/HISTORICAL_SNAPSHOT_FINDINGS.md;research/followup_bolsonaro_affiliations/sergio_twelve_current_checks.json;research/followup_bolsonaro_affiliations/sergio_official_identity_reference.json;research/refinement_v5/worker_4_bolsonaro_2021/sources/cmb_57.pdf;research/refinement_v5/worker_4_bolsonaro_2021/sources/cmb_57.txt;research/refinement_v5/worker_4_bolsonaro_2021/sources/cmb_2021_links.json;research/refinement_v5/worker_4_bolsonaro_2021/RESEARCH.md"", ""search_date"": ""2026-09-10"", ""service_intervals"": ""2021-03-30/2021-04-01"", ""source_review_finding"": ""DOU March 31 extra minister-substitute act and continuing deputy appointment establish actual replacement. Military status is not used to infer non-affiliation. Additional 2016-07-27 historical Brasília snapshot: all35 party lists,202pages,182698 rendered rows, no matching target. Historical and current-list absence is not evidence of non-affiliation. Final historical-homonym check:12 current municipality/party queries (19891 rows) corresponding to2016name matches; five current exact-name matches all have different identity hashes from the general in the official2021 Casa da Moeda assembly record. Seven had no current match. These historical names therefore do not establish this officeholder affiliation. V5 original-source follow-up: CMB committee minute 57 of 2021-04-16 (visually inspected) identifies Sérgio José Pereira and the underlying SEI note 13261/2021/ME. Its favorable fiscal-council eligibility assessment covers professional experience, education and statutory impediments; it contains no explicit personal party declaration. Minute 69 is about successor Thiago Meirelles and cannot be attributed to Sérgio. No new evidence bounds his personal affiliation on March30–31."", ""unresolved_fact"": ""Personal affiliation or an explicit temporally relevant non-affiliation observation, or evidence supporting a defensible finite set of alternatives""}"
decisions.csv,V5ROOTD002,added,decision_id;disposition;evidence_ids;rationale;alternatives,null,"{""alternatives"": ""[{\""state\"":\""UNKNOWN\""}]"", ""decision_id"": ""V5ROOTD002"", ""disposition"": ""user_authorized_provisional_primary_imputation"", ""evidence_ids"": """", ""rationale"": ""The user explicitly required complete primary coverage even if historical research left unknown affiliations, provided the chosen assumptions are flagged. Preserve all original UNKNOWN affiliation records and unrestricted historical alternatives. A separate primary_assumptions table assigns no additional party contribution (assumed UNAFFILIATED) over residual blocker spells. This is a modelling convention, not an inference from employment, career, party sponsorship or partial-list absence. Existing actual officeholder witnesses support every party retained in the provisional union. Historical identified/unidentified counts and --require-complete remain evidence-based; --require-primary-coverage separately verifies the fully populated primary export.""}"
decisions.csv,V5W1D001,added,decision_id;disposition;evidence_ids;rationale;alternatives,null,"{""alternatives"": ""[]"", ""decision_id"": ""V5W1D001"", ""disposition"": ""retain_unresolved_affiliation_after_new_primary_channels"", ""evidence_ids"": ""C035;V5W1E001;V5W1E002;V5W1E003"", ""rationale"": ""Retain the three Ivani dos Santos UNKNOWN affiliation intervals and genuine vacancy-acting services. Newly checked historical PMDB/MDB governing-body records do not identify her; such bodies are a strict subset of party affiliates and have migration limits. The academic source has no party-state observation and its identity is only compatible. Registry documentation does not establish an exhaustive exact-person historical negative. No supported finite alternative set follows, so all 77 days remain completion blockers. Neither service dates nor party sets change.""}"
decisions.csv,V5W2D001,added,decision_id;disposition;evidence_ids;rationale;alternatives,null,"{""alternatives"": ""[]"", ""decision_id"": ""V5W2D001"", ""disposition"": ""targeted_research_unknown_retained"", ""evidence_ids"": ""C034;C074;V5W2E001;V5W2E002"", ""rationale"": ""Historical SGIP3 governing-body screening and new scoped Filia geography/identity checks did not establish a dated 2018 personal affiliation. Returned governing members are not an exhaustive affiliate universe, and current-list absence cannot show historical non-affiliation. No evidence restricts all credible alternatives to MDB and UNAFFILIATED. Retain UNKNOWN on December31 2018; do not backproject the qualified January25 2023 MDB observation.""}"
decisions.csv,V5W2D002,added,decision_id;disposition;evidence_ids;rationale;alternatives,null,"{""alternatives"": ""[]"", ""decision_id"": ""V5W2D002"", ""disposition"": ""statutory_vacancy_succession_reconfirmed"", ""evidence_ids"": ""C034;V5W2E003"", ""rationale"": ""Retain the December31 2018 statutory vacancy succession. The original January1 2019 DOU page1 explicitly dismisses Carlos Henrique Menezes Sobral as executive secretary effective January1. Decree8851/2016 article1 III supplies executive-secretary substitution during vacancy unless a specific presidential designation exists. With C034 Marun publication-date departure and the named continuing deputy, this supports the existing one-day adjudication. No vacancy-specific Sobral decree is claimed; no competing designation or earlier departure was established. No change to routine-leave/signature-only rule or half-open dates.""}"
decisions.csv,V5W3D001,added,decision_id;disposition;evidence_ids;rationale;alternatives,null,"{""alternatives"": ""[]"", ""decision_id"": ""V5W3D001"", ""disposition"": ""v5_targeted_affiliation_review_unresolved"", ""evidence_ids"": ""V5W3E001"", ""rationale"": ""The three municipalities follow the prior documented birth/work biography, supplementing already exhausted DF and Sao Paulo queries. All 39 available party identifiers were checked in each municipality; 37726,2034,14473 rows respectively, with no errors. This is not a national historical 2020 registry and does not establish non-affiliation or a bounded set of alternatives. Retain UNKNOWN for 2020-04-24/2020-04-29 and unchanged vacancy service.""}"
decisions.csv,V5W3D002,added,decision_id;disposition;evidence_ids;rationale;alternatives,null,"{""alternatives"": ""[]"", ""decision_id"": ""V5W3D002"", ""disposition"": ""v5_targeted_affiliation_review_unresolved"", ""evidence_ids"": ""V5W3E002"", ""rationale"": ""The original two-page minute contains approval and a reference to Opinion 014/2022, not the opinion text or a declaration of non-affiliation. This cannot date a personal affiliation status in April 2020. The prior PT/Araucaria historical same-name row remains identity-unconfirmed; no bridge to its masked voter identifier was recovered. Preserve UNKNOWN for 2020-04-28/2020-04-29 and unchanged vacancy service.""}"
decisions.csv,V5W3D003,added,decision_id;disposition;evidence_ids;rationale;alternatives,null,"{""alternatives"": ""[]"", ""decision_id"": ""V5W3D003"", ""disposition"": ""v5_targeted_affiliation_review_unresolved"", ""evidence_ids"": ""V5W3E003"", ""rationale"": ""The original ADPF directory independently identifies the organization in the prior desfiliação reports as a professional association, not a political party. Neither this role nor police employment, institutional testimony, or the appointing politician supplies personal party status in February 2020. Personnel-declaration searches recovered no qualifying observation or finite alternatives. Preserve UNKNOWN for 2020-02-14/2020-02-18 and unchanged vacancy service.""}"
decisions.csv,V5W4D001,added,decision_id;disposition;evidence_ids;rationale;alternatives,null,"{""alternatives"": ""[]"", ""decision_id"": ""V5W4D001"", ""disposition"": ""retain_unresolved_personal_affiliation"", ""evidence_ids"": ""V5W4E001"", ""rationale"": ""V5 original-source follow-up: CMB committee minute 57 of 2021-04-16 (visually inspected) identifies Sérgio José Pereira and the underlying SEI note 13261/2021/ME. Its favorable fiscal-council eligibility assessment covers professional experience, education and statutory impediments; it contains no explicit personal party declaration. Minute 69 is about successor Thiago Meirelles and cannot be attributed to Sérgio. No new evidence bounds his personal affiliation on March30–31. Retain UNKNOWN with no invented finite alternatives. Vacancy service dates and daily-closing convention remain unchanged.""}"
decisions.csv,V5W4D002,added,decision_id;disposition;evidence_ids;rationale;alternatives,null,"{""alternatives"": ""[]"", ""decision_id"": ""V5W4D002"", ""disposition"": ""retain_unresolved_personal_affiliation"", ""evidence_ids"": ""V5W4E002"", ""rationale"": ""V5 original-source follow-up: original Senate MSF14/2021 dossier (MRE CV, dm8953346) and committee report dm8986660 establish identity/career, including birthplace Garibaldi/RS; neither states personal affiliation. New scoped Garibaldi public TSE scan:39 party queries,3030 rows,all successful,no exact target. Birthplace does not establish electoral domicile and current municipal regular-record absence is not historical nonaffiliation. The service-sensitivity outgoing state stays UNKNOWN. Retain UNKNOWN with no invented finite alternatives. Vacancy service dates and daily-closing convention remain unchanged.""}"
decisions.csv,V5W4D003,added,decision_id;disposition;evidence_ids;rationale;alternatives,null,"{""alternatives"": ""[]"", ""decision_id"": ""V5W4D003"", ""disposition"": ""retain_unresolved_personal_affiliation"", ""evidence_ids"": ""V5W4E003"", ""rationale"": ""V5 new pre-service personnel channel: public mirror of Terracap eligibility minute dated2019-10-16 names Jonathas and case00111-00010585/2019-82, declaration and unspecified negative certificates including TSE. Neither the certificate type nor an explicit affiliation statement is reproduced. Header says19th meeting while footer says17th; original Terracap archive returns403. This is a source-discovery/limitation record, not a verified original or proof of nonaffiliation. W5 independently reviewed the 2022 Petrobras issuer filing; independence/PEP declarations likewise do not establish the March2021 personal party state. Retain UNKNOWN with no invented finite alternatives. Vacancy service dates and daily-closing convention remain unchanged.""}"
decisions.csv,V5W5D001,added,decision_id;disposition;evidence_ids;rationale;alternatives,null,"{""alternatives"": ""[\""NOVO\"",\""UNAFFILIATED\""]"", ""decision_id"": ""V5W5D001"", ""disposition"": ""refine_registry_reason_semantics_retain_alternative"", ""evidence_ids"": ""V5W5E001"", ""rationale"": ""Official TSE public client resolves cdMotivoDesfiliacao=2 as A pedido do eleitor, distinct from Expulsao=1 and Judicial=10. The same record-detail template binds the reason field through that enum and separately displays dtDesfiliacao and tsCadastroDesfiliacao. The party departure form sends its chosen date as dtDesfiliacao and warns that reason-2 departure is effectuated after elector notice to the electoral court. Thus a bare populated dtDesfiliacao does not by itself prove completed judicial termination. Retain the exact-identity NOVO entry 2017-10-28, dtDesfiliacao 2021-02-03, REGULAR status 1, pending marker 1, null cancellation/exclusion and null tsCadastroDesfiliacao. The decoded reason is a recorded request category, not independent proof of the signed request or court receipt. Historical migration and actual court-notice date remain unverified; primary NOVO and the credible UNAFFILIATED alternative both remain for December 30-31 2022. C071 is retained as the earlier research state, superseded here only on the decoded code and directly observed client field mapping.""}"
decisions.csv,V5W5D002,added,decision_id;disposition;evidence_ids;rationale;alternatives,null,"{""alternatives"": ""[]"", ""decision_id"": ""V5W5D002"", ""disposition"": ""correct_capacity_preserve_service_dates"", ""evidence_ids"": ""V5W5E002"", ""rationale"": ""Official MCom 2022 responsibility roll, updated January 2 2023, dates Fabio Faria dismissal December 21 2022 and lists Maria Estella Dantas Antonichelli as the continuing executive secretary. Decree 8851/2016 article 1 III supplies the executive-secretary substitute during vacancy, absent a specific presidential designation. The December 21 2022 interministerial order 6672, published January 3 2023, identifies Estella as Ministra de Estado das Comunicacoes Substituta; C028 independently records her December 30 substitute signature. Correct inherited capacity titular to vacancy_acting without changing the service interval [2022-12-21,2023-01-01). The January publication date of order 6672 is not an extension of ministerial service.""}"
decisions.csv,V5W5D003,added,decision_id;disposition;evidence_ids;rationale;alternatives,null,"{""alternatives"": ""[]"", ""decision_id"": ""V5W5D003"", ""disposition"": ""retain_unresolved_personal_affiliation"", ""evidence_ids"": ""V5W5E003"", ""rationale"": ""Telebras 57th eligibility committee minutes of February 11 2022 review her Form C signed December 14 2021 and state that requirements/impediments were answered yes/no. Those are fiscal-council eligibility assertions, not an explicit personal non-affiliation declaration. The original proposal and 283rd board assessment address credentials and eligibility. No named personal party or universal non-affiliation observation is established. Prior PSD byline, Fabio Faria employment, and scoped registry non-matches remain insufficient; retain UNKNOWN.""}"
decisions.csv,V5W5D004,added,decision_id;disposition;evidence_ids;rationale;alternatives,null,"{""alternatives"": ""[]"", ""decision_id"": ""V5W5D004"", ""disposition"": ""retain_unresolved_personal_affiliation"", ""evidence_ids"": ""V5W5E004"", ""rationale"": ""Newly retrieved issuer-authored Petrobras 2022 reference form version 7, available in Latibex September 21 2022, identifies the exact full name and Casa Civil office. Physical page 532 (printed page 527) records self-declared corporate independence, politically exposed person status and absence of specified convictions. Physical pages 526,538,572,574,575 add board appointment, committee/subordination information. None states personal party affiliation or non-affiliation. The N/A rows concern a different disclosure field and cannot be recoded as unaffiliated. Legacy Petrobras assembly link fails DNS; official August 15 2022 announcement confirms nomination only. Retain UNKNOWN for December 30-31 2022; these findings also cannot resolve March 30 2021 and are not backprojected there.""}"
decisions.csv,V5W6D01,added,decision_id;disposition;evidence_ids;rationale;alternatives,null,"{""alternatives"": ""[]"", ""decision_id"": ""V5W6D01"", ""disposition"": ""resolved_official_registry_historical_membership_with_exact_identity"", ""evidence_ids"": ""V5W6E01;V5W6E02;AFF-044;BOL-E07;BOL-E08;C061"", ""rationale"": ""Supersede C061/R26 residual UNAFFILIATED alternative for Sachsida. Exact identifier in TCU bulletin matches the TSE official UNIAO record, whose historical entry is May27 2013, status REGULAR, no departure/cancellation/exclusion and no pending marker. MME identifies the same public officeholder. Together with independently dated2017 DEM membership, the unchanged historical entry in successor registry directly supports continuing predecessor membership through February8 2022 merger and ministerial service. Atlas sfp and Spanish/German historical no-party labels remain retained conflicting source assertions, but no longer credible competing trajectories against exact-person official historical record. Academic2024 DEM label remains obsolete and non-independent. This does not call the2026 extract a contemporaneous2022 certificate or prove arbitrary unrecorded events impossible; apply declared historical-observation continuity with targeted contradictory-event search, now backed by registry evidence. No service dates changed.""}"
decisions.csv,V5W6D02,added,decision_id;disposition;evidence_ids;rationale;alternatives,null,"{""alternatives"": ""[\""PP\"",\""UNAFFILIATED\""]"", ""decision_id"": ""V5W6D02"", ""disposition"": ""narrowed_bounded_departure_date"", ""evidence_ids"": ""V5W6E03;V5W6E07;V5W6E09;V5W6E10;AFF-013;BOL-E01;BOL-E02;AFF-015"", ""rationale"": ""Damares PP at January2019 entry is corroborated by two contemporary accounts expressly describing affiliation since1995, not by later Republicanos membership. BBC September3 2020 current PP statement advances the last supported positive observation beyond August26. Combined with September20 completed-earlier-departure report, narrow admissible daily exit to September4–19 inclusive; retain primary September19 by existing latest-admissible convention. Subsequent2021 PP labels and O Globo2022 retrospective2021 departure year remain outweighed by contemporary completed2020 departure. Official TSE historical Republicanos entry March28 2022 confirms existing later transition; Senado October2 election-day entry is not used. Current PP non-match supplies no withdrawal date.""}"
decisions.csv,V5W6D03,added,decision_id;disposition;evidence_ids;rationale;alternatives,null,"{""alternatives"": ""[\""PSDB\"",\""UNAFFILIATED\""]"", ""decision_id"": ""V5W6D03"", ""disposition"": ""narrowed_bounded_departure_date"", ""evidence_ids"": ""V5W6E04;V5W6E05;V5W6E06;V5W6E08;V5W6E09;V5W6E10;AFF-024;BOL-E12;BOL-E13"", ""rationale"": ""Marinho dated positive observations now include explicit May4 Veja affiliated-to-PSDB and June15 MercoPress belongs-to-PSDB; the latter expressly separates personal membership from party sponsorship. They corroborate June19 CNN few-days-earlier departure over February2021 retrospective February2020 and June28 column three-month-lag claims. Narrow departure to June16–18 inclusive using next day after latest positive report and day before completed-earlier-departure announcement; primary remains June18 under existing convention. This is a contemporary-report date adjudication, not an exact TSE exit certificate. June20 reproductions of personal and PSDB/RN president statements confirm completed consensual withdrawal, outweighing later Senado parliamentary timeline extending PSDB to November29 2021. Official TSE confirms PL entry November30 2021, not earlier PSDB withdrawal. Retain all conflicting observations; current PSDB non-match cannot date the departure.""}"
decisions.csv,V5W7D001,added,decision_id;disposition;evidence_ids;rationale;alternatives,null,"{""alternatives"": ""[]"", ""decision_id"": ""V5W7D001"", ""disposition"": ""date_bounds_retained_after_new_actual_event_and_original_record_review"", ""evidence_ids"": ""C073;C075;V5W7E004"", ""rationale"": ""Retain Dec4-Dec6 candidates and primaryDec6. New retrospective Folhapress evidence corroborates actual ministerial return on Dec4, while C073 retains actual parliamentary voting Dec5 and licenceDec6. Reviewed original dispatch sections Dec6-16 did not yield a possession or handoff record. Neither announcement nor legislative administrative date alone resolves the conflicting actual histories; no defensible narrowing. Move Ana Carla vacancy end and Sabino titular start jointly under the existing closing-state rule.""}"
decisions.csv,V5W7D002,added,decision_id;disposition;evidence_ids;rationale;alternatives,null,"{""alternatives"": ""[]"", ""decision_id"": ""V5W7D002"", ""disposition"": ""date_bounds_retained_with_actual_event_and_notification_semantics_refined"", ""evidence_ids"": ""C073;C075;V5W7E001;V5W7E002;V5W7E003"", ""rationale"": ""Retain Nov14-Nov17 candidates and primaryNov17. The Nov14 Orla ceremony is now retrospectively verified, improving the earlier scheduled-only evidence, but an event at one time cannot exclude a later same-day closing-state handoff. The Nov15 weekly recap does not date the quoted remarks independently. Original Chamber dispatch explicitly makes parliamentary leave effective at notificationNov17 19h36, not ministerial possession. Official Secom/EBC reporting proves ministerial exercise on the morning of17, independently supporting that latest bound. Decree13/publication14 and expectedreturn14 remain admissible; no exact handoff record excludes dates14-16.""}"
decisions.csv,V5W7D003,added,decision_id;disposition;evidence_ids;rationale;alternatives,null,"{""alternatives"": ""[]"", ""decision_id"": ""V5W7D003"", ""disposition"": ""historical_affiliation_continuity_retained_after_official_scoped_search"", ""evidence_ids"": ""C075;V5W7E005"", ""rationale"": ""Retain the C075 PSDB affiliation and its historical-observation/identity/forward-continuity status. A new official historical SGIP channel screened27 PSDB governing bodies and1131 member entries with no Ana Carla match. That universe contains party officers only; non-match establishes neither non-affiliation nor departure and cannot rebut the positive dated2016 observation. No source found a fresh exact-person positive, resignation, expulsion, new affiliation or exhaustive negative covering the service dates. No upgrade to current certification and no new invented alternative.""}"
evidence.csv,V5W1E001,added,evidence_id;asserted_fact;source_locator;publisher;publication_date;retrieval_date;access_status;rationale,null,"{""access_status"": ""retrieved_public_api_scoped_snapshot"", ""asserted_fact"": ""The public SGIP3 historical query returned four PMDB/MDB governing bodies whose stated validity overlaps 2016-2017. All returned members, including inactive members, were screened: national executive 36; national directory 219; Goias directory 149; Distrito Federal regional directory 127. No Ivani or Ivany name occurred among these 531 entries."", ""evidence_id"": ""V5W1E001"", ""publication_date"": """", ""publisher"": ""Tribunal Superior Eleitoral - SGIP3 public consultation"", ""rationale"": ""Genuinely new historical party-governance channel. This negative covers returned governing-body membership only, not all formal party affiliates, and does not support UNAFFILIATED or an exhaustive PMDB/non-affiliation alternative set. SGIP3 warns that pre-May-2017 organs can require the separate historical base; validity dates alone do not prove complete historical member coverage."", ""retrieval_date"": ""2026-09-10"", ""source_locator"": ""https://sgip3.tse.jus.br/sgip3-consulta/api/v1/orgaoPartidario/comAnotacoesEMembros?idOrgaoPartidario=70945&isMembrosAtivos=false;https://sgip3.tse.jus.br/sgip3-consulta/api/v1/orgaoPartidario/comAnotacoesEMembros?idOrgaoPartidario=70946&isMembrosAtivos=false;https://sgip3.tse.jus.br/sgip3-consulta/api/v1/orgaoPartidario/comAnotacoesEMembros?idOrgaoPartidario=100311&isMembrosAtivos=false;https://sgip3.tse.jus.br/sgip3-consulta/api/v1/orgaoPartidario/comAnotacoesEMembros?idOrgaoPartidario=94158&isMembrosAtivos=false""}"
evidence.csv,V5W1E002,added,evidence_id;asserted_fact;source_locator;publisher;publication_date;retrieval_date;access_status;rationale,null,"{""access_status"": ""retrieved_web_source_text"", ""asserted_fact"": ""Official Filia documentation distinguishes internal, official and excluded records and an elector history containing affiliation records; official-list changes depend on processing. Complete histories and public-list outputs are not interchangeable."", ""evidence_id"": ""V5W1E002"", ""publication_date"": """", ""publisher"": ""TRE Tocantins; Tribunal Superior Eleitoral"", ""rationale"": ""Source-semantics review does not turn the earlier current or July 2016 municipal-list absence into an exhaustive historical exact-person negative. No authoritative person-specific history covering the three 2016-2017 spells was recovered."", ""retrieval_date"": ""2026-09-10"", ""source_locator"": ""https://www.tre-to.jus.br/partidos/filiacao-partidaria/sistema-filiawb/guia-filiaweb-operacoes;https://www.tse.jus.br/partidos/filiacao-partidaria/arquivos/tse-manual-sistema-filiacao-partidaria-externo/%40%40display-file/file/TSE-manual-filia-externo.pdf""}"
evidence.csv,V5W1E003,added,evidence_id;asserted_fact;source_locator;publisher;publication_date;retrieval_date;access_status;rationale,null,"{""access_status"": ""web_extracted_pdf_text_direct_download_http_410"", ""asserted_fact"": ""A March 2006 UniCEUB monograph under the exact name Ivani dos Santos describes its author as a federal legislative employee for 28 years. Examined autobiographical material and targeted full-document term search yielded no personal affiliation or explicit non-affiliation observation."", ""evidence_id"": ""V5W1E003"", ""publication_date"": ""2006-03"", ""publisher"": ""Centro Universitario de Brasilia - UniCEUB institutional repository"", ""rationale"": ""New firsthand biographical channel; exact name and professional history are compatible with the officeholder, but no unique identity match is claimed. It supplies no party-state observation, even conditional on that identity. The direct PDF request returned HTTP 410; retained web extraction is not labelled a successful original download."", ""retrieval_date"": ""2026-09-10"", ""source_locator"": ""https://repositorio.uniceub.br/jspui/handle/235/10435;https://repositorio.uniceub.br/jspui/bitstream/235/10435/1/50505052.pdf""}"
evidence.csv,V5W2E001,added,evidence_id;asserted_fact;source_locator;publisher;publication_date;retrieval_date;access_status;rationale,null,"{""access_status"": ""official_historical_governing_body_responses_scoped"", ""asserted_fact"": ""Dated December31 2018 official MDB governing-body responses do not establish Carlos Sobral membership or non-membership"", ""evidence_id"": ""V5W2E001"", ""publication_date"": """", ""publisher"": ""Tribunal Superior Eleitoral, SGIP3"", ""rationale"": ""Five historical national/DF/BA/SE bodies returned 408 governing-member entries; surname candidates in SE were different persons. No target match. This governing-body universe cannot support an affiliation negative."", ""retrieval_date"": ""2026-09-10"", ""source_locator"": ""https://sgip3.tse.jus.br/sgip3-consulta/api/v1/orgaoPartidario/consulta?sqPartido=15&tpAbrangencia=81&isComposicoesHistoricas=true&dataInicioVigencia=31%2F12%2F2018&dataFimVigencia=31%2F12%2F2018""}"
evidence.csv,V5W2E002,added,evidence_id;asserted_fact;source_locator;publisher;publication_date;retrieval_date;access_status;rationale,null,"{""access_status"": ""official_current_registry_scoped_responses_and_indexed_identity_anchor"", ""asserted_fact"": ""New public Filia geography and identity matching tests provide no temporally relevant positive or exhaustive historical negative"", ""evidence_id"": ""V5W2E002"", ""publication_date"": """", ""publisher"": ""Tribunal Superior Eleitoral; MME-hosted DOU; Portal da Transparencia"", ""rationale"": ""Scoped name variants in Salvador and Aracaju plus an identity-or-name matching check in DF MDB. No current-list response is treated as an exhaustive 2018 membership register. Identity anchor stored as hash and masked digits; see request logs for exact coverage and any limitations."", ""retrieval_date"": ""2026-09-10"", ""source_locator"": ""https://filia2-consulta.tse.jus.br/filia-consulta/rest/v1/relacao-filiados;https://www.gov.br/mme/pt-br/arquivos/do-06-01-2010-s3.pdf""}"
evidence.csv,V5W2E003,added,evidence_id;asserted_fact;source_locator;publisher;publication_date;retrieval_date;access_status;rationale,null,"{""access_status"": ""original_dou_pdf_rendered_and_official_statutory_text_reviewed"", ""asserted_fact"": ""Original January1 2019 DOU fixes Sobral executive-secretary dismissal effective Jan1; Decree8851 supplies statutory ministerial-vacancy substitution"", ""evidence_id"": ""V5W2E003"", ""publication_date"": ""2016-09-21;2018-12-31;2019-01-01"", ""publisher"": ""Diario Oficial da Uniao (original PDF preserved by Poder360); Presidencia; ANTT legal-library index"", ""rationale"": ""Retain the December31 2018 statutory vacancy succession. The original January1 2019 DOU page1 explicitly dismisses Carlos Henrique Menezes Sobral as executive secretary effective January1. Decree8851/2016 article1 III supplies executive-secretary substitution during vacancy unless a specific presidential designation exists. With C034 Marun publication-date departure and the named continuing deputy, this supports the existing one-day adjudication. No vacancy-specific Sobral decree is claimed; no competing designation or earlier departure was established. No change to routine-leave/signature-only rule or half-open dates. ANTT index records Marun dismissal among December31 publications; exact linked act returned invalid-URL page and is not described as retrieved original."", ""retrieval_date"": ""2026-09-10"", ""source_locator"": ""https://static.poder360.com.br/2019/01/Diario-Oficial-1jan2019.pdf;https://www.planalto.gov.br/ccivil_03/_ato2015-2018/2016/decreto/d8851.htm;https://anttlegis.datalegis.inf.br/action/ActionDatalegis.php?acao=abrirResenhaAnoData&ano=2018&cod_menu=7739&cod_modulo=422""}"
evidence.csv,V5W3E001,added,evidence_id;asserted_fact;source_locator;publisher;publication_date;retrieval_date;access_status;rationale,null,"{""access_status"": ""scoped_public_api_results_and_response_hashes"", ""asserted_fact"": ""Official TSE current public lists for Londrina, Sananduva and Presidente Prudente contain no exact Luiz Pontel de Souza match across 117 successful scoped queries and 54233 inspected records."", ""evidence_id"": ""V5W3E001"", ""publication_date"": ""2026-09-10"", ""publisher"": ""Tribunal Superior Eleitoral"", ""rationale"": ""The three municipalities follow the prior documented birth/work biography, supplementing already exhausted DF and Sao Paulo queries. All 39 available party identifiers were checked in each municipality; 37726,2034,14473 rows respectively, with no errors. This is not a national historical 2020 registry and does not establish non-affiliation or a bounded set of alternatives. Retain UNKNOWN for 2020-04-24/2020-04-29 and unchanged vacancy service."", ""retrieval_date"": ""2026-09-10"", ""source_locator"": ""https://filia2-consulta.tse.jus.br/filia-consulta/rest/v1/relacao-filiados""}"
evidence.csv,V5W3E002,added,evidence_id;asserted_fact;source_locator;publisher;publication_date;retrieval_date;access_status;rationale,null,"{""access_status"": ""original_pdf_inspected_target_excerpt_retained_identifier_redacted"", ""asserted_fact"": ""Caixa Seguridade eligibility minute 104 approves nominee Renato de Lima Franca for an XS3 fiscal-council position; its target item contains no party-membership or nonmembership declaration."", ""evidence_id"": ""V5W3E002"", ""publication_date"": ""2022-03-14"", ""publisher"": ""Caixa Seguridade Participacoes S.A."", ""rationale"": ""The original two-page minute contains approval and a reference to Opinion 014/2022, not the opinion text or a declaration of non-affiliation. This cannot date a personal affiliation status in April 2020. The prior PT/Araucaria historical same-name row remains identity-unconfirmed; no bridge to its masked voter identifier was recovered. Preserve UNKNOWN for 2020-04-28/2020-04-29 and unchanged vacancy service."", ""retrieval_date"": ""2026-09-10"", ""source_locator"": ""https://api.mziq.com/mzfilemanager/v2/d/3972906b-e50b-4f74-ab74-4d0d32125d11/4b015055-675f-db8a-8597-81266eb9317a?origin=1""}"
evidence.csv,V5W3E003,added,evidence_id;asserted_fact;source_locator;publisher;publication_date;retrieval_date;access_status;rationale,null,"{""access_status"": ""original_html_retrieved_scoped_target_context_retained"", ""asserted_fact"": ""ADPF original 2021 elected regional-directory publication lists Marcos Paulo Cardoso Coelho da Silva as Distrito Federal treasurer; this is a police professional association role."", ""evidence_id"": ""V5W3E003"", ""publication_date"": ""2021"", ""publisher"": ""Associacao Nacional dos Delegados de Policia Federal"", ""rationale"": ""The original ADPF directory independently identifies the organization in the prior desfiliação reports as a professional association, not a political party. Neither this role nor police employment, institutional testimony, or the appointing politician supplies personal party status in February 2020. Personnel-declaration searches recovered no qualifying observation or finite alternatives. Preserve UNKNOWN for 2020-02-14/2020-02-18 and unchanged vacancy service."", ""retrieval_date"": ""2026-09-10"", ""source_locator"": ""https://web.adpf.org.br/noticia/adpf/eleicoes-2021-diretorias-regionais-da-adpf-sao-empossadas/""}"
evidence.csv,V5W4E001,added,evidence_id;asserted_fact;source_locator;publisher;publication_date;retrieval_date;access_status;rationale,null,"{""access_status"": ""retrieved_original_pdf"", ""asserted_fact"": ""Original CMB eligibility minute 57 explicitly reviews Sérgio José Pereira for its Fiscal Council and finds the cited eligibility requirements met; it does not state personal party affiliation or nonaffiliation."", ""evidence_id"": ""V5W4E001"", ""publication_date"": ""2021-04-16"", ""publisher"": ""Casa da Moeda do Brasil"", ""rationale"": ""V5 original-source follow-up: CMB committee minute 57 of 2021-04-16 (visually inspected) identifies Sérgio José Pereira and the underlying SEI note 13261/2021/ME. Its favorable fiscal-council eligibility assessment covers professional experience, education and statutory impediments; it contains no explicit personal party declaration. Minute 69 is about successor Thiago Meirelles and cannot be attributed to Sérgio. No new evidence bounds his personal affiliation on March30–31."", ""retrieval_date"": ""2026-09-10"", ""source_locator"": ""https://www.casadamoeda.gov.br/arquivos/lai/atas-do-comite-de-elegibilidade/57a-ata-de-reuniao-comite-de-elegibilidade-16-04-2021.pdf""}"
evidence.csv,V5W4E002,added,evidence_id;asserted_fact;source_locator;publisher;publication_date;retrieval_date;access_status;rationale,null,"{""access_status"": ""retrieved_original_and_scoped_registry"", ""asserted_fact"": ""Original MRE/Senate nomination dossier identifies Otávio Brandelli and birthplace Garibaldi/RS but provides no party-state statement; all 39 current TSE party queries in that municipality return no exact name across 3,030 rows."", ""evidence_id"": ""V5W4E002"", ""publication_date"": ""2021-04-15;2021-07-02"", ""publisher"": ""Presidência/MRE; Senado Federal; TSE"", ""rationale"": ""V5 original-source follow-up: original Senate MSF14/2021 dossier (MRE CV, dm8953346) and committee report dm8986660 establish identity/career, including birthplace Garibaldi/RS; neither states personal affiliation. New scoped Garibaldi public TSE scan:39 party queries,3030 rows,all successful,no exact target. Birthplace does not establish electoral domicile and current municipal regular-record absence is not historical nonaffiliation. The service-sensitivity outgoing state stays UNKNOWN."", ""retrieval_date"": ""2026-09-10"", ""source_locator"": ""https://legis.senado.leg.br/sdleg-getter/documento?dm=8953346;https://legis.senado.leg.br/sdleg-getter/documento?dm=8986660;https://filia2-consulta.tse.jus.br/filia-consulta/rest/v1/relacao-filiados""}"
evidence.csv,V5W4E003,added,evidence_id;asserted_fact;source_locator;publisher;publication_date;retrieval_date;access_status;rationale,null,"{""access_status"": ""retrieved_source_mirror_original_unavailable"", ""asserted_fact"": ""A publicly readable mirror of Terracap eligibility minute dated 2019-10-16 names Jonathas and a standard eligibility declaration with unspecified negative TSE certificates. It does not reproduce a negative party-affiliation certificate or declare his party state; original archive returned 403."", ""evidence_id"": ""V5W4E003"", ""publication_date"": ""2019-10-16"", ""publisher"": ""Terracap committee document in third-party mirror; official archive inaccessible"", ""rationale"": ""V5 new pre-service personnel channel: public mirror of Terracap eligibility minute dated2019-10-16 names Jonathas and case00111-00010585/2019-82, declaration and unspecified negative certificates including TSE. Neither the certificate type nor an explicit affiliation statement is reproduced. Header says19th meeting while footer says17th; original Terracap archive returns403. This is a source-discovery/limitation record, not a verified original or proof of nonaffiliation. W5 independently reviewed the 2022 Petrobras issuer filing; independence/PEP declarations likewise do not establish the March2021 personal party state."", ""retrieval_date"": ""2026-09-10"", ""source_locator"": ""https://pt.scribd.com/document/1057191170/Ata-Terracap;https://www.terracap.df.gov.br/index.php/orgao-colegiado/contexto-atas-age""}"
evidence.csv,V5W5E001,added,evidence_id;asserted_fact;source_locator;publisher;publication_date;retrieval_date;access_status;rationale,null,"{""access_status"": ""official_public_client_source_retrieved_and_schema_traced"", ""asserted_fact"": ""Official TSE client decodes Helder departure reason 2 and directly maps date fields; effective historical departure remains uncertain"", ""evidence_id"": ""V5W5E001"", ""publication_date"": """", ""publisher"": ""Tribunal Superior Eleitoral"", ""rationale"": ""Official TSE public client resolves cdMotivoDesfiliacao=2 as A pedido do eleitor, distinct from Expulsao=1 and Judicial=10. The same record-detail template binds the reason field through that enum and separately displays dtDesfiliacao and tsCadastroDesfiliacao. The party departure form sends its chosen date as dtDesfiliacao and warns that reason-2 departure is effectuated after elector notice to the electoral court. Thus a bare populated dtDesfiliacao does not by itself prove completed judicial termination. Retain the exact-identity NOVO entry 2017-10-28, dtDesfiliacao 2021-02-03, REGULAR status 1, pending marker 1, null cancellation/exclusion and null tsCadastroDesfiliacao. The decoded reason is a recorded request category, not independent proof of the signed request or court receipt. Historical migration and actual court-notice date remain unverified; primary NOVO and the credible UNAFFILIATED alternative both remain for December 30-31 2022. C071 is retained as the earlier research state, superseded here only on the decoded code and directly observed client field mapping."", ""retrieval_date"": ""2026-09-10"", ""source_locator"": ""https://filia2-externo.tse.jus.br/main.655678f4759dcc30.js;https://filia2-externo.tse.jus.br/672.9e4193a1e7e92416.js;https://filia2-externo.tse.jus.br/927.95ca5669143d8c8c.js;https://www.tse.jus.br/legislacao/compilada/res/2019/resolucao-no-23-596-de-20-de-agosto-de-2019""}"
evidence.csv,V5W5E002,added,evidence_id;asserted_fact;source_locator;publisher;publication_date;retrieval_date;access_status;rationale,null,"{""access_status"": ""official_roll_and_order_retrieved_decree_web_text"", ""asserted_fact"": ""Maria Estella served as designated substitute in the Communications vacancy, not titular"", ""evidence_id"": ""V5W5E002"", ""publication_date"": ""2023-01-02;2016-09-21;2023-01-03"", ""publisher"": ""Ministerio das Comunicacoes; Presidencia; CGI.br official order repository"", ""rationale"": ""Official MCom 2022 responsibility roll, updated January 2 2023, dates Fabio Faria dismissal December 21 2022 and lists Maria Estella Dantas Antonichelli as the continuing executive secretary. Decree 8851/2016 article 1 III supplies the executive-secretary substitute during vacancy, absent a specific presidential designation. The December 21 2022 interministerial order 6672, published January 3 2023, identifies Estella as Ministra de Estado das Comunicacoes Substituta; C028 independently records her December 30 substitute signature. Correct inherited capacity titular to vacancy_acting without changing the service interval [2022-12-21,2023-01-01). The January publication date of order 6672 is not an extension of ministerial service."", ""retrieval_date"": ""2026-09-10"", ""source_locator"": ""https://www.gov.br/mcom/pt-br/acesso-a-informacao/transparencia-e-prestacao-de-contas/rol-de-responsaveis-1/2022;https://www.planalto.gov.br/ccivil_03/_ato2015-2018/2016/decreto/d8851.htm;https://cgi.br/portarias/ano_numero/2022/6672/""}"
evidence.csv,V5W5E003,added,evidence_id;asserted_fact;source_locator;publisher;publication_date;retrieval_date;access_status;rationale,null,"{""access_status"": ""retained_original_nominee_dossier_and_committee_minutes_reviewed"", ""asserted_fact"": ""Maria Estella Telebras eligibility declarations do not supply personal party state"", ""evidence_id"": ""V5W5E003"", ""publication_date"": ""2022-04"", ""publisher"": ""Telebras"", ""rationale"": ""Telebras 57th eligibility committee minutes of February 11 2022 review her Form C signed December 14 2021 and state that requirements/impediments were answered yes/no. Those are fiscal-council eligibility assertions, not an explicit personal non-affiliation declaration. The original proposal and 283rd board assessment address credentials and eligibility. No named personal party or universal non-affiliation observation is established. Prior PSD byline, Fabio Faria employment, and scoped registry non-matches remain insufficient; retain UNKNOWN."", ""retrieval_date"": ""2026-09-10"", ""source_locator"": ""https://www.telebras.com.br/wp-content/uploads/2022/04/Proposta-da-Administrac%CC%A7a%CC%83o-AGO-2022-Reapresentac%CC%A7a%CC%83o-assinada.pdf""}"
evidence.csv,V5W5E004,added,evidence_id;asserted_fact;source_locator;publisher;publication_date;retrieval_date;access_status;rationale,null,"{""access_status"": ""issuer_original_pdf_retrieved_scoped_pages_reviewed"", ""asserted_fact"": ""Jonathas Petrobras reference filing contains independence and PEP declarations, not personal non-affiliation"", ""evidence_id"": ""V5W5E004"", ""publication_date"": ""2022-09-20"", ""publisher"": ""Petrobras issuer filing hosted by Latibex"", ""rationale"": ""Newly retrieved issuer-authored Petrobras 2022 reference form version 7, available in Latibex September 21 2022, identifies the exact full name and Casa Civil office. Physical page 532 (printed page 527) records self-declared corporate independence, politically exposed person status and absence of specified convictions. Physical pages 526,538,572,574,575 add board appointment, committee/subordination information. None states personal party affiliation or non-affiliation. The N/A rows concern a different disclosure field and cannot be recoded as unaffiliated. Legacy Petrobras assembly link fails DNS; official August 15 2022 announcement confirms nomination only. Retain UNKNOWN for December 30-31 2022; these findings also cannot resolve March 30 2021 and are not backprojected there."", ""retrieval_date"": ""2026-09-10"", ""source_locator"": ""https://www.latibex.com/docs/Documentos/LED/2022/09/21/TRACN_20220920_000000_A99_120659_20220101_DOC001.pdf""}"
evidence.csv,V5W6E01,added,evidence_id;asserted_fact;source_locator;publisher;publication_date;retrieval_date;access_status;rationale,null,"{""access_status"": ""retrieved_original_or_official_scoped_extract"", ""asserted_fact"": ""Official TSE record for exact-identity Adolfo Sachsida: historical affiliation 2013-05-27; successor party UNIAO; registration 1/REGULAR; no departure, cancellation, exclusion or pending marker."", ""evidence_id"": ""V5W6E01"", ""publication_date"": """", ""publisher"": ""Tribunal Superior Eleitoral"", ""rationale"": ""The dated membership field belongs to predecessor DEM in 2013; apply organizational merger in 2022, not UNIAO in 2013. Exact identity verified against TCU, with MME office corroboration. Current registry is not a day-by-day 2022 certificate, but directly preserves the historical membership without an intervening exit/re-entry event."", ""retrieval_date"": ""2026-09-10"", ""source_locator"": ""https://filia2-consulta.tse.jus.br/filia-consulta/rest/v1/relacao-filiados?sgUe=DF&cdMunicipio=1778&sqPartido=72&currentPage=0&pageSize=10000""}"
evidence.csv,V5W6E02,added,evidence_id;asserted_fact;source_locator;publisher;publication_date;retrieval_date;access_status;rationale,null,"{""access_status"": ""retrieved_original_or_official_scoped_extract"", ""asserted_fact"": ""Official TCU bulletin identifies Adolfo Sachsida by full identifier matching TSE; MME 2022 accountability roll names the minister with matching masked identifier."", ""evidence_id"": ""V5W6E02"", ""publication_date"": ""2025-05-23;2022"", ""publisher"": ""Tribunal de Contas da Uniao; Ministerio de Minas e Energia"", ""rationale"": ""TCU PDF p94; MME PDF p1. Only used for identity and office relationship; routine travel segments in accountability roll do not change titular service."", ""retrieval_date"": ""2026-09-10"", ""source_locator"": ""https://btcu.apps.tcu.gov.br/api/obterDocumentoPdf/78140553;https://www.gov.br/mme/pt-br/acesso-a-informacao/auditorias/prestacao-contas/ROLDERESPONSVEIS2022.pdf""}"
evidence.csv,V5W6E03,added,evidence_id;asserted_fact;source_locator;publisher;publication_date;retrieval_date;access_status;rationale,null,"{""access_status"": ""web_full_article_text_reviewed"", ""asserted_fact"": ""BBC September 3 2020 report expressly states Damares is affiliated to PP since 1995."", ""evidence_id"": ""V5W6E03"", ""publication_date"": ""2020-09-03"", ""publisher"": ""BBC News Brasil, Andre Shalders; syndicated Terra"", ""rationale"": ""Later contemporary positive observation than August26 O Globo/iG; supports PP at government entry and narrows lower departure boundary to September4 under existing next-day convention. No exact withdrawal day established."", ""retrieval_date"": ""2026-09-10"", ""source_locator"": ""https://www.terra.com.br/noticias/brasil/politica/como-damares-alves-saiu-de-ministra-periferica-a-figura-de-proa-do-bolsonarismo,c43b61593800e064750998fd6ae73306mx8zt50d.html""}"
evidence.csv,V5W6E04,added,evidence_id;asserted_fact;source_locator;publisher;publication_date;retrieval_date;access_status;rationale,null,"{""access_status"": ""retrieved_original_or_official_scoped_extract"", ""asserted_fact"": ""MercoPress June15 2020 expressly says Rogério Marinho belongs to PSDB and distinguishes his personal membership from sponsorship of his appointment."", ""evidence_id"": ""V5W6E04"", ""publication_date"": ""2020-06-15"", ""publisher"": ""MercoPress, South Atlantic News Agency"", ""rationale"": ""Dated present-tense personal affiliation supports June16 lower departure boundary when combined with June19 CNN completed-prior-departure report. This is a report-based adjudication, not registry-certified exit date."", ""retrieval_date"": ""2026-09-10"", ""source_locator"": ""https://es.mercopress.com/2020/06/15/partido-de-cardoso-se-baja-de-la-iniciativa-de-juicio-politico-a-bolsonaro""}"
evidence.csv,V5W6E05,added,evidence_id;asserted_fact;source_locator;publisher;publication_date;retrieval_date;access_status;rationale,null,"{""access_status"": ""web_full_article_text_reviewed"", ""asserted_fact"": ""Veja May4 2020 explicitly describes Marinho as affiliated to PSDB while reporting Sudene appointment."", ""evidence_id"": ""V5W6E05"", ""publication_date"": ""2020-05-04"", ""publisher"": ""Veja, Marcela Mattos"", ""rationale"": ""Explicit personal membership, not inferred from appointment of a party colleague. Supports rejection of February/March departure retrospectives."", ""retrieval_date"": ""2026-09-10"", ""source_locator"": ""https://veja.abril.com.br/coluna/radar/rogerio-marinho-entrega-diretoria-da-sudene-a-ex-deputado-tucano/""}"
evidence.csv,V5W6E06,added,evidence_id;asserted_fact;source_locator;publisher;publication_date;retrieval_date;access_status;rationale,null,"{""access_status"": ""web_full_article_text_reviewed"", ""asserted_fact"": ""June20 PSDB/RN president and Marinho personal statements confirm consensual completed party departure; neither gives exact exit day."", ""evidence_id"": ""V5W6E06"", ""publication_date"": ""2020-06-20"", ""publisher"": ""Ezequiel Ferreira and Rogerio Marinho statements reproduced by Poder360"", ""rationale"": ""Direct first-person and party statements defeat later stale continuous PSDB labels; June19 CNN supplies latest boundary June18."", ""retrieval_date"": ""2026-09-10"", ""source_locator"": ""https://www.poder360.com.br/governo/ministro-de-bolsonaro-rogerio-marinho-deixa-psdb/""}"
evidence.csv,V5W6E07,added,evidence_id;asserted_fact;source_locator;publisher;publication_date;retrieval_date;access_status;rationale,null,"{""access_status"": ""retrieved_original_or_official_scoped_extract"", ""asserted_fact"": ""Official TSE names Damares Regina Alves with historical Republicanos entry March28 2022 and no recorded departure/cancellation."", ""evidence_id"": ""V5W6E07"", ""publication_date"": """", ""publisher"": ""Tribunal Superior Eleitoral"", ""rationale"": ""Corroborates existing March28 entry and later event; does not establish earlier PP departure or back-project Republicanos to 2019."", ""retrieval_date"": ""2026-09-10"", ""source_locator"": ""https://filia2-consulta.tse.jus.br/filia-consulta/rest/v1/relacao-filiados?sgUe=DF&cdMunicipio=1778&sqPartido=51&currentPage=0&pageSize=10000""}"
evidence.csv,V5W6E08,added,evidence_id;asserted_fact;source_locator;publisher;publication_date;retrieval_date;access_status;rationale,null,"{""access_status"": ""retrieved_original_or_official_scoped_extract"", ""asserted_fact"": ""Official TSE names Rogerio Simonetti Marinho with historical PL entry November30 2021 and no recorded departure/cancellation."", ""evidence_id"": ""V5W6E08"", ""publication_date"": """", ""publisher"": ""Tribunal Superior Eleitoral"", ""rationale"": ""Matches existing dated PL entry; no PSDB departure date inferred from current-list non-match."", ""retrieval_date"": ""2026-09-10"", ""source_locator"": ""https://filia2-consulta.tse.jus.br/filia-consulta/rest/v1/relacao-filiados?sgUe=RN&cdMunicipio=7220&sqPartido=38&currentPage=0&pageSize=10000""}"
evidence.csv,V5W6E09,added,evidence_id;asserted_fact;source_locator;publisher;publication_date;retrieval_date;access_status;rationale,null,"{""access_status"": ""retrieved_original_or_official_scoped_extract"", ""asserted_fact"": ""Senado retrospective parliamentary affiliation API gives Marinho PSDB end November29 2021; Damares Republicanos entry October2 2022, unlike the contemporary joining events and TSE historical entries."", ""evidence_id"": ""V5W6E09"", ""publication_date"": """", ""publisher"": ""Senado Federal"", ""rationale"": ""Retain source conflict. Do not privilege later parliamentary chronology over personal and party confirmed 2020 departure; Damares entry coincides with election day and is directly contradicted by TSE March28. This comparison shows why the API is not used as an exact electoral-register certificate."", ""retrieval_date"": ""2026-09-10"", ""source_locator"": ""https://legis.senado.leg.br/dadosabertos/senador/4694/filiacoes;https://legis.senado.leg.br/dadosabertos/senador/6335/filiacoes""}"
evidence.csv,V5W6E10,added,evidence_id;asserted_fact;source_locator;publisher;publication_date;retrieval_date;access_status;rationale,null,"{""access_status"": ""retrieved_original_or_official_scoped_extract"", ""asserted_fact"": ""Public Filia client supplies geographic and party list filters, not historical snapshot date; retired legacy full-list downloads return403. Current DF PP and RN PSDB non-matches cannot identify withdrawal dates."", ""evidence_id"": ""V5W6E10"", ""publication_date"": """", ""publisher"": ""Tribunal Superior Eleitoral"", ""rationale"": ""No nonaffiliation inference from incomplete/current geographic lists. Certificate request was not made; no challenge bypass. Registrar history remains unavailable for these two exact withdrawal days."", ""retrieval_date"": ""2026-09-10"", ""source_locator"": ""https://filia2-consulta.tse.jus.br/main.1e6ec99219486578.js;https://cdn.tse.jus.br/estatistica/sead/eleitorado/filiados/uf/filiados_psdb_rn.zip;https://cdn.tse.jus.br/estatistica/sead/eleitorado/filiados/uf/filiados_pp_df.zip""}"
evidence.csv,V5W7E001,added,evidence_id;asserted_fact;source_locator;publisher;publication_date;retrieval_date;access_status;rationale,null,"{""access_status"": ""full_attributed_post_event_reproduction_original_gov_page_unavailable"", ""asserted_fact"": ""Ana Carla participated as acting Tourism minister in the Orla agreement ceremony on 2025-11-14; the previously retained prospective event is retrospectively confirmed."", ""evidence_id"": ""V5W7E001"", ""publication_date"": ""2025-11-14"", ""publisher"": ""Ministerio do Turismo / Livia Albernaz, reproduced by MinutoMT"", ""rationale"": ""The attributed ministry report describes a ceremony already held on Friday14, names Ana Carla as acting minister and reports her remarks. Independent post-event reporting was also located. This verifies an actual ministerial event, not all-day exclusive incumbency or the later closing state; the signature/event alone cannot establish titular absence. Original gov URL returned403 or login redirect; attribution and original URL are preserved in the reproduction."", ""retrieval_date"": ""2026-09-10"", ""source_locator"": ""https://minutomt.com.br/geral/brasil-mundo/ministerio-do-turismo-assina-acordo-interministerial-na-cop3o-para-dar-novo-impulso-ao-programa-orla/""}"
evidence.csv,V5W7E002,added,evidence_id;asserted_fact;source_locator;publisher;publication_date;retrieval_date;access_status;rationale,null,"{""access_status"": ""official_pdf_retrieved_page14_rendered_and_visually_verified"", ""asserted_fact"": ""Original Chamber dispatch orders Sabino parliamentary leave from receipt of notification on 2025-11-17 at19h36, not from a stated ministerial possession timestamp."", ""evidence_id"": ""V5W7E002"", ""publication_date"": ""2025-11-18"", ""publisher"": ""Camara dos Deputados / Presidencia-SGM"", ""rationale"": ""DCD November18 page14 reproduces the November17 communication and presidential dispatch, document95494-1. It says leave to exercise the Tourism minister post begins with the communication received November17 at19h36. That explicitly identifies parliamentary effect; the document contains no actual assumption/handoff time. It supports the existing latest candidate but does not invalidate a ministry return before the notification."", ""retrieval_date"": ""2026-09-10"", ""source_locator"": ""https://Imagem.camara.gov.br/Imagem/d/pdf/DCD0020251118002240000.PDF#page=14""}"
evidence.csv,V5W7E003,added,evidence_id;asserted_fact;source_locator;publisher;publication_date;retrieval_date;access_status;rationale,null,"{""access_status"": ""official_full_web_extraction_retained_direct_fetch_unavailable"", ""asserted_fact"": ""Official post-event Secom/EBC report confirms actual ministerial exercise by Sabino on the morning of 2025-11-17."", ""evidence_id"": ""V5W7E003"", ""publication_date"": ""2025-11-17"", ""publisher"": ""Secretaria de Comunicacao Social / Agencia Gov-EBC"", ""rationale"": ""The report published11h13 names Sabino as Tourism minister in that Monday17 Bom Dia Ministro interview in Belem, describing ministry actions, investments and upcoming programs. This independently establishes actual ministerial exercise by November17, before the evening parliamentary notification. It establishes an upper bound, not his first moment back. Direct EBC fetch returned a temporary electoral-period unavailability notice despite HTTP200; browser-indexed official Secom and EBC article text is retained explicitly as such."", ""retrieval_date"": ""2026-09-10"", ""source_locator"": ""https://agenciagov.ebc.com.br/noticias/202511/sabino-nosso-grande-diferencial-competitivo-no-turismo-sao-as-acoes-de-sustentabilidade""}"
evidence.csv,V5W7E004,added,evidence_id;asserted_fact;source_locator;publisher;publication_date;retrieval_date;access_status;rationale,null,"{""access_status"": ""full_report_and_official_diary_dispatch_review_retained"", ""asserted_fact"": ""A December6 Folhapress retrospective independently reports Sabino reassumed on December4; targeted original Chamber-diary review did not locate an assumption record resolving the existing December4-6 conflict."", ""evidence_id"": ""V5W7E004"", ""publication_date"": ""2023-12-06"", ""publisher"": ""Folhapress / Victoria Azevedo, reproduced by Acessa; Camara dos Deputados"", ""rationale"": ""The report says Sabino reassumed Monday4 and attended the Senate meeting that day; it is retrospective, not merely the decree publication. This corroborates already retained CNN/Senate evidence but does not eliminate the contrary actual December5 parliamentary roll call or December6 legislative licence. Text searches and targeted OCR of dispatch sections in nine December6-16 diaries located no exact handoff record; that bounded search failure proves no absence."", ""retrieval_date"": ""2026-09-10"", ""source_locator"": ""https://www.acessa.com/politica/2023/12/190467-ministros-do-centrao-encaram-obstaculos-para-ampliar-alianca-de-lula-no-congresso.html""}"
evidence.csv,V5W7E005,added,evidence_id;asserted_fact;source_locator;publisher;publication_date;retrieval_date;access_status;rationale,null,"{""access_status"": ""official_public_historical_queries_target_extracts_and_response_hashes_retained"", ""asserted_fact"": ""Historical TSE SGIP screening of PSDB governing bodies found no Ana Carla match; its officer-only scope cannot establish personal non-affiliation or departure."", ""evidence_id"": ""V5W7E005"", ""publication_date"": """", ""publisher"": ""Tribunal Superior Eleitoral / SGIP3"", ""rationale"": ""Queried PSDB historical bodies overlapping2013-01-01 through2026-03-19 in PA, DF, Belem and national scope, then all returned active/inactive member entries:27 bodies,1131 entries, no target name match. These are governing-body memberships, not all party affiliates; entries are not necessarily distinct people. No new exact-person dated positive or authoritative exhaustive negative was obtained. Retain C075 PSDB historical observation, contextual identity adjudication and forward continuity without upgrading it to a current certificate."", ""retrieval_date"": ""2026-09-10"", ""source_locator"": ""https://sgip3.tse.jus.br/sgip3-consulta/""}"
evidence_snapshot_links.csv,OFFICE-COVERAGE-SCREEN|inputs/decisions.csv|inputs/decisions.csv#OFFICE-COVERAGE-SCREEN|retained_local_source_assertions,removed,evidence_id;snapshot_path;source_locator;snapshot_kind;sha256,"{""evidence_id"": ""OFFICE-COVERAGE-SCREEN"", ""sha256"": ""57644bd43b88be0bfbf5be6d2fc68953d04a3e914ad4f3d8b912484d2d662f6b"", ""snapshot_kind"": ""retained_local_source_assertions"", ""snapshot_path"": ""inputs/decisions.csv"", ""source_locator"": ""inputs/decisions.csv#OFFICE-COVERAGE-SCREEN""}",null
evidence_snapshot_links.csv,OFFICE-COVERAGE-SCREEN|research/refinement_v5/baseline/decisions.csv|inputs/decisions.csv#OFFICE-COVERAGE-SCREEN|retained_local_source_assertions,added,evidence_id;snapshot_path;source_locator;snapshot_kind;sha256,null,"{""evidence_id"": ""OFFICE-COVERAGE-SCREEN"", ""sha256"": ""57644bd43b88be0bfbf5be6d2fc68953d04a3e914ad4f3d8b912484d2d662f6b"", ""snapshot_kind"": ""retained_local_source_assertions"", ""snapshot_path"": ""research/refinement_v5/baseline/decisions.csv"", ""source_locator"": ""inputs/decisions.csv#OFFICE-COVERAGE-SCREEN""}"
evidence_snapshot_links.csv,R13|inputs/decisions.csv|inputs/decisions.csv#R13|retained_local_source_assertions,removed,evidence_id;snapshot_path;source_locator;snapshot_kind;sha256,"{""evidence_id"": ""R13"", ""sha256"": ""57644bd43b88be0bfbf5be6d2fc68953d04a3e914ad4f3d8b912484d2d662f6b"", ""snapshot_kind"": ""retained_local_source_assertions"", ""snapshot_path"": ""inputs/decisions.csv"", ""source_locator"": ""inputs/decisions.csv#R13""}",null
evidence_snapshot_links.csv,R13|research/refinement_v5/baseline/decisions.csv|inputs/decisions.csv#R13|retained_local_source_assertions,added,evidence_id;snapshot_path;source_locator;snapshot_kind;sha256,null,"{""evidence_id"": ""R13"", ""sha256"": ""57644bd43b88be0bfbf5be6d2fc68953d04a3e914ad4f3d8b912484d2d662f6b"", ""snapshot_kind"": ""retained_local_source_assertions"", ""snapshot_path"": ""research/refinement_v5/baseline/decisions.csv"", ""source_locator"": ""inputs/decisions.csv#R13""}"
evidence_snapshot_links.csv,V5W1E001|research/refinement_v5/worker_1_ivani/sources/sgip_df_regional_2016_2017.json|https://sgip3.tse.jus.br/sgip3-consulta/api/v1/orgaoPartidario/comAnotacoesEMembros?idOrgaoPartidario=70945&isMembrosAtivos=false;https://sgip3.tse.jus.br/sgip3-consulta/api/v1/orgaoPartidario/comAnotacoesEMembros?idOrgaoPartidario=70946&isMembrosAtivos=false;https://sgip3.tse.jus.br/sgip3-consulta/api/v1/orgaoPartidario/comAnotacoesEMembros?idOrgaoPartidario=100311&isMembrosAtivos=false;https://sgip3.tse.jus.br/sgip3-consulta/api/v1/orgaoPartidario/comAnotacoesEMembros?idOrgaoPartidario=94158&isMembrosAtivos=false|scoped_api_retrieval,added,evidence_id;snapshot_path;source_locator;snapshot_kind;sha256,null,"{""evidence_id"": ""V5W1E001"", ""sha256"": ""7dbfe646303163851537dfe4d9017e08b9981eb108cdf89716fcbe587bf0c650"", ""snapshot_kind"": ""scoped_api_retrieval"", ""snapshot_path"": ""research/refinement_v5/worker_1_ivani/sources/sgip_df_regional_2016_2017.json"", ""source_locator"": ""https://sgip3.tse.jus.br/sgip3-consulta/api/v1/orgaoPartidario/comAnotacoesEMembros?idOrgaoPartidario=70945&isMembrosAtivos=false;https://sgip3.tse.jus.br/sgip3-consulta/api/v1/orgaoPartidario/comAnotacoesEMembros?idOrgaoPartidario=70946&isMembrosAtivos=false;https://sgip3.tse.jus.br/sgip3-consulta/api/v1/orgaoPartidario/comAnotacoesEMembros?idOrgaoPartidario=100311&isMembrosAtivos=false;https://sgip3.tse.jus.br/sgip3-consulta/api/v1/orgaoPartidario/comAnotacoesEMembros?idOrgaoPartidario=94158&isMembrosAtivos=false""}"
evidence_snapshot_links.csv,V5W1E001|research/refinement_v5/worker_1_ivani/sources/sgip_go_2016_2017.json|https://sgip3.tse.jus.br/sgip3-consulta/api/v1/orgaoPartidario/comAnotacoesEMembros?idOrgaoPartidario=70945&isMembrosAtivos=false;https://sgip3.tse.jus.br/sgip3-consulta/api/v1/orgaoPartidario/comAnotacoesEMembros?idOrgaoPartidario=70946&isMembrosAtivos=false;https://sgip3.tse.jus.br/sgip3-consulta/api/v1/orgaoPartidario/comAnotacoesEMembros?idOrgaoPartidario=100311&isMembrosAtivos=false;https://sgip3.tse.jus.br/sgip3-consulta/api/v1/orgaoPartidario/comAnotacoesEMembros?idOrgaoPartidario=94158&isMembrosAtivos=false|scoped_api_retrieval,added,evidence_id;snapshot_path;source_locator;snapshot_kind;sha256,null,"{""evidence_id"": ""V5W1E001"", ""sha256"": ""8bf950e59ce6820d9828a88f90beab40b035a25aaa67c49d5287d69c4e042d5b"", ""snapshot_kind"": ""scoped_api_retrieval"", ""snapshot_path"": ""research/refinement_v5/worker_1_ivani/sources/sgip_go_2016_2017.json"", ""source_locator"": ""https://sgip3.tse.jus.br/sgip3-consulta/api/v1/orgaoPartidario/comAnotacoesEMembros?idOrgaoPartidario=70945&isMembrosAtivos=false;https://sgip3.tse.jus.br/sgip3-consulta/api/v1/orgaoPartidario/comAnotacoesEMembros?idOrgaoPartidario=70946&isMembrosAtivos=false;https://sgip3.tse.jus.br/sgip3-consulta/api/v1/orgaoPartidario/comAnotacoesEMembros?idOrgaoPartidario=100311&isMembrosAtivos=false;https://sgip3.tse.jus.br/sgip3-consulta/api/v1/orgaoPartidario/comAnotacoesEMembros?idOrgaoPartidario=94158&isMembrosAtivos=false""}"
evidence_snapshot_links.csv,V5W1E001|research/refinement_v5/worker_1_ivani/sources/sgip_go_2016_2017.meta.json|https://sgip3.tse.jus.br/sgip3-consulta/api/v1/orgaoPartidario/comAnotacoesEMembros?idOrgaoPartidario=70945&isMembrosAtivos=false;https://sgip3.tse.jus.br/sgip3-consulta/api/v1/orgaoPartidario/comAnotacoesEMembros?idOrgaoPartidario=70946&isMembrosAtivos=false;https://sgip3.tse.jus.br/sgip3-consulta/api/v1/orgaoPartidario/comAnotacoesEMembros?idOrgaoPartidario=100311&isMembrosAtivos=false;https://sgip3.tse.jus.br/sgip3-consulta/api/v1/orgaoPartidario/comAnotacoesEMembros?idOrgaoPartidario=94158&isMembrosAtivos=false|scoped_api_retrieval,added,evidence_id;snapshot_path;source_locator;snapshot_kind;sha256,null,"{""evidence_id"": ""V5W1E001"", ""sha256"": ""fbcf6361c6b10f8567a4846dbc3fae2bdc7cfd1bcec9a920156f01b341751cf5"", ""snapshot_kind"": ""scoped_api_retrieval"", ""snapshot_path"": ""research/refinement_v5/worker_1_ivani/sources/sgip_go_2016_2017.meta.json"", ""source_locator"": ""https://sgip3.tse.jus.br/sgip3-consulta/api/v1/orgaoPartidario/comAnotacoesEMembros?idOrgaoPartidario=70945&isMembrosAtivos=false;https://sgip3.tse.jus.br/sgip3-consulta/api/v1/orgaoPartidario/comAnotacoesEMembros?idOrgaoPartidario=70946&isMembrosAtivos=false;https://sgip3.tse.jus.br/sgip3-consulta/api/v1/orgaoPartidario/comAnotacoesEMembros?idOrgaoPartidario=100311&isMembrosAtivos=false;https://sgip3.tse.jus.br/sgip3-consulta/api/v1/orgaoPartidario/comAnotacoesEMembros?idOrgaoPartidario=94158&isMembrosAtivos=false""}"
evidence_snapshot_links.csv,V5W1E001|research/refinement_v5/worker_1_ivani/sources/sgip_members_100311_scoped.json|https://sgip3.tse.jus.br/sgip3-consulta/api/v1/orgaoPartidario/comAnotacoesEMembros?idOrgaoPartidario=70945&isMembrosAtivos=false;https://sgip3.tse.jus.br/sgip3-consulta/api/v1/orgaoPartidario/comAnotacoesEMembros?idOrgaoPartidario=70946&isMembrosAtivos=false;https://sgip3.tse.jus.br/sgip3-consulta/api/v1/orgaoPartidario/comAnotacoesEMembros?idOrgaoPartidario=100311&isMembrosAtivos=false;https://sgip3.tse.jus.br/sgip3-consulta/api/v1/orgaoPartidario/comAnotacoesEMembros?idOrgaoPartidario=94158&isMembrosAtivos=false|scoped_api_retrieval,added,evidence_id;snapshot_path;source_locator;snapshot_kind;sha256,null,"{""evidence_id"": ""V5W1E001"", ""sha256"": ""ee0e5abdf2f3906762b1d3d0bfbc3e6ec049e61f47b2c29c67403dab7a310c2b"", ""snapshot_kind"": ""scoped_api_retrieval"", ""snapshot_path"": ""research/refinement_v5/worker_1_ivani/sources/sgip_members_100311_scoped.json"", ""source_locator"": ""https://sgip3.tse.jus.br/sgip3-consulta/api/v1/orgaoPartidario/comAnotacoesEMembros?idOrgaoPartidario=70945&isMembrosAtivos=false;https://sgip3.tse.jus.br/sgip3-consulta/api/v1/orgaoPartidario/comAnotacoesEMembros?idOrgaoPartidario=70946&isMembrosAtivos=false;https://sgip3.tse.jus.br/sgip3-consulta/api/v1/orgaoPartidario/comAnotacoesEMembros?idOrgaoPartidario=100311&isMembrosAtivos=false;https://sgip3.tse.jus.br/sgip3-consulta/api/v1/orgaoPartidario/comAnotacoesEMembros?idOrgaoPartidario=94158&isMembrosAtivos=false""}"
evidence_snapshot_links.csv,V5W1E001|research/refinement_v5/worker_1_ivani/sources/sgip_members_70945_scoped.json|https://sgip3.tse.jus.br/sgip3-consulta/api/v1/orgaoPartidario/comAnotacoesEMembros?idOrgaoPartidario=70945&isMembrosAtivos=false;https://sgip3.tse.jus.br/sgip3-consulta/api/v1/orgaoPartidario/comAnotacoesEMembros?idOrgaoPartidario=70946&isMembrosAtivos=false;https://sgip3.tse.jus.br/sgip3-consulta/api/v1/orgaoPartidario/comAnotacoesEMembros?idOrgaoPartidario=100311&isMembrosAtivos=false;https://sgip3.tse.jus.br/sgip3-consulta/api/v1/orgaoPartidario/comAnotacoesEMembros?idOrgaoPartidario=94158&isMembrosAtivos=false|scoped_api_retrieval,added,evidence_id;snapshot_path;source_locator;snapshot_kind;sha256,null,"{""evidence_id"": ""V5W1E001"", ""sha256"": ""b04f50c83fa80fdbbc84bffece022fb7f2968c2b41bb982c736557cda257f45c"", ""snapshot_kind"": ""scoped_api_retrieval"", ""snapshot_path"": ""research/refinement_v5/worker_1_ivani/sources/sgip_members_70945_scoped.json"", ""source_locator"": ""https://sgip3.tse.jus.br/sgip3-consulta/api/v1/orgaoPartidario/comAnotacoesEMembros?idOrgaoPartidario=70945&isMembrosAtivos=false;https://sgip3.tse.jus.br/sgip3-consulta/api/v1/orgaoPartidario/comAnotacoesEMembros?idOrgaoPartidario=70946&isMembrosAtivos=false;https://sgip3.tse.jus.br/sgip3-consulta/api/v1/orgaoPartidario/comAnotacoesEMembros?idOrgaoPartidario=100311&isMembrosAtivos=false;https://sgip3.tse.jus.br/sgip3-consulta/api/v1/orgaoPartidario/comAnotacoesEMembros?idOrgaoPartidario=94158&isMembrosAtivos=false""}"
evidence_snapshot_links.csv,V5W1E001|research/refinement_v5/worker_1_ivani/sources/sgip_members_70946_scoped.json|https://sgip3.tse.jus.br/sgip3-consulta/api/v1/orgaoPartidario/comAnotacoesEMembros?idOrgaoPartidario=70945&isMembrosAtivos=false;https://sgip3.tse.jus.br/sgip3-consulta/api/v1/orgaoPartidario/comAnotacoesEMembros?idOrgaoPartidario=70946&isMembrosAtivos=false;https://sgip3.tse.jus.br/sgip3-consulta/api/v1/orgaoPartidario/comAnotacoesEMembros?idOrgaoPartidario=100311&isMembrosAtivos=false;https://sgip3.tse.jus.br/sgip3-consulta/api/v1/orgaoPartidario/comAnotacoesEMembros?idOrgaoPartidario=94158&isMembrosAtivos=false|scoped_api_retrieval,added,evidence_id;snapshot_path;source_locator;snapshot_kind;sha256,null,"{""evidence_id"": ""V5W1E001"", ""sha256"": ""ce5ffe5e04aeb80665d1d7e72667642d739bf578d17d00d1e59c2d2d019c39dc"", ""snapshot_kind"": ""scoped_api_retrieval"", ""snapshot_path"": ""research/refinement_v5/worker_1_ivani/sources/sgip_members_70946_scoped.json"", ""source_locator"": ""https://sgip3.tse.jus.br/sgip3-consulta/api/v1/orgaoPartidario/comAnotacoesEMembros?idOrgaoPartidario=70945&isMembrosAtivos=false;https://sgip3.tse.jus.br/sgip3-consulta/api/v1/orgaoPartidario/comAnotacoesEMembros?idOrgaoPartidario=70946&isMembrosAtivos=false;https://sgip3.tse.jus.br/sgip3-consulta/api/v1/orgaoPartidario/comAnotacoesEMembros?idOrgaoPartidario=100311&isMembrosAtivos=false;https://sgip3.tse.jus.br/sgip3-consulta/api/v1/orgaoPartidario/comAnotacoesEMembros?idOrgaoPartidario=94158&isMembrosAtivos=false""}"
evidence_snapshot_links.csv,V5W1E001|research/refinement_v5/worker_1_ivani/sources/sgip_members_94158_scoped.json|https://sgip3.tse.jus.br/sgip3-consulta/api/v1/orgaoPartidario/comAnotacoesEMembros?idOrgaoPartidario=70945&isMembrosAtivos=false;https://sgip3.tse.jus.br/sgip3-consulta/api/v1/orgaoPartidario/comAnotacoesEMembros?idOrgaoPartidario=70946&isMembrosAtivos=false;https://sgip3.tse.jus.br/sgip3-consulta/api/v1/orgaoPartidario/comAnotacoesEMembros?idOrgaoPartidario=100311&isMembrosAtivos=false;https://sgip3.tse.jus.br/sgip3-consulta/api/v1/orgaoPartidario/comAnotacoesEMembros?idOrgaoPartidario=94158&isMembrosAtivos=false|scoped_api_retrieval,added,evidence_id;snapshot_path;source_locator;snapshot_kind;sha256,null,"{""evidence_id"": ""V5W1E001"", ""sha256"": ""20d34749478723421831fe89b91beca517de9f79dc1be553f27c3ca157632df4"", ""snapshot_kind"": ""scoped_api_retrieval"", ""snapshot_path"": ""research/refinement_v5/worker_1_ivani/sources/sgip_members_94158_scoped.json"", ""source_locator"": ""https://sgip3.tse.jus.br/sgip3-consulta/api/v1/orgaoPartidario/comAnotacoesEMembros?idOrgaoPartidario=70945&isMembrosAtivos=false;https://sgip3.tse.jus.br/sgip3-consulta/api/v1/orgaoPartidario/comAnotacoesEMembros?idOrgaoPartidario=70946&isMembrosAtivos=false;https://sgip3.tse.jus.br/sgip3-consulta/api/v1/orgaoPartidario/comAnotacoesEMembros?idOrgaoPartidario=100311&isMembrosAtivos=false;https://sgip3.tse.jus.br/sgip3-consulta/api/v1/orgaoPartidario/comAnotacoesEMembros?idOrgaoPartidario=94158&isMembrosAtivos=false""}"
evidence_snapshot_links.csv,V5W1E001|research/refinement_v5/worker_1_ivani/sources/sgip_national_2016_2017.json|https://sgip3.tse.jus.br/sgip3-consulta/api/v1/orgaoPartidario/comAnotacoesEMembros?idOrgaoPartidario=70945&isMembrosAtivos=false;https://sgip3.tse.jus.br/sgip3-consulta/api/v1/orgaoPartidario/comAnotacoesEMembros?idOrgaoPartidario=70946&isMembrosAtivos=false;https://sgip3.tse.jus.br/sgip3-consulta/api/v1/orgaoPartidario/comAnotacoesEMembros?idOrgaoPartidario=100311&isMembrosAtivos=false;https://sgip3.tse.jus.br/sgip3-consulta/api/v1/orgaoPartidario/comAnotacoesEMembros?idOrgaoPartidario=94158&isMembrosAtivos=false|scoped_api_retrieval,added,evidence_id;snapshot_path;source_locator;snapshot_kind;sha256,null,"{""evidence_id"": ""V5W1E001"", ""sha256"": ""972cd0eec216c6c3d75e82a2828d6e487b847bcb9ffdbd662af88e546ad2459e"", ""snapshot_kind"": ""scoped_api_retrieval"", ""snapshot_path"": ""research/refinement_v5/worker_1_ivani/sources/sgip_national_2016_2017.json"", ""source_locator"": ""https://sgip3.tse.jus.br/sgip3-consulta/api/v1/orgaoPartidario/comAnotacoesEMembros?idOrgaoPartidario=70945&isMembrosAtivos=false;https://sgip3.tse.jus.br/sgip3-consulta/api/v1/orgaoPartidario/comAnotacoesEMembros?idOrgaoPartidario=70946&isMembrosAtivos=false;https://sgip3.tse.jus.br/sgip3-consulta/api/v1/orgaoPartidario/comAnotacoesEMembros?idOrgaoPartidario=100311&isMembrosAtivos=false;https://sgip3.tse.jus.br/sgip3-consulta/api/v1/orgaoPartidario/comAnotacoesEMembros?idOrgaoPartidario=94158&isMembrosAtivos=false""}"
evidence_snapshot_links.csv,V5W1E001|research/refinement_v5/worker_1_ivani/sources/sgip_national_2016_2017.meta.json|https://sgip3.tse.jus.br/sgip3-consulta/api/v1/orgaoPartidario/comAnotacoesEMembros?idOrgaoPartidario=70945&isMembrosAtivos=false;https://sgip3.tse.jus.br/sgip3-consulta/api/v1/orgaoPartidario/comAnotacoesEMembros?idOrgaoPartidario=70946&isMembrosAtivos=false;https://sgip3.tse.jus.br/sgip3-consulta/api/v1/orgaoPartidario/comAnotacoesEMembros?idOrgaoPartidario=100311&isMembrosAtivos=false;https://sgip3.tse.jus.br/sgip3-consulta/api/v1/orgaoPartidario/comAnotacoesEMembros?idOrgaoPartidario=94158&isMembrosAtivos=false|scoped_api_retrieval,added,evidence_id;snapshot_path;source_locator;snapshot_kind;sha256,null,"{""evidence_id"": ""V5W1E001"", ""sha256"": ""7794796491419b728ae12abcde734586c7aaa82b414768a33df74ddecba09460"", ""snapshot_kind"": ""scoped_api_retrieval"", ""snapshot_path"": ""research/refinement_v5/worker_1_ivani/sources/sgip_national_2016_2017.meta.json"", ""source_locator"": ""https://sgip3.tse.jus.br/sgip3-consulta/api/v1/orgaoPartidario/comAnotacoesEMembros?idOrgaoPartidario=70945&isMembrosAtivos=false;https://sgip3.tse.jus.br/sgip3-consulta/api/v1/orgaoPartidario/comAnotacoesEMembros?idOrgaoPartidario=70946&isMembrosAtivos=false;https://sgip3.tse.jus.br/sgip3-consulta/api/v1/orgaoPartidario/comAnotacoesEMembros?idOrgaoPartidario=100311&isMembrosAtivos=false;https://sgip3.tse.jus.br/sgip3-consulta/api/v1/orgaoPartidario/comAnotacoesEMembros?idOrgaoPartidario=94158&isMembrosAtivos=false""}"
evidence_snapshot_links.csv,V5W1E001|research/refinement_v5/worker_1_ivani/sources/sgip_public_index.txt|https://sgip3.tse.jus.br/sgip3-consulta/api/v1/orgaoPartidario/comAnotacoesEMembros?idOrgaoPartidario=70945&isMembrosAtivos=false;https://sgip3.tse.jus.br/sgip3-consulta/api/v1/orgaoPartidario/comAnotacoesEMembros?idOrgaoPartidario=70946&isMembrosAtivos=false;https://sgip3.tse.jus.br/sgip3-consulta/api/v1/orgaoPartidario/comAnotacoesEMembros?idOrgaoPartidario=100311&isMembrosAtivos=false;https://sgip3.tse.jus.br/sgip3-consulta/api/v1/orgaoPartidario/comAnotacoesEMembros?idOrgaoPartidario=94158&isMembrosAtivos=false|scoped_api_retrieval,added,evidence_id;snapshot_path;source_locator;snapshot_kind;sha256,null,"{""evidence_id"": ""V5W1E001"", ""sha256"": ""a2b63c69b38c52d10214463de988f3038dbace94513b7544ef210e1d8cbf1d93"", ""snapshot_kind"": ""scoped_api_retrieval"", ""snapshot_path"": ""research/refinement_v5/worker_1_ivani/sources/sgip_public_index.txt"", ""source_locator"": ""https://sgip3.tse.jus.br/sgip3-consulta/api/v1/orgaoPartidario/comAnotacoesEMembros?idOrgaoPartidario=70945&isMembrosAtivos=false;https://sgip3.tse.jus.br/sgip3-consulta/api/v1/orgaoPartidario/comAnotacoesEMembros?idOrgaoPartidario=70946&isMembrosAtivos=false;https://sgip3.tse.jus.br/sgip3-consulta/api/v1/orgaoPartidario/comAnotacoesEMembros?idOrgaoPartidario=100311&isMembrosAtivos=false;https://sgip3.tse.jus.br/sgip3-consulta/api/v1/orgaoPartidario/comAnotacoesEMembros?idOrgaoPartidario=94158&isMembrosAtivos=false""}"
evidence_snapshot_links.csv,V5W1E001|research/refinement_v5/worker_1_ivani/sources/sgip_public_js.txt|https://sgip3.tse.jus.br/sgip3-consulta/api/v1/orgaoPartidario/comAnotacoesEMembros?idOrgaoPartidario=70945&isMembrosAtivos=false;https://sgip3.tse.jus.br/sgip3-consulta/api/v1/orgaoPartidario/comAnotacoesEMembros?idOrgaoPartidario=70946&isMembrosAtivos=false;https://sgip3.tse.jus.br/sgip3-consulta/api/v1/orgaoPartidario/comAnotacoesEMembros?idOrgaoPartidario=100311&isMembrosAtivos=false;https://sgip3.tse.jus.br/sgip3-consulta/api/v1/orgaoPartidario/comAnotacoesEMembros?idOrgaoPartidario=94158&isMembrosAtivos=false|scoped_api_retrieval,added,evidence_id;snapshot_path;source_locator;snapshot_kind;sha256,null,"{""evidence_id"": ""V5W1E001"", ""sha256"": ""5730f42ba2a866103f068a5e66a8914969dec87d4c9455faec3760e4950752e1"", ""snapshot_kind"": ""scoped_api_retrieval"", ""snapshot_path"": ""research/refinement_v5/worker_1_ivani/sources/sgip_public_js.txt"", ""source_locator"": ""https://sgip3.tse.jus.br/sgip3-consulta/api/v1/orgaoPartidario/comAnotacoesEMembros?idOrgaoPartidario=70945&isMembrosAtivos=false;https://sgip3.tse.jus.br/sgip3-consulta/api/v1/orgaoPartidario/comAnotacoesEMembros?idOrgaoPartidario=70946&isMembrosAtivos=false;https://sgip3.tse.jus.br/sgip3-consulta/api/v1/orgaoPartidario/comAnotacoesEMembros?idOrgaoPartidario=100311&isMembrosAtivos=false;https://sgip3.tse.jus.br/sgip3-consulta/api/v1/orgaoPartidario/comAnotacoesEMembros?idOrgaoPartidario=94158&isMembrosAtivos=false""}"
evidence_snapshot_links.csv,V5W1E002|research/refinement_v5/worker_1_ivani/sources/search_03.json|https://www.tre-to.jus.br/partidos/filiacao-partidaria/sistema-filiawb/guia-filiaweb-operacoes;https://www.tse.jus.br/partidos/filiacao-partidaria/arquivos/tse-manual-sistema-filiacao-partidaria-externo/%40%40display-file/file/TSE-manual-filia-externo.pdf|web_extraction_or_retrieval_log,added,evidence_id;snapshot_path;source_locator;snapshot_kind;sha256,null,"{""evidence_id"": ""V5W1E002"", ""sha256"": ""135d4ea9664939b2040d5cbc22c717e8c7acbc36292508ec041143284b619119"", ""snapshot_kind"": ""web_extraction_or_retrieval_log"", ""snapshot_path"": ""research/refinement_v5/worker_1_ivani/sources/search_03.json"", ""source_locator"": ""https://www.tre-to.jus.br/partidos/filiacao-partidaria/sistema-filiawb/guia-filiaweb-operacoes;https://www.tse.jus.br/partidos/filiacao-partidaria/arquivos/tse-manual-sistema-filiacao-partidaria-externo/%40%40display-file/file/TSE-manual-filia-externo.pdf""}"
evidence_snapshot_links.csv,V5W1E002|research/refinement_v5/worker_1_ivani/sources/search_06.json|https://www.tre-to.jus.br/partidos/filiacao-partidaria/sistema-filiawb/guia-filiaweb-operacoes;https://www.tse.jus.br/partidos/filiacao-partidaria/arquivos/tse-manual-sistema-filiacao-partidaria-externo/%40%40display-file/file/TSE-manual-filia-externo.pdf|web_extraction_or_retrieval_log,added,evidence_id;snapshot_path;source_locator;snapshot_kind;sha256,null,"{""evidence_id"": ""V5W1E002"", ""sha256"": ""bf3c0a65f013c04cef5801e0c40b34e2003022073e2458cba063b56671f8ada6"", ""snapshot_kind"": ""web_extraction_or_retrieval_log"", ""snapshot_path"": ""research/refinement_v5/worker_1_ivani/sources/search_06.json"", ""source_locator"": ""https://www.tre-to.jus.br/partidos/filiacao-partidaria/sistema-filiawb/guia-filiaweb-operacoes;https://www.tse.jus.br/partidos/filiacao-partidaria/arquivos/tse-manual-sistema-filiacao-partidaria-externo/%40%40display-file/file/TSE-manual-filia-externo.pdf""}"
evidence_snapshot_links.csv,V5W1E002|research/refinement_v5/worker_1_ivani/sources/search_09.json|https://www.tre-to.jus.br/partidos/filiacao-partidaria/sistema-filiawb/guia-filiaweb-operacoes;https://www.tse.jus.br/partidos/filiacao-partidaria/arquivos/tse-manual-sistema-filiacao-partidaria-externo/%40%40display-file/file/TSE-manual-filia-externo.pdf|web_extraction_or_retrieval_log,added,evidence_id;snapshot_path;source_locator;snapshot_kind;sha256,null,"{""evidence_id"": ""V5W1E002"", ""sha256"": ""c4182d5fc8a435180113c160dfa592a683d5db8ac56a4f0cdeeb450ce29e95cd"", ""snapshot_kind"": ""web_extraction_or_retrieval_log"", ""snapshot_path"": ""research/refinement_v5/worker_1_ivani/sources/search_09.json"", ""source_locator"": ""https://www.tre-to.jus.br/partidos/filiacao-partidaria/sistema-filiawb/guia-filiaweb-operacoes;https://www.tse.jus.br/partidos/filiacao-partidaria/arquivos/tse-manual-sistema-filiacao-partidaria-externo/%40%40display-file/file/TSE-manual-filia-externo.pdf""}"
evidence_snapshot_links.csv,V5W1E003|research/refinement_v5/worker_1_ivani/sources/search_02.json|https://repositorio.uniceub.br/jspui/handle/235/10435;https://repositorio.uniceub.br/jspui/bitstream/235/10435/1/50505052.pdf|web_extraction_or_retrieval_log,added,evidence_id;snapshot_path;source_locator;snapshot_kind;sha256,null,"{""evidence_id"": ""V5W1E003"", ""sha256"": ""d15102300598c48b829670b7950f5bd327838ac630829693711de61a72c3a1b4"", ""snapshot_kind"": ""web_extraction_or_retrieval_log"", ""snapshot_path"": ""research/refinement_v5/worker_1_ivani/sources/search_02.json"", ""source_locator"": ""https://repositorio.uniceub.br/jspui/handle/235/10435;https://repositorio.uniceub.br/jspui/bitstream/235/10435/1/50505052.pdf""}"
evidence_snapshot_links.csv,V5W1E003|research/refinement_v5/worker_1_ivani/sources/search_03.json|https://repositorio.uniceub.br/jspui/handle/235/10435;https://repositorio.uniceub.br/jspui/bitstream/235/10435/1/50505052.pdf|web_extraction_or_retrieval_log,added,evidence_id;snapshot_path;source_locator;snapshot_kind;sha256,null,"{""evidence_id"": ""V5W1E003"", ""sha256"": ""135d4ea9664939b2040d5cbc22c717e8c7acbc36292508ec041143284b619119"", ""snapshot_kind"": ""web_extraction_or_retrieval_log"", ""snapshot_path"": ""research/refinement_v5/worker_1_ivani/sources/search_03.json"", ""source_locator"": ""https://repositorio.uniceub.br/jspui/handle/235/10435;https://repositorio.uniceub.br/jspui/bitstream/235/10435/1/50505052.pdf""}"
evidence_snapshot_links.csv,V5W1E003|research/refinement_v5/worker_1_ivani/sources/uniceub_2006_thesis.http410.txt|https://repositorio.uniceub.br/jspui/handle/235/10435;https://repositorio.uniceub.br/jspui/bitstream/235/10435/1/50505052.pdf|web_extraction_or_retrieval_log,added,evidence_id;snapshot_path;source_locator;snapshot_kind;sha256,null,"{""evidence_id"": ""V5W1E003"", ""sha256"": ""1af29706d2a6b604a0e552114f17bb1789014da70e98d6cf05af542bafaca04f"", ""snapshot_kind"": ""web_extraction_or_retrieval_log"", ""snapshot_path"": ""research/refinement_v5/worker_1_ivani/sources/uniceub_2006_thesis.http410.txt"", ""source_locator"": ""https://repositorio.uniceub.br/jspui/handle/235/10435;https://repositorio.uniceub.br/jspui/bitstream/235/10435/1/50505052.pdf""}"
evidence_snapshot_links.csv,V5W1E003|research/refinement_v5/worker_1_ivani/sources/uniceub_2006_thesis.meta.json|https://repositorio.uniceub.br/jspui/handle/235/10435;https://repositorio.uniceub.br/jspui/bitstream/235/10435/1/50505052.pdf|web_extraction_or_retrieval_log,added,evidence_id;snapshot_path;source_locator;snapshot_kind;sha256,null,"{""evidence_id"": ""V5W1E003"", ""sha256"": ""7d8b82f670477e3e76b13c4696fd74dd593333139db29d65e8daee66851faacc"", ""snapshot_kind"": ""web_extraction_or_retrieval_log"", ""snapshot_path"": ""research/refinement_v5/worker_1_ivani/sources/uniceub_2006_thesis.meta.json"", ""source_locator"": ""https://repositorio.uniceub.br/jspui/handle/235/10435;https://repositorio.uniceub.br/jspui/bitstream/235/10435/1/50505052.pdf""}"
evidence_snapshot_links.csv,V5W2E001|research/refinement_v5/worker_2_temer_end/RESEARCH.md|research/refinement_v5/worker_2_temer_end/RESEARCH.md|research_findings_and_limitations,added,evidence_id;snapshot_path;source_locator;snapshot_kind;sha256,null,"{""evidence_id"": ""V5W2E001"", ""sha256"": ""2f543abd977af272d4a879fea6e9fc70562728c70165821ea6254aff33c05235"", ""snapshot_kind"": ""research_findings_and_limitations"", ""snapshot_path"": ""research/refinement_v5/worker_2_temer_end/RESEARCH.md"", ""source_locator"": ""research/refinement_v5/worker_2_temer_end/RESEARCH.md""}"
evidence_snapshot_links.csv,V5W2E001|research/refinement_v5/worker_2_temer_end/sources/sgip_ba_20181231.json|https://sgip3.tse.jus.br/sgip3-consulta/api/v1/orgaoPartidario/consulta?sqPartido=15&tpAbrangencia=82&isComposicoesHistoricas=true&dataInicioVigencia=31%2F12%2F2018&dataFimVigencia=31%2F12%2F2018&sgUe=BA|retained_scoped_official_historical_governance_response,added,evidence_id;snapshot_path;source_locator;snapshot_kind;sha256,null,"{""evidence_id"": ""V5W2E001"", ""sha256"": ""e1f76be4353f0af66712dd586e57c66d55f5c6df83eab31860058ee168e79be9"", ""snapshot_kind"": ""retained_scoped_official_historical_governance_response"", ""snapshot_path"": ""research/refinement_v5/worker_2_temer_end/sources/sgip_ba_20181231.json"", ""source_locator"": ""https://sgip3.tse.jus.br/sgip3-consulta/api/v1/orgaoPartidario/consulta?sqPartido=15&tpAbrangencia=82&isComposicoesHistoricas=true&dataInicioVigencia=31%2F12%2F2018&dataFimVigencia=31%2F12%2F2018&sgUe=BA""}"
evidence_snapshot_links.csv,V5W2E001|research/refinement_v5/worker_2_temer_end/sources/sgip_df_20181231.json|https://sgip3.tse.jus.br/sgip3-consulta/api/v1/orgaoPartidario/consulta?sqPartido=15&tpAbrangencia=84&isComposicoesHistoricas=true&dataInicioVigencia=31%2F12%2F2018&dataFimVigencia=31%2F12%2F2018&sgUe=DF|retained_scoped_official_historical_governance_response,added,evidence_id;snapshot_path;source_locator;snapshot_kind;sha256,null,"{""evidence_id"": ""V5W2E001"", ""sha256"": ""e4ee265f9f92b5bed7adf5c65e92c825c06eb6ae21c4e17c6a66e8a639665a20"", ""snapshot_kind"": ""retained_scoped_official_historical_governance_response"", ""snapshot_path"": ""research/refinement_v5/worker_2_temer_end/sources/sgip_df_20181231.json"", ""source_locator"": ""https://sgip3.tse.jus.br/sgip3-consulta/api/v1/orgaoPartidario/consulta?sqPartido=15&tpAbrangencia=84&isComposicoesHistoricas=true&dataInicioVigencia=31%2F12%2F2018&dataFimVigencia=31%2F12%2F2018&sgUe=DF""}"
evidence_snapshot_links.csv,V5W2E001|research/refinement_v5/worker_2_temer_end/sources/sgip_members_263115_scoped.json|https://sgip3.tse.jus.br/sgip3-consulta/api/v1/orgaoPartidario/comAnotacoesEMembros?idOrgaoPartidario=263115&isMembrosAtivos=false|retained_scoped_official_historical_governance_response,added,evidence_id;snapshot_path;source_locator;snapshot_kind;sha256,null,"{""evidence_id"": ""V5W2E001"", ""sha256"": ""e9f425ce697e10437a64192cd0195f79146515e2769c8a3615cab50ee89a8ee4"", ""snapshot_kind"": ""retained_scoped_official_historical_governance_response"", ""snapshot_path"": ""research/refinement_v5/worker_2_temer_end/sources/sgip_members_263115_scoped.json"", ""source_locator"": ""https://sgip3.tse.jus.br/sgip3-consulta/api/v1/orgaoPartidario/comAnotacoesEMembros?idOrgaoPartidario=263115&isMembrosAtivos=false""}"
evidence_snapshot_links.csv,V5W2E001|research/refinement_v5/worker_2_temer_end/sources/sgip_members_263816_scoped.json|https://sgip3.tse.jus.br/sgip3-consulta/api/v1/orgaoPartidario/comAnotacoesEMembros?idOrgaoPartidario=263816&isMembrosAtivos=false|retained_scoped_official_historical_governance_response,added,evidence_id;snapshot_path;source_locator;snapshot_kind;sha256,null,"{""evidence_id"": ""V5W2E001"", ""sha256"": ""d706b8fee6b8cc8db0ba54b83493d638f30373e9aca62e2055fc889632b78cd1"", ""snapshot_kind"": ""retained_scoped_official_historical_governance_response"", ""snapshot_path"": ""research/refinement_v5/worker_2_temer_end/sources/sgip_members_263816_scoped.json"", ""source_locator"": ""https://sgip3.tse.jus.br/sgip3-consulta/api/v1/orgaoPartidario/comAnotacoesEMembros?idOrgaoPartidario=263816&isMembrosAtivos=false""}"
evidence_snapshot_links.csv,V5W2E001|research/refinement_v5/worker_2_temer_end/sources/sgip_members_70945_scoped.json|https://sgip3.tse.jus.br/sgip3-consulta/api/v1/orgaoPartidario/comAnotacoesEMembros?idOrgaoPartidario=70945&isMembrosAtivos=false|retained_scoped_official_historical_governance_response,added,evidence_id;snapshot_path;source_locator;snapshot_kind;sha256,null,"{""evidence_id"": ""V5W2E001"", ""sha256"": ""5656acbc8ca6e5981db51341319082d4b09dd8447995458137e816fb29be5b20"", ""snapshot_kind"": ""retained_scoped_official_historical_governance_response"", ""snapshot_path"": ""research/refinement_v5/worker_2_temer_end/sources/sgip_members_70945_scoped.json"", ""source_locator"": ""https://sgip3.tse.jus.br/sgip3-consulta/api/v1/orgaoPartidario/comAnotacoesEMembros?idOrgaoPartidario=70945&isMembrosAtivos=false""}"
evidence_snapshot_links.csv,V5W2E001|research/refinement_v5/worker_2_temer_end/sources/sgip_members_70946_scoped.json|https://sgip3.tse.jus.br/sgip3-consulta/api/v1/orgaoPartidario/comAnotacoesEMembros?idOrgaoPartidario=70946&isMembrosAtivos=false|retained_scoped_official_historical_governance_response,added,evidence_id;snapshot_path;source_locator;snapshot_kind;sha256,null,"{""evidence_id"": ""V5W2E001"", ""sha256"": ""460378caac9bd49287b2613888c0b59f0421f8fee0bb466cabc472e1ca8a3bc0"", ""snapshot_kind"": ""retained_scoped_official_historical_governance_response"", ""snapshot_path"": ""research/refinement_v5/worker_2_temer_end/sources/sgip_members_70946_scoped.json"", ""source_locator"": ""https://sgip3.tse.jus.br/sgip3-consulta/api/v1/orgaoPartidario/comAnotacoesEMembros?idOrgaoPartidario=70946&isMembrosAtivos=false""}"
evidence_snapshot_links.csv,V5W2E001|research/refinement_v5/worker_2_temer_end/sources/sgip_members_94158_scoped.json|https://sgip3.tse.jus.br/sgip3-consulta/api/v1/orgaoPartidario/comAnotacoesEMembros?idOrgaoPartidario=94158&isMembrosAtivos=false|retained_scoped_official_historical_governance_response,added,evidence_id;snapshot_path;source_locator;snapshot_kind;sha256,null,"{""evidence_id"": ""V5W2E001"", ""sha256"": ""e4ac7e7099bc9f1054dcbb1e51a07d5ff8fe6a7a165db129c9ad250822d2b71e"", ""snapshot_kind"": ""retained_scoped_official_historical_governance_response"", ""snapshot_path"": ""research/refinement_v5/worker_2_temer_end/sources/sgip_members_94158_scoped.json"", ""source_locator"": ""https://sgip3.tse.jus.br/sgip3-consulta/api/v1/orgaoPartidario/comAnotacoesEMembros?idOrgaoPartidario=94158&isMembrosAtivos=false""}"
evidence_snapshot_links.csv,V5W2E001|research/refinement_v5/worker_2_temer_end/sources/sgip_national_20181231.json|https://sgip3.tse.jus.br/sgip3-consulta/api/v1/orgaoPartidario/consulta?sqPartido=15&tpAbrangencia=81&isComposicoesHistoricas=true&dataInicioVigencia=31%2F12%2F2018&dataFimVigencia=31%2F12%2F2018|retained_scoped_official_historical_governance_response,added,evidence_id;snapshot_path;source_locator;snapshot_kind;sha256,null,"{""evidence_id"": ""V5W2E001"", ""sha256"": ""da45e6313fa08456a3500a34e335ba56b1f3d05fd8bc6d46db6afd0b12db297f"", ""snapshot_kind"": ""retained_scoped_official_historical_governance_response"", ""snapshot_path"": ""research/refinement_v5/worker_2_temer_end/sources/sgip_national_20181231.json"", ""source_locator"": ""https://sgip3.tse.jus.br/sgip3-consulta/api/v1/orgaoPartidario/consulta?sqPartido=15&tpAbrangencia=81&isComposicoesHistoricas=true&dataInicioVigencia=31%2F12%2F2018&dataFimVigencia=31%2F12%2F2018""}"
evidence_snapshot_links.csv,V5W2E001|research/refinement_v5/worker_2_temer_end/sources/sgip_se_20181231.json|https://sgip3.tse.jus.br/sgip3-consulta/api/v1/orgaoPartidario/consulta?sqPartido=15&tpAbrangencia=82&isComposicoesHistoricas=true&dataInicioVigencia=31%2F12%2F2018&dataFimVigencia=31%2F12%2F2018&sgUe=SE|retained_scoped_official_historical_governance_response,added,evidence_id;snapshot_path;source_locator;snapshot_kind;sha256,null,"{""evidence_id"": ""V5W2E001"", ""sha256"": ""20aaa838d68a15d923f20d78a23f18fa8933214feccbd7183d9072b69d099aee"", ""snapshot_kind"": ""retained_scoped_official_historical_governance_response"", ""snapshot_path"": ""research/refinement_v5/worker_2_temer_end/sources/sgip_se_20181231.json"", ""source_locator"": ""https://sgip3.tse.jus.br/sgip3-consulta/api/v1/orgaoPartidario/consulta?sqPartido=15&tpAbrangencia=82&isComposicoesHistoricas=true&dataInicioVigencia=31%2F12%2F2018&dataFimVigencia=31%2F12%2F2018&sgUe=SE""}"
evidence_snapshot_links.csv,V5W2E002|research/refinement_v5/worker_2_temer_end/RESEARCH.md|research/refinement_v5/worker_2_temer_end/RESEARCH.md|research_findings_and_limitations,added,evidence_id;snapshot_path;source_locator;snapshot_kind;sha256,null,"{""evidence_id"": ""V5W2E002"", ""sha256"": ""2f543abd977af272d4a879fea6e9fc70562728c70165821ea6254aff33c05235"", ""snapshot_kind"": ""research_findings_and_limitations"", ""snapshot_path"": ""research/refinement_v5/worker_2_temer_end/RESEARCH.md"", ""source_locator"": ""research/refinement_v5/worker_2_temer_end/RESEARCH.md""}"
evidence_snapshot_links.csv,V5W2E002|research/refinement_v5/worker_2_temer_end/sources/sobral_identity_anchor.json|https://www.gov.br/mme/pt-br/arquivos/do-06-01-2010-s3.pdf|masked_hashed_identity_anchor_from_official_indexed_source,added,evidence_id;snapshot_path;source_locator;snapshot_kind;sha256,null,"{""evidence_id"": ""V5W2E002"", ""sha256"": ""64dc252de107184ceb20f7a9c33bca6e75dcb338c05c854717dfb572f1070222"", ""snapshot_kind"": ""masked_hashed_identity_anchor_from_official_indexed_source"", ""snapshot_path"": ""research/refinement_v5/worker_2_temer_end/sources/sobral_identity_anchor.json"", ""source_locator"": ""https://www.gov.br/mme/pt-br/arquivos/do-06-01-2010-s3.pdf""}"
evidence_snapshot_links.csv,V5W2E002|research/refinement_v5/worker_2_temer_end/sources/tse_BA_182.json|https://filia2-consulta.tse.jus.br/filia-consulta/rest/v1/relacao-filiados?sgUe=BA&cdMunicipio=988&sqPartido=182&currentPage=0&pageSize=10000|retained_scoped_official_registry_query_log,added,evidence_id;snapshot_path;source_locator;snapshot_kind;sha256,null,"{""evidence_id"": ""V5W2E002"", ""sha256"": ""9c101bdb73b0bb70a376193f6b93a0eb1041df5b33a3dc803aacea072ee9c655"", ""snapshot_kind"": ""retained_scoped_official_registry_query_log"", ""snapshot_path"": ""research/refinement_v5/worker_2_temer_end/sources/tse_BA_182.json"", ""source_locator"": ""https://filia2-consulta.tse.jus.br/filia-consulta/rest/v1/relacao-filiados?sgUe=BA&cdMunicipio=988&sqPartido=182&currentPage=0&pageSize=10000""}"
evidence_snapshot_links.csv,V5W2E002|research/refinement_v5/worker_2_temer_end/sources/tse_BA_38.json|https://filia2-consulta.tse.jus.br/filia-consulta/rest/v1/relacao-filiados?sgUe=BA&cdMunicipio=988&sqPartido=38&currentPage=0&pageSize=10000|retained_scoped_official_registry_query_log,added,evidence_id;snapshot_path;source_locator;snapshot_kind;sha256,null,"{""evidence_id"": ""V5W2E002"", ""sha256"": ""ebe71aa8367bb7ba1a439e94f65252f5c77bea83aac4f0c55624de0a7ae21264"", ""snapshot_kind"": ""retained_scoped_official_registry_query_log"", ""snapshot_path"": ""research/refinement_v5/worker_2_temer_end/sources/tse_BA_38.json"", ""source_locator"": ""https://filia2-consulta.tse.jus.br/filia-consulta/rest/v1/relacao-filiados?sgUe=BA&cdMunicipio=988&sqPartido=38&currentPage=0&pageSize=10000""}"
evidence_snapshot_links.csv,V5W2E002|research/refinement_v5/worker_2_temer_end/sources/tse_BA_42.json|https://filia2-consulta.tse.jus.br/filia-consulta/rest/v1/relacao-filiados?sgUe=BA&cdMunicipio=988&sqPartido=42&currentPage=0&pageSize=10000|retained_scoped_official_registry_query_log,added,evidence_id;snapshot_path;source_locator;snapshot_kind;sha256,null,"{""evidence_id"": ""V5W2E002"", ""sha256"": ""3262129664e8ffa76392493bbff9440741c0ddc2f4ba75ef9f899a62c84eed98"", ""snapshot_kind"": ""retained_scoped_official_registry_query_log"", ""snapshot_path"": ""research/refinement_v5/worker_2_temer_end/sources/tse_BA_42.json"", ""source_locator"": ""https://filia2-consulta.tse.jus.br/filia-consulta/rest/v1/relacao-filiados?sgUe=BA&cdMunicipio=988&sqPartido=42&currentPage=0&pageSize=10000""}"
evidence_snapshot_links.csv,V5W2E002|research/refinement_v5/worker_2_temer_end/sources/tse_BA_51.json|https://filia2-consulta.tse.jus.br/filia-consulta/rest/v1/relacao-filiados?sgUe=BA&cdMunicipio=988&sqPartido=51&currentPage=0&pageSize=10000|retained_scoped_official_registry_query_log,added,evidence_id;snapshot_path;source_locator;snapshot_kind;sha256,null,"{""evidence_id"": ""V5W2E002"", ""sha256"": ""c863a346938dabf14399bbce577cf8e52210f1a2181ac6e952e635ac2e3e9282"", ""snapshot_kind"": ""retained_scoped_official_registry_query_log"", ""snapshot_path"": ""research/refinement_v5/worker_2_temer_end/sources/tse_BA_51.json"", ""source_locator"": ""https://filia2-consulta.tse.jus.br/filia-consulta/rest/v1/relacao-filiados?sgUe=BA&cdMunicipio=988&sqPartido=51&currentPage=0&pageSize=10000""}"
evidence_snapshot_links.csv,V5W2E002|research/refinement_v5/worker_2_temer_end/sources/tse_BA_69.json|https://filia2-consulta.tse.jus.br/filia-consulta/rest/v1/relacao-filiados?sgUe=BA&cdMunicipio=988&sqPartido=69&currentPage=0&pageSize=10000|retained_scoped_official_registry_query_log,added,evidence_id;snapshot_path;source_locator;snapshot_kind;sha256,null,"{""evidence_id"": ""V5W2E002"", ""sha256"": ""1558a8cd7adc76f3e2b717a7669679e5c9dce9e9383a7e246b5d94cfeed6fcab"", ""snapshot_kind"": ""retained_scoped_official_registry_query_log"", ""snapshot_path"": ""research/refinement_v5/worker_2_temer_end/sources/tse_BA_69.json"", ""source_locator"": ""https://filia2-consulta.tse.jus.br/filia-consulta/rest/v1/relacao-filiados?sgUe=BA&cdMunicipio=988&sqPartido=69&currentPage=0&pageSize=10000""}"
evidence_snapshot_links.csv,V5W2E002|research/refinement_v5/worker_2_temer_end/sources/tse_DF_42.json|https://filia2-consulta.tse.jus.br/filia-consulta/rest/v1/relacao-filiados?sgUe=DF&cdMunicipio=1778&sqPartido=42&currentPage=0&pageSize=10000|retained_scoped_official_registry_query_log,added,evidence_id;snapshot_path;source_locator;snapshot_kind;sha256,null,"{""evidence_id"": ""V5W2E002"", ""sha256"": ""9b4b3653afdfe591781dabbafb327343e2db76a0a6d428ba4f42f3247629d238"", ""snapshot_kind"": ""retained_scoped_official_registry_query_log"", ""snapshot_path"": ""research/refinement_v5/worker_2_temer_end/sources/tse_DF_42.json"", ""source_locator"": ""https://filia2-consulta.tse.jus.br/filia-consulta/rest/v1/relacao-filiados?sgUe=DF&cdMunicipio=1778&sqPartido=42&currentPage=0&pageSize=10000""}"
evidence_snapshot_links.csv,V5W2E002|research/refinement_v5/worker_2_temer_end/sources/tse_SE_182.json|https://filia2-consulta.tse.jus.br/filia-consulta/rest/v1/relacao-filiados?sgUe=SE&cdMunicipio=8769&sqPartido=182&currentPage=0&pageSize=10000|retained_scoped_official_registry_query_log,added,evidence_id;snapshot_path;source_locator;snapshot_kind;sha256,null,"{""evidence_id"": ""V5W2E002"", ""sha256"": ""10618ddd60d37b04b267d7471bb69da483ff7e97f43f6243320ab3534abee098"", ""snapshot_kind"": ""retained_scoped_official_registry_query_log"", ""snapshot_path"": ""research/refinement_v5/worker_2_temer_end/sources/tse_SE_182.json"", ""source_locator"": ""https://filia2-consulta.tse.jus.br/filia-consulta/rest/v1/relacao-filiados?sgUe=SE&cdMunicipio=8769&sqPartido=182&currentPage=0&pageSize=10000""}"
evidence_snapshot_links.csv,V5W2E002|research/refinement_v5/worker_2_temer_end/sources/tse_SE_38.json|https://filia2-consulta.tse.jus.br/filia-consulta/rest/v1/relacao-filiados?sgUe=SE&cdMunicipio=8769&sqPartido=38&currentPage=0&pageSize=10000|retained_scoped_official_registry_query_log,added,evidence_id;snapshot_path;source_locator;snapshot_kind;sha256,null,"{""evidence_id"": ""V5W2E002"", ""sha256"": ""e93f8c260384169817bd12272812ba99ec18fd2a2307b69086f3f44c2376b78e"", ""snapshot_kind"": ""retained_scoped_official_registry_query_log"", ""snapshot_path"": ""research/refinement_v5/worker_2_temer_end/sources/tse_SE_38.json"", ""source_locator"": ""https://filia2-consulta.tse.jus.br/filia-consulta/rest/v1/relacao-filiados?sgUe=SE&cdMunicipio=8769&sqPartido=38&currentPage=0&pageSize=10000""}"
evidence_snapshot_links.csv,V5W2E002|research/refinement_v5/worker_2_temer_end/sources/tse_SE_42.json|https://filia2-consulta.tse.jus.br/filia-consulta/rest/v1/relacao-filiados?sgUe=SE&cdMunicipio=8769&sqPartido=42&currentPage=0&pageSize=10000|retained_scoped_official_registry_query_log,added,evidence_id;snapshot_path;source_locator;snapshot_kind;sha256,null,"{""evidence_id"": ""V5W2E002"", ""sha256"": ""9c5df676728d4da2a140e29fcb132f4dc6bdbbddf3b330f409b1209ed24a83d0"", ""snapshot_kind"": ""retained_scoped_official_registry_query_log"", ""snapshot_path"": ""research/refinement_v5/worker_2_temer_end/sources/tse_SE_42.json"", ""source_locator"": ""https://filia2-consulta.tse.jus.br/filia-consulta/rest/v1/relacao-filiados?sgUe=SE&cdMunicipio=8769&sqPartido=42&currentPage=0&pageSize=10000""}"
evidence_snapshot_links.csv,V5W2E002|research/refinement_v5/worker_2_temer_end/sources/tse_SE_51.json|https://filia2-consulta.tse.jus.br/filia-consulta/rest/v1/relacao-filiados?sgUe=SE&cdMunicipio=8769&sqPartido=51&currentPage=0&pageSize=10000|retained_scoped_official_registry_query_log,added,evidence_id;snapshot_path;source_locator;snapshot_kind;sha256,null,"{""evidence_id"": ""V5W2E002"", ""sha256"": ""e22d35ea7e911faf07b9294fbb6b8fdbc2b38183655f29cd243b68f2f7633675"", ""snapshot_kind"": ""retained_scoped_official_registry_query_log"", ""snapshot_path"": ""research/refinement_v5/worker_2_temer_end/sources/tse_SE_51.json"", ""source_locator"": ""https://filia2-consulta.tse.jus.br/filia-consulta/rest/v1/relacao-filiados?sgUe=SE&cdMunicipio=8769&sqPartido=51&currentPage=0&pageSize=10000""}"
evidence_snapshot_links.csv,V5W2E002|research/refinement_v5/worker_2_temer_end/sources/tse_SE_69.json|https://filia2-consulta.tse.jus.br/filia-consulta/rest/v1/relacao-filiados?sgUe=SE&cdMunicipio=8769&sqPartido=69&currentPage=0&pageSize=10000|retained_scoped_official_registry_query_log,added,evidence_id;snapshot_path;source_locator;snapshot_kind;sha256,null,"{""evidence_id"": ""V5W2E002"", ""sha256"": ""b2fc45370771e4fefd4b2d2d976eefb4a8a2b1ea7848647844bede60ba009a9c"", ""snapshot_kind"": ""retained_scoped_official_registry_query_log"", ""snapshot_path"": ""research/refinement_v5/worker_2_temer_end/sources/tse_SE_69.json"", ""source_locator"": ""https://filia2-consulta.tse.jus.br/filia-consulta/rest/v1/relacao-filiados?sgUe=SE&cdMunicipio=8769&sqPartido=69&currentPage=0&pageSize=10000""}"
evidence_snapshot_links.csv,V5W2E002|research/refinement_v5/worker_2_temer_end/sources/web_013.json|https://www.gov.br/mme/pt-br/arquivos/do-06-01-2010-s3.pdf|retained_indexed_source_results_identifiers_redacted,added,evidence_id;snapshot_path;source_locator;snapshot_kind;sha256,null,"{""evidence_id"": ""V5W2E002"", ""sha256"": ""29b3f2206eb941acccde6ae8be83c52628aac3f58cec95f729cce44ab189561e"", ""snapshot_kind"": ""retained_indexed_source_results_identifiers_redacted"", ""snapshot_path"": ""research/refinement_v5/worker_2_temer_end/sources/web_013.json"", ""source_locator"": ""https://www.gov.br/mme/pt-br/arquivos/do-06-01-2010-s3.pdf""}"
evidence_snapshot_links.csv,V5W2E003|research/refinement_v5/worker_2_temer_end/RESEARCH.md|research/refinement_v5/worker_2_temer_end/RESEARCH.md|research_findings_and_limitations,added,evidence_id;snapshot_path;source_locator;snapshot_kind;sha256,null,"{""evidence_id"": ""V5W2E003"", ""sha256"": ""2f543abd977af272d4a879fea6e9fc70562728c70165821ea6254aff33c05235"", ""snapshot_kind"": ""research_findings_and_limitations"", ""snapshot_path"": ""research/refinement_v5/worker_2_temer_end/RESEARCH.md"", ""source_locator"": ""research/refinement_v5/worker_2_temer_end/RESEARCH.md""}"
evidence_snapshot_links.csv,V5W2E003|research/refinement_v5/worker_2_temer_end/sources/antt_resenha_2018.html|https://anttlegis.datalegis.inf.br/action/ActionDatalegis.php?acao=abrirResenhaAnoData&ano=2018&cod_menu=7739&cod_modulo=422|retrieved_official_library_index_not_linked_full_act,added,evidence_id;snapshot_path;source_locator;snapshot_kind;sha256,null,"{""evidence_id"": ""V5W2E003"", ""sha256"": ""2d1d094a5f9437525d7b1b186dd200b3788d88d7437de904e95926722697f709"", ""snapshot_kind"": ""retrieved_official_library_index_not_linked_full_act"", ""snapshot_path"": ""research/refinement_v5/worker_2_temer_end/sources/antt_resenha_2018.html"", ""source_locator"": ""https://anttlegis.datalegis.inf.br/action/ActionDatalegis.php?acao=abrirResenhaAnoData&ano=2018&cod_menu=7739&cod_modulo=422""}"
evidence_snapshot_links.csv,V5W2E003|research/refinement_v5/worker_2_temer_end/sources/dou20190101.pdf|https://static.poder360.com.br/2019/01/Diario-Oficial-1jan2019.pdf|original_dou_pdf_preserved_by_third_party_rendered_reviewed,added,evidence_id;snapshot_path;source_locator;snapshot_kind;sha256,null,"{""evidence_id"": ""V5W2E003"", ""sha256"": ""4c8867f4b7a2afc04d1d4c74533a9bd7edca8e0e583ce845f3885da59df00fa2"", ""snapshot_kind"": ""original_dou_pdf_preserved_by_third_party_rendered_reviewed"", ""snapshot_path"": ""research/refinement_v5/worker_2_temer_end/sources/dou20190101.pdf"", ""source_locator"": ""https://static.poder360.com.br/2019/01/Diario-Oficial-1jan2019.pdf""}"
evidence_snapshot_links.csv,V5W2E003|research/refinement_v5/worker_2_temer_end/sources/web_012.json|https://www.planalto.gov.br/ccivil_03/_ato2015-2018/2016/decreto/d8851.htm|retained_official_statutory_source_text,added,evidence_id;snapshot_path;source_locator;snapshot_kind;sha256,null,"{""evidence_id"": ""V5W2E003"", ""sha256"": ""1e64455a62b42b66dae679623ec97c52f0389598dfec141ea6ea0b38e46f704d"", ""snapshot_kind"": ""retained_official_statutory_source_text"", ""snapshot_path"": ""research/refinement_v5/worker_2_temer_end/sources/web_012.json"", ""source_locator"": ""https://www.planalto.gov.br/ccivil_03/_ato2015-2018/2016/decreto/d8851.htm""}"
evidence_snapshot_links.csv,V5W3E001|research/refinement_v5/worker_3_bolsonaro_2020/sources/TSE_NEW_LOCALITIES_SUMMARY.json|https://filia2-consulta.tse.jus.br/filia-consulta/rest/v1/relacao-filiados|derived_completeness_summary,added,evidence_id;snapshot_path;source_locator;snapshot_kind;sha256,null,"{""evidence_id"": ""V5W3E001"", ""sha256"": ""d375316c7e6a6bff17c44ecec32efb63ab73a19c74a442cabb2ebbc26537e6f3"", ""snapshot_kind"": ""derived_completeness_summary"", ""snapshot_path"": ""research/refinement_v5/worker_3_bolsonaro_2020/sources/TSE_NEW_LOCALITIES_SUMMARY.json"", ""source_locator"": ""https://filia2-consulta.tse.jus.br/filia-consulta/rest/v1/relacao-filiados""}"
evidence_snapshot_links.csv,V5W3E001|research/refinement_v5/worker_3_bolsonaro_2020/sources/tse_pontel_all_new_localities.json|https://filia2-consulta.tse.jus.br/filia-consulta/rest/v1/relacao-filiados|scoped_public_api_results_unrelated_person_rows_discarded,added,evidence_id;snapshot_path;source_locator;snapshot_kind;sha256,null,"{""evidence_id"": ""V5W3E001"", ""sha256"": ""0913cf791b80cd22e480d88474c711907c55dbb8263fe6710366c6262c02360a"", ""snapshot_kind"": ""scoped_public_api_results_unrelated_person_rows_discarded"", ""snapshot_path"": ""research/refinement_v5/worker_3_bolsonaro_2020/sources/tse_pontel_all_new_localities.json"", ""source_locator"": ""https://filia2-consulta.tse.jus.br/filia-consulta/rest/v1/relacao-filiados""}"
evidence_snapshot_links.csv,V5W3E002|research/refinement_v5/worker_3_bolsonaro_2020/sources/renato_caixa_eligibility_20220314_retrieval.json|https://api.mziq.com/mzfilemanager/v2/d/3972906b-e50b-4f74-ab74-4d0d32125d11/4b015055-675f-db8a-8597-81266eb9317a?origin=1|original_source_retrieval_metadata_and_hash,added,evidence_id;snapshot_path;source_locator;snapshot_kind;sha256,null,"{""evidence_id"": ""V5W3E002"", ""sha256"": ""39f5274461921b06f351d16b282c8f8fedba631d42d008bc2f2becf19306b523"", ""snapshot_kind"": ""original_source_retrieval_metadata_and_hash"", ""snapshot_path"": ""research/refinement_v5/worker_3_bolsonaro_2020/sources/renato_caixa_eligibility_20220314_retrieval.json"", ""source_locator"": ""https://api.mziq.com/mzfilemanager/v2/d/3972906b-e50b-4f74-ab74-4d0d32125d11/4b015055-675f-db8a-8597-81266eb9317a?origin=1""}"
evidence_snapshot_links.csv,V5W3E002|research/refinement_v5/worker_3_bolsonaro_2020/sources/renato_caixa_eligibility_scoped.txt|https://api.mziq.com/mzfilemanager/v2/d/3972906b-e50b-4f74-ab74-4d0d32125d11/4b015055-675f-db8a-8597-81266eb9317a?origin=1|scoped_original_pdf_excerpt_identifier_redacted,added,evidence_id;snapshot_path;source_locator;snapshot_kind;sha256,null,"{""evidence_id"": ""V5W3E002"", ""sha256"": ""0eb72fa7419bc762a3f62003635aa42bcc7a2e7621b23c2f59572b97ec2831d4"", ""snapshot_kind"": ""scoped_original_pdf_excerpt_identifier_redacted"", ""snapshot_path"": ""research/refinement_v5/worker_3_bolsonaro_2020/sources/renato_caixa_eligibility_scoped.txt"", ""source_locator"": ""https://api.mziq.com/mzfilemanager/v2/d/3972906b-e50b-4f74-ab74-4d0d32125d11/4b015055-675f-db8a-8597-81266eb9317a?origin=1""}"
evidence_snapshot_links.csv,V5W3E003|research/refinement_v5/worker_3_bolsonaro_2020/sources/adpf_2021_scoped.json|https://web.adpf.org.br/noticia/adpf/eleicoes-2021-diretorias-regionais-da-adpf-sao-empossadas/|scoped_original_html_target_context_with_response_hash,added,evidence_id;snapshot_path;source_locator;snapshot_kind;sha256,null,"{""evidence_id"": ""V5W3E003"", ""sha256"": ""336e08ecf68b8c25c7c1573c24f75a63bd5fa03bc38d5e204f4ab86e1ce5a4d1"", ""snapshot_kind"": ""scoped_original_html_target_context_with_response_hash"", ""snapshot_path"": ""research/refinement_v5/worker_3_bolsonaro_2020/sources/adpf_2021_scoped.json"", ""source_locator"": ""https://web.adpf.org.br/noticia/adpf/eleicoes-2021-diretorias-regionais-da-adpf-sao-empossadas/""}"
evidence_snapshot_links.csv,V5W4E001|research/refinement_v5/worker_4_bolsonaro_2021/sources/cmb_2021_links.json|https://www.casadamoeda.gov.br/arquivos/lai/atas-do-comite-de-elegibilidade/57a-ata-de-reuniao-comite-de-elegibilidade-16-04-2021.pdf|retrieved_original_index_extract,added,evidence_id;snapshot_path;source_locator;snapshot_kind;sha256,null,"{""evidence_id"": ""V5W4E001"", ""sha256"": ""df90ecf9daf0597e83d8876a2848146daa4aa62352f44b7e3b6dee56dd27e379"", ""snapshot_kind"": ""retrieved_original_index_extract"", ""snapshot_path"": ""research/refinement_v5/worker_4_bolsonaro_2021/sources/cmb_2021_links.json"", ""source_locator"": ""https://www.casadamoeda.gov.br/arquivos/lai/atas-do-comite-de-elegibilidade/57a-ata-de-reuniao-comite-de-elegibilidade-16-04-2021.pdf""}"
evidence_snapshot_links.csv,V5W4E001|research/refinement_v5/worker_4_bolsonaro_2021/sources/cmb_57.pdf|https://www.casadamoeda.gov.br/arquivos/lai/atas-do-comite-de-elegibilidade/57a-ata-de-reuniao-comite-de-elegibilidade-16-04-2021.pdf|retrieved_original_pdf,added,evidence_id;snapshot_path;source_locator;snapshot_kind;sha256,null,"{""evidence_id"": ""V5W4E001"", ""sha256"": ""9d66964d30ad1507153b9002e0aa3156d144b244c1a7991a359f371c6b5c9879"", ""snapshot_kind"": ""retrieved_original_pdf"", ""snapshot_path"": ""research/refinement_v5/worker_4_bolsonaro_2021/sources/cmb_57.pdf"", ""source_locator"": ""https://www.casadamoeda.gov.br/arquivos/lai/atas-do-comite-de-elegibilidade/57a-ata-de-reuniao-comite-de-elegibilidade-16-04-2021.pdf""}"
evidence_snapshot_links.csv,V5W4E001|research/refinement_v5/worker_4_bolsonaro_2021/sources/cmb_57.txt|https://www.casadamoeda.gov.br/arquivos/lai/atas-do-comite-de-elegibilidade/57a-ata-de-reuniao-comite-de-elegibilidade-16-04-2021.pdf|retrieved_original_text_extraction,added,evidence_id;snapshot_path;source_locator;snapshot_kind;sha256,null,"{""evidence_id"": ""V5W4E001"", ""sha256"": ""ea7a859734ec65c38d205c833ab56a538098370df13f46eff9d0e383f41d6f89"", ""snapshot_kind"": ""retrieved_original_text_extraction"", ""snapshot_path"": ""research/refinement_v5/worker_4_bolsonaro_2021/sources/cmb_57.txt"", ""source_locator"": ""https://www.casadamoeda.gov.br/arquivos/lai/atas-do-comite-de-elegibilidade/57a-ata-de-reuniao-comite-de-elegibilidade-16-04-2021.pdf""}"
evidence_snapshot_links.csv,V5W4E002|research/refinement_v5/worker_4_bolsonaro_2021/sources/brandelli_registry_summary.json|https://legis.senado.leg.br/sdleg-getter/documento?dm=8953346;https://legis.senado.leg.br/sdleg-getter/documento?dm=8986660;https://filia2-consulta.tse.jus.br/filia-consulta/rest/v1/relacao-filiados|scoped_public_registry_summary,added,evidence_id;snapshot_path;source_locator;snapshot_kind;sha256,null,"{""evidence_id"": ""V5W4E002"", ""sha256"": ""443c69a1ba54df3cd088e21913d5ea44430b99aef5dd84f71dd6a3493d440b79"", ""snapshot_kind"": ""scoped_public_registry_summary"", ""snapshot_path"": ""research/refinement_v5/worker_4_bolsonaro_2021/sources/brandelli_registry_summary.json"", ""source_locator"": ""https://legis.senado.leg.br/sdleg-getter/documento?dm=8953346;https://legis.senado.leg.br/sdleg-getter/documento?dm=8986660;https://filia2-consulta.tse.jus.br/filia-consulta/rest/v1/relacao-filiados""}"
evidence_snapshot_links.csv,V5W4E002|research/refinement_v5/worker_4_bolsonaro_2021/sources/brandelli_senate_8953346.pdf|https://legis.senado.leg.br/sdleg-getter/documento?dm=8953346;https://legis.senado.leg.br/sdleg-getter/documento?dm=8986660;https://filia2-consulta.tse.jus.br/filia-consulta/rest/v1/relacao-filiados|retrieved_original_pdf,added,evidence_id;snapshot_path;source_locator;snapshot_kind;sha256,null,"{""evidence_id"": ""V5W4E002"", ""sha256"": ""f036520c1cf7b3457f49ac2c4dbba26ec4a962ea0730346a4e294f969b8793ff"", ""snapshot_kind"": ""retrieved_original_pdf"", ""snapshot_path"": ""research/refinement_v5/worker_4_bolsonaro_2021/sources/brandelli_senate_8953346.pdf"", ""source_locator"": ""https://legis.senado.leg.br/sdleg-getter/documento?dm=8953346;https://legis.senado.leg.br/sdleg-getter/documento?dm=8986660;https://filia2-consulta.tse.jus.br/filia-consulta/rest/v1/relacao-filiados""}"
evidence_snapshot_links.csv,V5W4E002|research/refinement_v5/worker_4_bolsonaro_2021/sources/brandelli_senate_8953346.txt|https://legis.senado.leg.br/sdleg-getter/documento?dm=8953346;https://legis.senado.leg.br/sdleg-getter/documento?dm=8986660;https://filia2-consulta.tse.jus.br/filia-consulta/rest/v1/relacao-filiados|retrieved_original_text_extraction,added,evidence_id;snapshot_path;source_locator;snapshot_kind;sha256,null,"{""evidence_id"": ""V5W4E002"", ""sha256"": ""1f21320062c7cb746ce8ec861979bab0a85a2bf5ec6b45493e75908b0b9225b1"", ""snapshot_kind"": ""retrieved_original_text_extraction"", ""snapshot_path"": ""research/refinement_v5/worker_4_bolsonaro_2021/sources/brandelli_senate_8953346.txt"", ""source_locator"": ""https://legis.senado.leg.br/sdleg-getter/documento?dm=8953346;https://legis.senado.leg.br/sdleg-getter/documento?dm=8986660;https://filia2-consulta.tse.jus.br/filia-consulta/rest/v1/relacao-filiados""}"
evidence_snapshot_links.csv,V5W4E002|research/refinement_v5/worker_4_bolsonaro_2021/sources/brandelli_senate_8986660.pdf|https://legis.senado.leg.br/sdleg-getter/documento?dm=8953346;https://legis.senado.leg.br/sdleg-getter/documento?dm=8986660;https://filia2-consulta.tse.jus.br/filia-consulta/rest/v1/relacao-filiados|retrieved_original_pdf,added,evidence_id;snapshot_path;source_locator;snapshot_kind;sha256,null,"{""evidence_id"": ""V5W4E002"", ""sha256"": ""9b7277f077d9c430b912ccb58b3574d18521d335355979e8dfdfd71dfd192daf"", ""snapshot_kind"": ""retrieved_original_pdf"", ""snapshot_path"": ""research/refinement_v5/worker_4_bolsonaro_2021/sources/brandelli_senate_8986660.pdf"", ""source_locator"": ""https://legis.senado.leg.br/sdleg-getter/documento?dm=8953346;https://legis.senado.leg.br/sdleg-getter/documento?dm=8986660;https://filia2-consulta.tse.jus.br/filia-consulta/rest/v1/relacao-filiados""}"
evidence_snapshot_links.csv,V5W4E002|research/refinement_v5/worker_4_bolsonaro_2021/sources/tse_RS_182.json|https://legis.senado.leg.br/sdleg-getter/documento?dm=8953346;https://legis.senado.leg.br/sdleg-getter/documento?dm=8986660;https://filia2-consulta.tse.jus.br/filia-consulta/rest/v1/relacao-filiados|scoped_public_registry_response_log,added,evidence_id;snapshot_path;source_locator;snapshot_kind;sha256,null,"{""evidence_id"": ""V5W4E002"", ""sha256"": ""c41dc088a104ae108ff4dc451bd4b136223edfa5b7d0481f25b5e70cd4f83f8b"", ""snapshot_kind"": ""scoped_public_registry_response_log"", ""snapshot_path"": ""research/refinement_v5/worker_4_bolsonaro_2021/sources/tse_RS_182.json"", ""source_locator"": ""https://legis.senado.leg.br/sdleg-getter/documento?dm=8953346;https://legis.senado.leg.br/sdleg-getter/documento?dm=8986660;https://filia2-consulta.tse.jus.br/filia-consulta/rest/v1/relacao-filiados""}"
evidence_snapshot_links.csv,V5W4E002|research/refinement_v5/worker_4_bolsonaro_2021/sources/tse_RS_183.json|https://legis.senado.leg.br/sdleg-getter/documento?dm=8953346;https://legis.senado.leg.br/sdleg-getter/documento?dm=8986660;https://filia2-consulta.tse.jus.br/filia-consulta/rest/v1/relacao-filiados|scoped_public_registry_response_log,added,evidence_id;snapshot_path;source_locator;snapshot_kind;sha256,null,"{""evidence_id"": ""V5W4E002"", ""sha256"": ""d7a59df92c3da6b26d7c7dc2c55b5e36bb857b503593ceaf9a882e3890f9a2f2"", ""snapshot_kind"": ""scoped_public_registry_response_log"", ""snapshot_path"": ""research/refinement_v5/worker_4_bolsonaro_2021/sources/tse_RS_183.json"", ""source_locator"": ""https://legis.senado.leg.br/sdleg-getter/documento?dm=8953346;https://legis.senado.leg.br/sdleg-getter/documento?dm=8986660;https://filia2-consulta.tse.jus.br/filia-consulta/rest/v1/relacao-filiados""}"
evidence_snapshot_links.csv,V5W4E002|research/refinement_v5/worker_4_bolsonaro_2021/sources/tse_RS_36.json|https://legis.senado.leg.br/sdleg-getter/documento?dm=8953346;https://legis.senado.leg.br/sdleg-getter/documento?dm=8986660;https://filia2-consulta.tse.jus.br/filia-consulta/rest/v1/relacao-filiados|scoped_public_registry_response_log,added,evidence_id;snapshot_path;source_locator;snapshot_kind;sha256,null,"{""evidence_id"": ""V5W4E002"", ""sha256"": ""cd32d87fba8ac1bf0a411a3acc12173d081bb24d20662b6e534f8923002ba4a2"", ""snapshot_kind"": ""scoped_public_registry_response_log"", ""snapshot_path"": ""research/refinement_v5/worker_4_bolsonaro_2021/sources/tse_RS_36.json"", ""source_locator"": ""https://legis.senado.leg.br/sdleg-getter/documento?dm=8953346;https://legis.senado.leg.br/sdleg-getter/documento?dm=8986660;https://filia2-consulta.tse.jus.br/filia-consulta/rest/v1/relacao-filiados""}"
evidence_snapshot_links.csv,V5W4E002|research/refinement_v5/worker_4_bolsonaro_2021/sources/tse_RS_37.json|https://legis.senado.leg.br/sdleg-getter/documento?dm=8953346;https://legis.senado.leg.br/sdleg-getter/documento?dm=8986660;https://filia2-consulta.tse.jus.br/filia-consulta/rest/v1/relacao-filiados|scoped_public_registry_response_log,added,evidence_id;snapshot_path;source_locator;snapshot_kind;sha256,null,"{""evidence_id"": ""V5W4E002"", ""sha256"": ""283d12700c7c516c41c50e1acbadd1a921ce54448ea6ec68a13c55813910974b"", ""snapshot_kind"": ""scoped_public_registry_response_log"", ""snapshot_path"": ""research/refinement_v5/worker_4_bolsonaro_2021/sources/tse_RS_37.json"", ""source_locator"": ""https://legis.senado.leg.br/sdleg-getter/documento?dm=8953346;https://legis.senado.leg.br/sdleg-getter/documento?dm=8986660;https://filia2-consulta.tse.jus.br/filia-consulta/rest/v1/relacao-filiados""}"
evidence_snapshot_links.csv,V5W4E002|research/refinement_v5/worker_4_bolsonaro_2021/sources/tse_RS_38.json|https://legis.senado.leg.br/sdleg-getter/documento?dm=8953346;https://legis.senado.leg.br/sdleg-getter/documento?dm=8986660;https://filia2-consulta.tse.jus.br/filia-consulta/rest/v1/relacao-filiados|scoped_public_registry_response_log,added,evidence_id;snapshot_path;source_locator;snapshot_kind;sha256,null,"{""evidence_id"": ""V5W4E002"", ""sha256"": ""c4da9c5ef761dc6513f89383b386f16450e7d55ff3476860564053090555e335"", ""snapshot_kind"": ""scoped_public_registry_response_log"", ""snapshot_path"": ""research/refinement_v5/worker_4_bolsonaro_2021/sources/tse_RS_38.json"", ""source_locator"": ""https://legis.senado.leg.br/sdleg-getter/documento?dm=8953346;https://legis.senado.leg.br/sdleg-getter/documento?dm=8986660;https://filia2-consulta.tse.jus.br/filia-consulta/rest/v1/relacao-filiados""}"
evidence_snapshot_links.csv,V5W4E002|research/refinement_v5/worker_4_bolsonaro_2021/sources/tse_RS_39.json|https://legis.senado.leg.br/sdleg-getter/documento?dm=8953346;https://legis.senado.leg.br/sdleg-getter/documento?dm=8986660;https://filia2-consulta.tse.jus.br/filia-consulta/rest/v1/relacao-filiados|scoped_public_registry_response_log,added,evidence_id;snapshot_path;source_locator;snapshot_kind;sha256,null,"{""evidence_id"": ""V5W4E002"", ""sha256"": ""4ac79cc4c3368cc493ba86108b44b2ef753997bc52e58fd5deb805eb03543858"", ""snapshot_kind"": ""scoped_public_registry_response_log"", ""snapshot_path"": ""research/refinement_v5/worker_4_bolsonaro_2021/sources/tse_RS_39.json"", ""source_locator"": ""https://legis.senado.leg.br/sdleg-getter/documento?dm=8953346;https://legis.senado.leg.br/sdleg-getter/documento?dm=8986660;https://filia2-consulta.tse.jus.br/filia-consulta/rest/v1/relacao-filiados""}"
evidence_snapshot_links.csv,V5W4E002|research/refinement_v5/worker_4_bolsonaro_2021/sources/tse_RS_40.json|https://legis.senado.leg.br/sdleg-getter/documento?dm=8953346;https://legis.senado.leg.br/sdleg-getter/documento?dm=8986660;https://filia2-consulta.tse.jus.br/filia-consulta/rest/v1/relacao-filiados|scoped_public_registry_response_log,added,evidence_id;snapshot_path;source_locator;snapshot_kind;sha256,null,"{""evidence_id"": ""V5W4E002"", ""sha256"": ""6880160c032ea45129fe3bea27f15a6b6c016124bb0f8502e3c220a0ef20b33d"", ""snapshot_kind"": ""scoped_public_registry_response_log"", ""snapshot_path"": ""research/refinement_v5/worker_4_bolsonaro_2021/sources/tse_RS_40.json"", ""source_locator"": ""https://legis.senado.leg.br/sdleg-getter/documento?dm=8953346;https://legis.senado.leg.br/sdleg-getter/documento?dm=8986660;https://filia2-consulta.tse.jus.br/filia-consulta/rest/v1/relacao-filiados""}"
evidence_snapshot_links.csv,V5W4E002|research/refinement_v5/worker_4_bolsonaro_2021/sources/tse_RS_41.json|https://legis.senado.leg.br/sdleg-getter/documento?dm=8953346;https://legis.senado.leg.br/sdleg-getter/documento?dm=8986660;https://filia2-consulta.tse.jus.br/filia-consulta/rest/v1/relacao-filiados|scoped_public_registry_response_log,added,evidence_id;snapshot_path;source_locator;snapshot_kind;sha256,null,"{""evidence_id"": ""V5W4E002"", ""sha256"": ""ed1384be44ae99f9d4ba7becec4b30e6dcbc70d34e3b0a599697f41a257d1c0b"", ""snapshot_kind"": ""scoped_public_registry_response_log"", ""snapshot_path"": ""research/refinement_v5/worker_4_bolsonaro_2021/sources/tse_RS_41.json"", ""source_locator"": ""https://legis.senado.leg.br/sdleg-getter/documento?dm=8953346;https://legis.senado.leg.br/sdleg-getter/documento?dm=8986660;https://filia2-consulta.tse.jus.br/filia-consulta/rest/v1/relacao-filiados""}"
evidence_snapshot_links.csv,V5W4E002|research/refinement_v5/worker_4_bolsonaro_2021/sources/tse_RS_42.json|https://legis.senado.leg.br/sdleg-getter/documento?dm=8953346;https://legis.senado.leg.br/sdleg-getter/documento?dm=8986660;https://filia2-consulta.tse.jus.br/filia-consulta/rest/v1/relacao-filiados|scoped_public_registry_response_log,added,evidence_id;snapshot_path;source_locator;snapshot_kind;sha256,null,"{""evidence_id"": ""V5W4E002"", ""sha256"": ""211903a3897f341d6e20bd02d14177515f30992db189306bea992e2408135a13"", ""snapshot_kind"": ""scoped_public_registry_response_log"", ""snapshot_path"": ""research/refinement_v5/worker_4_bolsonaro_2021/sources/tse_RS_42.json"", ""source_locator"": ""https://legis.senado.leg.br/sdleg-getter/documento?dm=8953346;https://legis.senado.leg.br/sdleg-getter/documento?dm=8986660;https://filia2-consulta.tse.jus.br/filia-consulta/rest/v1/relacao-filiados""}"
evidence_snapshot_links.csv,V5W4E002|research/refinement_v5/worker_4_bolsonaro_2021/sources/tse_RS_43.json|https://legis.senado.leg.br/sdleg-getter/documento?dm=8953346;https://legis.senado.leg.br/sdleg-getter/documento?dm=8986660;https://filia2-consulta.tse.jus.br/filia-consulta/rest/v1/relacao-filiados|scoped_public_registry_response_log,added,evidence_id;snapshot_path;source_locator;snapshot_kind;sha256,null,"{""evidence_id"": ""V5W4E002"", ""sha256"": ""7a170b86c469b8389da97bf143387664375734266489479590d2d00737b1dcd1"", ""snapshot_kind"": ""scoped_public_registry_response_log"", ""snapshot_path"": ""research/refinement_v5/worker_4_bolsonaro_2021/sources/tse_RS_43.json"", ""source_locator"": ""https://legis.senado.leg.br/sdleg-getter/documento?dm=8953346;https://legis.senado.leg.br/sdleg-getter/documento?dm=8986660;https://filia2-consulta.tse.jus.br/filia-consulta/rest/v1/relacao-filiados""}"
evidence_snapshot_links.csv,V5W4E002|research/refinement_v5/worker_4_bolsonaro_2021/sources/tse_RS_44.json|https://legis.senado.leg.br/sdleg-getter/documento?dm=8953346;https://legis.senado.leg.br/sdleg-getter/documento?dm=8986660;https://filia2-consulta.tse.jus.br/filia-consulta/rest/v1/relacao-filiados|scoped_public_registry_response_log,added,evidence_id;snapshot_path;source_locator;snapshot_kind;sha256,null,"{""evidence_id"": ""V5W4E002"", ""sha256"": ""81d9a55c917748bb8cc844cfd92f14f7a00b9d3d36f8a91df1169de2a3b6d73e"", ""snapshot_kind"": ""scoped_public_registry_response_log"", ""snapshot_path"": ""research/refinement_v5/worker_4_bolsonaro_2021/sources/tse_RS_44.json"", ""source_locator"": ""https://legis.senado.leg.br/sdleg-getter/documento?dm=8953346;https://legis.senado.leg.br/sdleg-getter/documento?dm=8986660;https://filia2-consulta.tse.jus.br/filia-consulta/rest/v1/relacao-filiados""}"
evidence_snapshot_links.csv,V5W4E002|research/refinement_v5/worker_4_bolsonaro_2021/sources/tse_RS_45.json|https://legis.senado.leg.br/sdleg-getter/documento?dm=8953346;https://legis.senado.leg.br/sdleg-getter/documento?dm=8986660;https://filia2-consulta.tse.jus.br/filia-consulta/rest/v1/relacao-filiados|scoped_public_registry_response_log,added,evidence_id;snapshot_path;source_locator;snapshot_kind;sha256,null,"{""evidence_id"": ""V5W4E002"", ""sha256"": ""c479e750a733e12d494fb2ff5cd298ff46856f2c02fca799bebe37dfe7ee6da6"", ""snapshot_kind"": ""scoped_public_registry_response_log"", ""snapshot_path"": ""research/refinement_v5/worker_4_bolsonaro_2021/sources/tse_RS_45.json"", ""source_locator"": ""https://legis.senado.leg.br/sdleg-getter/documento?dm=8953346;https://legis.senado.leg.br/sdleg-getter/documento?dm=8986660;https://filia2-consulta.tse.jus.br/filia-consulta/rest/v1/relacao-filiados""}"
evidence_snapshot_links.csv,V5W4E002|research/refinement_v5/worker_4_bolsonaro_2021/sources/tse_RS_46.json|https://legis.senado.leg.br/sdleg-getter/documento?dm=8953346;https://legis.senado.leg.br/sdleg-getter/documento?dm=8986660;https://filia2-consulta.tse.jus.br/filia-consulta/rest/v1/relacao-filiados|scoped_public_registry_response_log,added,evidence_id;snapshot_path;source_locator;snapshot_kind;sha256,null,"{""evidence_id"": ""V5W4E002"", ""sha256"": ""030c01a9d464f308d2edb5529f1493c06dcf3602e02371b9280efeaf2aa98983"", ""snapshot_kind"": ""scoped_public_registry_response_log"", ""snapshot_path"": ""research/refinement_v5/worker_4_bolsonaro_2021/sources/tse_RS_46.json"", ""source_locator"": ""https://legis.senado.leg.br/sdleg-getter/documento?dm=8953346;https://legis.senado.leg.br/sdleg-getter/documento?dm=8986660;https://filia2-consulta.tse.jus.br/filia-consulta/rest/v1/relacao-filiados""}"
evidence_snapshot_links.csv,V5W4E002|research/refinement_v5/worker_4_bolsonaro_2021/sources/tse_RS_47.json|https://legis.senado.leg.br/sdleg-getter/documento?dm=8953346;https://legis.senado.leg.br/sdleg-getter/documento?dm=8986660;https://filia2-consulta.tse.jus.br/filia-consulta/rest/v1/relacao-filiados|scoped_public_registry_response_log,added,evidence_id;snapshot_path;source_locator;snapshot_kind;sha256,null,"{""evidence_id"": ""V5W4E002"", ""sha256"": ""d33dc16b34b67f9bf3d77f9dd42b41d0445ddaa86524fdd8b728ccd5e2cb5cc0"", ""snapshot_kind"": ""scoped_public_registry_response_log"", ""snapshot_path"": ""research/refinement_v5/worker_4_bolsonaro_2021/sources/tse_RS_47.json"", ""source_locator"": ""https://legis.senado.leg.br/sdleg-getter/documento?dm=8953346;https://legis.senado.leg.br/sdleg-getter/documento?dm=8986660;https://filia2-consulta.tse.jus.br/filia-consulta/rest/v1/relacao-filiados""}"
evidence_snapshot_links.csv,V5W4E002|research/refinement_v5/worker_4_bolsonaro_2021/sources/tse_RS_48.json|https://legis.senado.leg.br/sdleg-getter/documento?dm=8953346;https://legis.senado.leg.br/sdleg-getter/documento?dm=8986660;https://filia2-consulta.tse.jus.br/filia-consulta/rest/v1/relacao-filiados|scoped_public_registry_response_log,added,evidence_id;snapshot_path;source_locator;snapshot_kind;sha256,null,"{""evidence_id"": ""V5W4E002"", ""sha256"": ""39862c781b65a5dfdb7d19e68871bcee25cd5574be0a0eeb716b5168de454b6b"", ""snapshot_kind"": ""scoped_public_registry_response_log"", ""snapshot_path"": ""research/refinement_v5/worker_4_bolsonaro_2021/sources/tse_RS_48.json"", ""source_locator"": ""https://legis.senado.leg.br/sdleg-getter/documento?dm=8953346;https://legis.senado.leg.br/sdleg-getter/documento?dm=8986660;https://filia2-consulta.tse.jus.br/filia-consulta/rest/v1/relacao-filiados""}"
evidence_snapshot_links.csv,V5W4E002|research/refinement_v5/worker_4_bolsonaro_2021/sources/tse_RS_49.json|https://legis.senado.leg.br/sdleg-getter/documento?dm=8953346;https://legis.senado.leg.br/sdleg-getter/documento?dm=8986660;https://filia2-consulta.tse.jus.br/filia-consulta/rest/v1/relacao-filiados|scoped_public_registry_response_log,added,evidence_id;snapshot_path;source_locator;snapshot_kind;sha256,null,"{""evidence_id"": ""V5W4E002"", ""sha256"": ""97854fcf8825696d7a177cb1ac7c6dc1d987169129f6b0dffcfb98770801460c"", ""snapshot_kind"": ""scoped_public_registry_response_log"", ""snapshot_path"": ""research/refinement_v5/worker_4_bolsonaro_2021/sources/tse_RS_49.json"", ""source_locator"": ""https://legis.senado.leg.br/sdleg-getter/documento?dm=8953346;https://legis.senado.leg.br/sdleg-getter/documento?dm=8986660;https://filia2-consulta.tse.jus.br/filia-consulta/rest/v1/relacao-filiados""}"
evidence_snapshot_links.csv,V5W4E002|research/refinement_v5/worker_4_bolsonaro_2021/sources/tse_RS_50.json|https://legis.senado.leg.br/sdleg-getter/documento?dm=8953346;https://legis.senado.leg.br/sdleg-getter/documento?dm=8986660;https://filia2-consulta.tse.jus.br/filia-consulta/rest/v1/relacao-filiados|scoped_public_registry_response_log,added,evidence_id;snapshot_path;source_locator;snapshot_kind;sha256,null,"{""evidence_id"": ""V5W4E002"", ""sha256"": ""c70c09b62a8df35c90e851e7d2f39bd94e30ec4174b6d9919532697b974be22b"", ""snapshot_kind"": ""scoped_public_registry_response_log"", ""snapshot_path"": ""research/refinement_v5/worker_4_bolsonaro_2021/sources/tse_RS_50.json"", ""source_locator"": ""https://legis.senado.leg.br/sdleg-getter/documento?dm=8953346;https://legis.senado.leg.br/sdleg-getter/documento?dm=8986660;https://filia2-consulta.tse.jus.br/filia-consulta/rest/v1/relacao-filiados""}"
evidence_snapshot_links.csv,V5W4E002|research/refinement_v5/worker_4_bolsonaro_2021/sources/tse_RS_51.json|https://legis.senado.leg.br/sdleg-getter/documento?dm=8953346;https://legis.senado.leg.br/sdleg-getter/documento?dm=8986660;https://filia2-consulta.tse.jus.br/filia-consulta/rest/v1/relacao-filiados|scoped_public_registry_response_log,added,evidence_id;snapshot_path;source_locator;snapshot_kind;sha256,null,"{""evidence_id"": ""V5W4E002"", ""sha256"": ""6543be1e990d3de75a9d711b1367f9aa0d31382ecdf5b403e8bed153d0d7f58f"", ""snapshot_kind"": ""scoped_public_registry_response_log"", ""snapshot_path"": ""research/refinement_v5/worker_4_bolsonaro_2021/sources/tse_RS_51.json"", ""source_locator"": ""https://legis.senado.leg.br/sdleg-getter/documento?dm=8953346;https://legis.senado.leg.br/sdleg-getter/documento?dm=8986660;https://filia2-consulta.tse.jus.br/filia-consulta/rest/v1/relacao-filiados""}"
evidence_snapshot_links.csv,V5W4E002|research/refinement_v5/worker_4_bolsonaro_2021/sources/tse_RS_52.json|https://legis.senado.leg.br/sdleg-getter/documento?dm=8953346;https://legis.senado.leg.br/sdleg-getter/documento?dm=8986660;https://filia2-consulta.tse.jus.br/filia-consulta/rest/v1/relacao-filiados|scoped_public_registry_response_log,added,evidence_id;snapshot_path;source_locator;snapshot_kind;sha256,null,"{""evidence_id"": ""V5W4E002"", ""sha256"": ""b86d13237de13163f38f8904971b1ebc8760855f0ac6ce02f3473259cb4eff08"", ""snapshot_kind"": ""scoped_public_registry_response_log"", ""snapshot_path"": ""research/refinement_v5/worker_4_bolsonaro_2021/sources/tse_RS_52.json"", ""source_locator"": ""https://legis.senado.leg.br/sdleg-getter/documento?dm=8953346;https://legis.senado.leg.br/sdleg-getter/documento?dm=8986660;https://filia2-consulta.tse.jus.br/filia-consulta/rest/v1/relacao-filiados""}"
evidence_snapshot_links.csv,V5W4E002|research/refinement_v5/worker_4_bolsonaro_2021/sources/tse_RS_53.json|https://legis.senado.leg.br/sdleg-getter/documento?dm=8953346;https://legis.senado.leg.br/sdleg-getter/documento?dm=8986660;https://filia2-consulta.tse.jus.br/filia-consulta/rest/v1/relacao-filiados|scoped_public_registry_response_log,added,evidence_id;snapshot_path;source_locator;snapshot_kind;sha256,null,"{""evidence_id"": ""V5W4E002"", ""sha256"": ""46c027eb823033817b6f6d80c878bfed5ffd3ef424d436444b549ce1242d0a4b"", ""snapshot_kind"": ""scoped_public_registry_response_log"", ""snapshot_path"": ""research/refinement_v5/worker_4_bolsonaro_2021/sources/tse_RS_53.json"", ""source_locator"": ""https://legis.senado.leg.br/sdleg-getter/documento?dm=8953346;https://legis.senado.leg.br/sdleg-getter/documento?dm=8986660;https://filia2-consulta.tse.jus.br/filia-consulta/rest/v1/relacao-filiados""}"
evidence_snapshot_links.csv,V5W4E002|research/refinement_v5/worker_4_bolsonaro_2021/sources/tse_RS_54.json|https://legis.senado.leg.br/sdleg-getter/documento?dm=8953346;https://legis.senado.leg.br/sdleg-getter/documento?dm=8986660;https://filia2-consulta.tse.jus.br/filia-consulta/rest/v1/relacao-filiados|scoped_public_registry_response_log,added,evidence_id;snapshot_path;source_locator;snapshot_kind;sha256,null,"{""evidence_id"": ""V5W4E002"", ""sha256"": ""b98f534deb4fefaee9c51d323d439e31c8f1baa9aab11952273c9079e2fef0fa"", ""snapshot_kind"": ""scoped_public_registry_response_log"", ""snapshot_path"": ""research/refinement_v5/worker_4_bolsonaro_2021/sources/tse_RS_54.json"", ""source_locator"": ""https://legis.senado.leg.br/sdleg-getter/documento?dm=8953346;https://legis.senado.leg.br/sdleg-getter/documento?dm=8986660;https://filia2-consulta.tse.jus.br/filia-consulta/rest/v1/relacao-filiados""}"
evidence_snapshot_links.csv,V5W4E002|research/refinement_v5/worker_4_bolsonaro_2021/sources/tse_RS_55.json|https://legis.senado.leg.br/sdleg-getter/documento?dm=8953346;https://legis.senado.leg.br/sdleg-getter/documento?dm=8986660;https://filia2-consulta.tse.jus.br/filia-consulta/rest/v1/relacao-filiados|scoped_public_registry_response_log,added,evidence_id;snapshot_path;source_locator;snapshot_kind;sha256,null,"{""evidence_id"": ""V5W4E002"", ""sha256"": ""cab6446c4d91b74d0f59937595c21586579bf146921586eb45e959f788fa8d98"", ""snapshot_kind"": ""scoped_public_registry_response_log"", ""snapshot_path"": ""research/refinement_v5/worker_4_bolsonaro_2021/sources/tse_RS_55.json"", ""source_locator"": ""https://legis.senado.leg.br/sdleg-getter/documento?dm=8953346;https://legis.senado.leg.br/sdleg-getter/documento?dm=8986660;https://filia2-consulta.tse.jus.br/filia-consulta/rest/v1/relacao-filiados""}"
evidence_snapshot_links.csv,V5W4E002|research/refinement_v5/worker_4_bolsonaro_2021/sources/tse_RS_56.json|https://legis.senado.leg.br/sdleg-getter/documento?dm=8953346;https://legis.senado.leg.br/sdleg-getter/documento?dm=8986660;https://filia2-consulta.tse.jus.br/filia-consulta/rest/v1/relacao-filiados|scoped_public_registry_response_log,added,evidence_id;snapshot_path;source_locator;snapshot_kind;sha256,null,"{""evidence_id"": ""V5W4E002"", ""sha256"": ""cae83117a9aa25872c8998860ca1ffe7dbbca36929791f41cb4fa121db60fcc4"", ""snapshot_kind"": ""scoped_public_registry_response_log"", ""snapshot_path"": ""research/refinement_v5/worker_4_bolsonaro_2021/sources/tse_RS_56.json"", ""source_locator"": ""https://legis.senado.leg.br/sdleg-getter/documento?dm=8953346;https://legis.senado.leg.br/sdleg-getter/documento?dm=8986660;https://filia2-consulta.tse.jus.br/filia-consulta/rest/v1/relacao-filiados""}"
evidence_snapshot_links.csv,V5W4E002|research/refinement_v5/worker_4_bolsonaro_2021/sources/tse_RS_57.json|https://legis.senado.leg.br/sdleg-getter/documento?dm=8953346;https://legis.senado.leg.br/sdleg-getter/documento?dm=8986660;https://filia2-consulta.tse.jus.br/filia-consulta/rest/v1/relacao-filiados|scoped_public_registry_response_log,added,evidence_id;snapshot_path;source_locator;snapshot_kind;sha256,null,"{""evidence_id"": ""V5W4E002"", ""sha256"": ""91209ab59025e8299dd9e845cf4220a6fd4525a87878c7da450d3d4622b8a855"", ""snapshot_kind"": ""scoped_public_registry_response_log"", ""snapshot_path"": ""research/refinement_v5/worker_4_bolsonaro_2021/sources/tse_RS_57.json"", ""source_locator"": ""https://legis.senado.leg.br/sdleg-getter/documento?dm=8953346;https://legis.senado.leg.br/sdleg-getter/documento?dm=8986660;https://filia2-consulta.tse.jus.br/filia-consulta/rest/v1/relacao-filiados""}"
evidence_snapshot_links.csv,V5W4E002|research/refinement_v5/worker_4_bolsonaro_2021/sources/tse_RS_58.json|https://legis.senado.leg.br/sdleg-getter/documento?dm=8953346;https://legis.senado.leg.br/sdleg-getter/documento?dm=8986660;https://filia2-consulta.tse.jus.br/filia-consulta/rest/v1/relacao-filiados|scoped_public_registry_response_log,added,evidence_id;snapshot_path;source_locator;snapshot_kind;sha256,null,"{""evidence_id"": ""V5W4E002"", ""sha256"": ""41c7e402f6abe545e894de2cfe889c164441ac7745f5fd5cf7362f1cca96730e"", ""snapshot_kind"": ""scoped_public_registry_response_log"", ""snapshot_path"": ""research/refinement_v5/worker_4_bolsonaro_2021/sources/tse_RS_58.json"", ""source_locator"": ""https://legis.senado.leg.br/sdleg-getter/documento?dm=8953346;https://legis.senado.leg.br/sdleg-getter/documento?dm=8986660;https://filia2-consulta.tse.jus.br/filia-consulta/rest/v1/relacao-filiados""}"
evidence_snapshot_links.csv,V5W4E002|research/refinement_v5/worker_4_bolsonaro_2021/sources/tse_RS_59.json|https://legis.senado.leg.br/sdleg-getter/documento?dm=8953346;https://legis.senado.leg.br/sdleg-getter/documento?dm=8986660;https://filia2-consulta.tse.jus.br/filia-consulta/rest/v1/relacao-filiados|scoped_public_registry_response_log,added,evidence_id;snapshot_path;source_locator;snapshot_kind;sha256,null,"{""evidence_id"": ""V5W4E002"", ""sha256"": ""57f6ac8d00950c2f8223e69cb460f38a8a275a6ebf6902dc443c7be9e9b481a3"", ""snapshot_kind"": ""scoped_public_registry_response_log"", ""snapshot_path"": ""research/refinement_v5/worker_4_bolsonaro_2021/sources/tse_RS_59.json"", ""source_locator"": ""https://legis.senado.leg.br/sdleg-getter/documento?dm=8953346;https://legis.senado.leg.br/sdleg-getter/documento?dm=8986660;https://filia2-consulta.tse.jus.br/filia-consulta/rest/v1/relacao-filiados""}"
evidence_snapshot_links.csv,V5W4E002|research/refinement_v5/worker_4_bolsonaro_2021/sources/tse_RS_60.json|https://legis.senado.leg.br/sdleg-getter/documento?dm=8953346;https://legis.senado.leg.br/sdleg-getter/documento?dm=8986660;https://filia2-consulta.tse.jus.br/filia-consulta/rest/v1/relacao-filiados|scoped_public_registry_response_log,added,evidence_id;snapshot_path;source_locator;snapshot_kind;sha256,null,"{""evidence_id"": ""V5W4E002"", ""sha256"": ""97604c54e16cf326e265c56bd947e6eb5029f085a386e58c46d23e19d96dc648"", ""snapshot_kind"": ""scoped_public_registry_response_log"", ""snapshot_path"": ""research/refinement_v5/worker_4_bolsonaro_2021/sources/tse_RS_60.json"", ""source_locator"": ""https://legis.senado.leg.br/sdleg-getter/documento?dm=8953346;https://legis.senado.leg.br/sdleg-getter/documento?dm=8986660;https://filia2-consulta.tse.jus.br/filia-consulta/rest/v1/relacao-filiados""}"
evidence_snapshot_links.csv,V5W4E002|research/refinement_v5/worker_4_bolsonaro_2021/sources/tse_RS_61.json|https://legis.senado.leg.br/sdleg-getter/documento?dm=8953346;https://legis.senado.leg.br/sdleg-getter/documento?dm=8986660;https://filia2-consulta.tse.jus.br/filia-consulta/rest/v1/relacao-filiados|scoped_public_registry_response_log,added,evidence_id;snapshot_path;source_locator;snapshot_kind;sha256,null,"{""evidence_id"": ""V5W4E002"", ""sha256"": ""efb052a61612edfffecca25ff3cc2b6bc3c6b4669279a849074c18d0f580134c"", ""snapshot_kind"": ""scoped_public_registry_response_log"", ""snapshot_path"": ""research/refinement_v5/worker_4_bolsonaro_2021/sources/tse_RS_61.json"", ""source_locator"": ""https://legis.senado.leg.br/sdleg-getter/documento?dm=8953346;https://legis.senado.leg.br/sdleg-getter/documento?dm=8986660;https://filia2-consulta.tse.jus.br/filia-consulta/rest/v1/relacao-filiados""}"
evidence_snapshot_links.csv,V5W4E002|research/refinement_v5/worker_4_bolsonaro_2021/sources/tse_RS_62.json|https://legis.senado.leg.br/sdleg-getter/documento?dm=8953346;https://legis.senado.leg.br/sdleg-getter/documento?dm=8986660;https://filia2-consulta.tse.jus.br/filia-consulta/rest/v1/relacao-filiados|scoped_public_registry_response_log,added,evidence_id;snapshot_path;source_locator;snapshot_kind;sha256,null,"{""evidence_id"": ""V5W4E002"", ""sha256"": ""f1f6b234724dcb29865c7e09dc3f4940c10deae88f66d9d3554ffbfb86684b4c"", ""snapshot_kind"": ""scoped_public_registry_response_log"", ""snapshot_path"": ""research/refinement_v5/worker_4_bolsonaro_2021/sources/tse_RS_62.json"", ""source_locator"": ""https://legis.senado.leg.br/sdleg-getter/documento?dm=8953346;https://legis.senado.leg.br/sdleg-getter/documento?dm=8986660;https://filia2-consulta.tse.jus.br/filia-consulta/rest/v1/relacao-filiados""}"
evidence_snapshot_links.csv,V5W4E002|research/refinement_v5/worker_4_bolsonaro_2021/sources/tse_RS_63.json|https://legis.senado.leg.br/sdleg-getter/documento?dm=8953346;https://legis.senado.leg.br/sdleg-getter/documento?dm=8986660;https://filia2-consulta.tse.jus.br/filia-consulta/rest/v1/relacao-filiados|scoped_public_registry_response_log,added,evidence_id;snapshot_path;source_locator;snapshot_kind;sha256,null,"{""evidence_id"": ""V5W4E002"", ""sha256"": ""94729c3894279819a3f7a718f6d1f3d925922cdd39766a2a8f2181ecfe7beec3"", ""snapshot_kind"": ""scoped_public_registry_response_log"", ""snapshot_path"": ""research/refinement_v5/worker_4_bolsonaro_2021/sources/tse_RS_63.json"", ""source_locator"": ""https://legis.senado.leg.br/sdleg-getter/documento?dm=8953346;https://legis.senado.leg.br/sdleg-getter/documento?dm=8986660;https://filia2-consulta.tse.jus.br/filia-consulta/rest/v1/relacao-filiados""}"
evidence_snapshot_links.csv,V5W4E002|research/refinement_v5/worker_4_bolsonaro_2021/sources/tse_RS_64.json|https://legis.senado.leg.br/sdleg-getter/documento?dm=8953346;https://legis.senado.leg.br/sdleg-getter/documento?dm=8986660;https://filia2-consulta.tse.jus.br/filia-consulta/rest/v1/relacao-filiados|scoped_public_registry_response_log,added,evidence_id;snapshot_path;source_locator;snapshot_kind;sha256,null,"{""evidence_id"": ""V5W4E002"", ""sha256"": ""ed400b54963d544415bef66a8679543e5c51df85392d0d2477b8ee8d08c4db08"", ""snapshot_kind"": ""scoped_public_registry_response_log"", ""snapshot_path"": ""research/refinement_v5/worker_4_bolsonaro_2021/sources/tse_RS_64.json"", ""source_locator"": ""https://legis.senado.leg.br/sdleg-getter/documento?dm=8953346;https://legis.senado.leg.br/sdleg-getter/documento?dm=8986660;https://filia2-consulta.tse.jus.br/filia-consulta/rest/v1/relacao-filiados""}"
evidence_snapshot_links.csv,V5W4E002|research/refinement_v5/worker_4_bolsonaro_2021/sources/tse_RS_65.json|https://legis.senado.leg.br/sdleg-getter/documento?dm=8953346;https://legis.senado.leg.br/sdleg-getter/documento?dm=8986660;https://filia2-consulta.tse.jus.br/filia-consulta/rest/v1/relacao-filiados|scoped_public_registry_response_log,added,evidence_id;snapshot_path;source_locator;snapshot_kind;sha256,null,"{""evidence_id"": ""V5W4E002"", ""sha256"": ""a5de222addf232aaa89642840808061f3dd3e1e48aded01c7423e3ed2394bc3d"", ""snapshot_kind"": ""scoped_public_registry_response_log"", ""snapshot_path"": ""research/refinement_v5/worker_4_bolsonaro_2021/sources/tse_RS_65.json"", ""source_locator"": ""https://legis.senado.leg.br/sdleg-getter/documento?dm=8953346;https://legis.senado.leg.br/sdleg-getter/documento?dm=8986660;https://filia2-consulta.tse.jus.br/filia-consulta/rest/v1/relacao-filiados""}"
evidence_snapshot_links.csv,V5W4E002|research/refinement_v5/worker_4_bolsonaro_2021/sources/tse_RS_66.json|https://legis.senado.leg.br/sdleg-getter/documento?dm=8953346;https://legis.senado.leg.br/sdleg-getter/documento?dm=8986660;https://filia2-consulta.tse.jus.br/filia-consulta/rest/v1/relacao-filiados|scoped_public_registry_response_log,added,evidence_id;snapshot_path;source_locator;snapshot_kind;sha256,null,"{""evidence_id"": ""V5W4E002"", ""sha256"": ""682de6d17e9daf0b3149f50542f669bf7da8390f99c70f96e140ab3f980f2804"", ""snapshot_kind"": ""scoped_public_registry_response_log"", ""snapshot_path"": ""research/refinement_v5/worker_4_bolsonaro_2021/sources/tse_RS_66.json"", ""source_locator"": ""https://legis.senado.leg.br/sdleg-getter/documento?dm=8953346;https://legis.senado.leg.br/sdleg-getter/documento?dm=8986660;https://filia2-consulta.tse.jus.br/filia-consulta/rest/v1/relacao-filiados""}"
evidence_snapshot_links.csv,V5W4E002|research/refinement_v5/worker_4_bolsonaro_2021/sources/tse_RS_67.json|https://legis.senado.leg.br/sdleg-getter/documento?dm=8953346;https://legis.senado.leg.br/sdleg-getter/documento?dm=8986660;https://filia2-consulta.tse.jus.br/filia-consulta/rest/v1/relacao-filiados|scoped_public_registry_response_log,added,evidence_id;snapshot_path;source_locator;snapshot_kind;sha256,null,"{""evidence_id"": ""V5W4E002"", ""sha256"": ""805227dd351b4e80f955f8c39c6470d2311912dd1c5c631f8e20f33551685112"", ""snapshot_kind"": ""scoped_public_registry_response_log"", ""snapshot_path"": ""research/refinement_v5/worker_4_bolsonaro_2021/sources/tse_RS_67.json"", ""source_locator"": ""https://legis.senado.leg.br/sdleg-getter/documento?dm=8953346;https://legis.senado.leg.br/sdleg-getter/documento?dm=8986660;https://filia2-consulta.tse.jus.br/filia-consulta/rest/v1/relacao-filiados""}"
evidence_snapshot_links.csv,V5W4E002|research/refinement_v5/worker_4_bolsonaro_2021/sources/tse_RS_68.json|https://legis.senado.leg.br/sdleg-getter/documento?dm=8953346;https://legis.senado.leg.br/sdleg-getter/documento?dm=8986660;https://filia2-consulta.tse.jus.br/filia-consulta/rest/v1/relacao-filiados|scoped_public_registry_response_log,added,evidence_id;snapshot_path;source_locator;snapshot_kind;sha256,null,"{""evidence_id"": ""V5W4E002"", ""sha256"": ""6a737849ec1cbdcefe06f268f3d1b7550e7ba75e15208911c90583c8a232f863"", ""snapshot_kind"": ""scoped_public_registry_response_log"", ""snapshot_path"": ""research/refinement_v5/worker_4_bolsonaro_2021/sources/tse_RS_68.json"", ""source_locator"": ""https://legis.senado.leg.br/sdleg-getter/documento?dm=8953346;https://legis.senado.leg.br/sdleg-getter/documento?dm=8986660;https://filia2-consulta.tse.jus.br/filia-consulta/rest/v1/relacao-filiados""}"
evidence_snapshot_links.csv,V5W4E002|research/refinement_v5/worker_4_bolsonaro_2021/sources/tse_RS_69.json|https://legis.senado.leg.br/sdleg-getter/documento?dm=8953346;https://legis.senado.leg.br/sdleg-getter/documento?dm=8986660;https://filia2-consulta.tse.jus.br/filia-consulta/rest/v1/relacao-filiados|scoped_public_registry_response_log,added,evidence_id;snapshot_path;source_locator;snapshot_kind;sha256,null,"{""evidence_id"": ""V5W4E002"", ""sha256"": ""00ffd5028442f864be0b784c5f71407d5ea2128a3373954eb3379bb56ba8b6e1"", ""snapshot_kind"": ""scoped_public_registry_response_log"", ""snapshot_path"": ""research/refinement_v5/worker_4_bolsonaro_2021/sources/tse_RS_69.json"", ""source_locator"": ""https://legis.senado.leg.br/sdleg-getter/documento?dm=8953346;https://legis.senado.leg.br/sdleg-getter/documento?dm=8986660;https://filia2-consulta.tse.jus.br/filia-consulta/rest/v1/relacao-filiados""}"
evidence_snapshot_links.csv,V5W4E002|research/refinement_v5/worker_4_bolsonaro_2021/sources/tse_RS_70.json|https://legis.senado.leg.br/sdleg-getter/documento?dm=8953346;https://legis.senado.leg.br/sdleg-getter/documento?dm=8986660;https://filia2-consulta.tse.jus.br/filia-consulta/rest/v1/relacao-filiados|scoped_public_registry_response_log,added,evidence_id;snapshot_path;source_locator;snapshot_kind;sha256,null,"{""evidence_id"": ""V5W4E002"", ""sha256"": ""8b49760c1033685038f1ad594136e44696b5be6d45afdb11acb22e426f79bb63"", ""snapshot_kind"": ""scoped_public_registry_response_log"", ""snapshot_path"": ""research/refinement_v5/worker_4_bolsonaro_2021/sources/tse_RS_70.json"", ""source_locator"": ""https://legis.senado.leg.br/sdleg-getter/documento?dm=8953346;https://legis.senado.leg.br/sdleg-getter/documento?dm=8986660;https://filia2-consulta.tse.jus.br/filia-consulta/rest/v1/relacao-filiados""}"
evidence_snapshot_links.csv,V5W4E002|research/refinement_v5/worker_4_bolsonaro_2021/sources/tse_RS_71.json|https://legis.senado.leg.br/sdleg-getter/documento?dm=8953346;https://legis.senado.leg.br/sdleg-getter/documento?dm=8986660;https://filia2-consulta.tse.jus.br/filia-consulta/rest/v1/relacao-filiados|scoped_public_registry_response_log,added,evidence_id;snapshot_path;source_locator;snapshot_kind;sha256,null,"{""evidence_id"": ""V5W4E002"", ""sha256"": ""7bc83b3190752dae254c7ff2e045929195f69da952cbe0caeca3b0267678037f"", ""snapshot_kind"": ""scoped_public_registry_response_log"", ""snapshot_path"": ""research/refinement_v5/worker_4_bolsonaro_2021/sources/tse_RS_71.json"", ""source_locator"": ""https://legis.senado.leg.br/sdleg-getter/documento?dm=8953346;https://legis.senado.leg.br/sdleg-getter/documento?dm=8986660;https://filia2-consulta.tse.jus.br/filia-consulta/rest/v1/relacao-filiados""}"
evidence_snapshot_links.csv,V5W4E002|research/refinement_v5/worker_4_bolsonaro_2021/sources/tse_RS_72.json|https://legis.senado.leg.br/sdleg-getter/documento?dm=8953346;https://legis.senado.leg.br/sdleg-getter/documento?dm=8986660;https://filia2-consulta.tse.jus.br/filia-consulta/rest/v1/relacao-filiados|scoped_public_registry_response_log,added,evidence_id;snapshot_path;source_locator;snapshot_kind;sha256,null,"{""evidence_id"": ""V5W4E002"", ""sha256"": ""c40bb2c2c024423e3d885375fa304ea54017e57def6ea4dac0b500b6fcf09c9f"", ""snapshot_kind"": ""scoped_public_registry_response_log"", ""snapshot_path"": ""research/refinement_v5/worker_4_bolsonaro_2021/sources/tse_RS_72.json"", ""source_locator"": ""https://legis.senado.leg.br/sdleg-getter/documento?dm=8953346;https://legis.senado.leg.br/sdleg-getter/documento?dm=8986660;https://filia2-consulta.tse.jus.br/filia-consulta/rest/v1/relacao-filiados""}"
evidence_snapshot_links.csv,V5W4E003|research/refinement_v5/worker_4_bolsonaro_2021/sources/terracap_index.html|https://pt.scribd.com/document/1057191170/Ata-Terracap;https://www.terracap.df.gov.br/index.php/orgao-colegiado/contexto-atas-age|retained_access_limitation_response,added,evidence_id;snapshot_path;source_locator;snapshot_kind;sha256,null,"{""evidence_id"": ""V5W4E003"", ""sha256"": ""d6bddf2163f8fbe5d40107f26e461a588d36284401fc1910d2be070710a2c38d"", ""snapshot_kind"": ""retained_access_limitation_response"", ""snapshot_path"": ""research/refinement_v5/worker_4_bolsonaro_2021/sources/terracap_index.html"", ""source_locator"": ""https://pt.scribd.com/document/1057191170/Ata-Terracap;https://www.terracap.df.gov.br/index.php/orgao-colegiado/contexto-atas-age""}"
evidence_snapshot_links.csv,V5W4E003|research/refinement_v5/worker_4_bolsonaro_2021/sources/web_06.json|https://pt.scribd.com/document/1057191170/Ata-Terracap;https://www.terracap.df.gov.br/index.php/orgao-colegiado/contexto-atas-age|retrieved_web_text_mirror_and_access_log,added,evidence_id;snapshot_path;source_locator;snapshot_kind;sha256,null,"{""evidence_id"": ""V5W4E003"", ""sha256"": ""6d07270c8798fb2aca58df65bbf6552615c3dd17602b7d777ae96b81fa0d064b"", ""snapshot_kind"": ""retrieved_web_text_mirror_and_access_log"", ""snapshot_path"": ""research/refinement_v5/worker_4_bolsonaro_2021/sources/web_06.json"", ""source_locator"": ""https://pt.scribd.com/document/1057191170/Ata-Terracap;https://www.terracap.df.gov.br/index.php/orgao-colegiado/contexto-atas-age""}"
evidence_snapshot_links.csv,V5W5E001|research/refinement_v5/worker_5_bolsonaro_2022/sources/tse2_externo_672.9e4193a1e7e92416.js|https://filia2-externo.tse.jus.br/672.9e4193a1e7e92416.js|official_public_client_source,added,evidence_id;snapshot_path;source_locator;snapshot_kind;sha256,null,"{""evidence_id"": ""V5W5E001"", ""sha256"": ""a814fdcd7436feeb538ea995fdf3b2886c7e0bf4fb85766ec2c682a00edc6b53"", ""snapshot_kind"": ""official_public_client_source"", ""snapshot_path"": ""research/refinement_v5/worker_5_bolsonaro_2022/sources/tse2_externo_672.9e4193a1e7e92416.js"", ""source_locator"": ""https://filia2-externo.tse.jus.br/672.9e4193a1e7e92416.js""}"
evidence_snapshot_links.csv,V5W5E001|research/refinement_v5/worker_5_bolsonaro_2022/sources/tse2_externo_927.95ca5669143d8c8c.js|https://filia2-externo.tse.jus.br/927.95ca5669143d8c8c.js|official_public_client_source,added,evidence_id;snapshot_path;source_locator;snapshot_kind;sha256,null,"{""evidence_id"": ""V5W5E001"", ""sha256"": ""c204df6986ebc0e5f159ed52656997f7687e0d893b33bc8854a8204fd81a1713"", ""snapshot_kind"": ""official_public_client_source"", ""snapshot_path"": ""research/refinement_v5/worker_5_bolsonaro_2022/sources/tse2_externo_927.95ca5669143d8c8c.js"", ""source_locator"": ""https://filia2-externo.tse.jus.br/927.95ca5669143d8c8c.js""}"
evidence_snapshot_links.csv,V5W5E001|research/refinement_v5/worker_5_bolsonaro_2022/sources/tse2_externo_main.js|https://filia2-externo.tse.jus.br/main.655678f4759dcc30.js|official_public_client_source,added,evidence_id;snapshot_path;source_locator;snapshot_kind;sha256,null,"{""evidence_id"": ""V5W5E001"", ""sha256"": ""6d6617c6e93af57b24f0b8de9609ab01027976733bb8236d73706fa4b753a4e1"", ""snapshot_kind"": ""official_public_client_source"", ""snapshot_path"": ""research/refinement_v5/worker_5_bolsonaro_2022/sources/tse2_externo_main.js"", ""source_locator"": ""https://filia2-externo.tse.jus.br/main.655678f4759dcc30.js""}"
evidence_snapshot_links.csv,V5W5E001|research/refinement_v5/worker_5_bolsonaro_2022/sources/web_010.txt|https://www.tse.jus.br/legislacao/compilada/res/2019/resolucao-no-23-596-de-20-de-agosto-de-2019|retrieved_official_source_web_text,added,evidence_id;snapshot_path;source_locator;snapshot_kind;sha256,null,"{""evidence_id"": ""V5W5E001"", ""sha256"": ""fd462cad1c082c7ef5171cabf848af65cb3e1d79e79fcb4136e9fc8e9e6da114"", ""snapshot_kind"": ""retrieved_official_source_web_text"", ""snapshot_path"": ""research/refinement_v5/worker_5_bolsonaro_2022/sources/web_010.txt"", ""source_locator"": ""https://www.tse.jus.br/legislacao/compilada/res/2019/resolucao-no-23-596-de-20-de-agosto-de-2019""}"
evidence_snapshot_links.csv,V5W5E002|research/refinement_v5/worker_5_bolsonaro_2022/sources/cgi_order_6672.html|https://cgi.br/portarias/ano_numero/2022/6672/|official_source_html,added,evidence_id;snapshot_path;source_locator;snapshot_kind;sha256,null,"{""evidence_id"": ""V5W5E002"", ""sha256"": ""5e97c51a4ea1db3fb8acfa32012814ad4b1099f9718721d15c94ba015a72cb22"", ""snapshot_kind"": ""official_source_html"", ""snapshot_path"": ""research/refinement_v5/worker_5_bolsonaro_2022/sources/cgi_order_6672.html"", ""source_locator"": ""https://cgi.br/portarias/ano_numero/2022/6672/""}"
evidence_snapshot_links.csv,V5W5E002|research/refinement_v5/worker_5_bolsonaro_2022/sources/mcom_roll_2022.html|https://www.gov.br/mcom/pt-br/acesso-a-informacao/transparencia-e-prestacao-de-contas/rol-de-responsaveis-1/2022|official_source_html,added,evidence_id;snapshot_path;source_locator;snapshot_kind;sha256,null,"{""evidence_id"": ""V5W5E002"", ""sha256"": ""b9d81f165265d9812750c3a66bd617414b691d5fb13836e2a240254d80f09800"", ""snapshot_kind"": ""official_source_html"", ""snapshot_path"": ""research/refinement_v5/worker_5_bolsonaro_2022/sources/mcom_roll_2022.html"", ""source_locator"": ""https://www.gov.br/mcom/pt-br/acesso-a-informacao/transparencia-e-prestacao-de-contas/rol-de-responsaveis-1/2022""}"
evidence_snapshot_links.csv,V5W5E002|research/refinement_v5/worker_5_bolsonaro_2022/sources/web_012.txt|https://www.planalto.gov.br/ccivil_03/_ato2015-2018/2016/decreto/d8851.htm|retrieved_official_source_web_text,added,evidence_id;snapshot_path;source_locator;snapshot_kind;sha256,null,"{""evidence_id"": ""V5W5E002"", ""sha256"": ""1b926108a8754d5a4ccab04189b6ecc2a50fc11ed85a7dc03d54323f4f493394"", ""snapshot_kind"": ""retrieved_official_source_web_text"", ""snapshot_path"": ""research/refinement_v5/worker_5_bolsonaro_2022/sources/web_012.txt"", ""source_locator"": ""https://www.planalto.gov.br/ccivil_03/_ato2015-2018/2016/decreto/d8851.htm""}"
evidence_snapshot_links.csv,V5W5E003|research/refinement_v5/worker_5_bolsonaro_2022/sources/telebras_estella_eligibility_scoped.txt|https://www.telebras.com.br/wp-content/uploads/2022/04/Proposta-da-Administrac%CC%A7a%CC%83o-AGO-2022-Reapresentac%CC%A7a%CC%83o-assinada.pdf|scoped_text_from_retained_original_pdf,added,evidence_id;snapshot_path;source_locator;snapshot_kind;sha256,null,"{""evidence_id"": ""V5W5E003"", ""sha256"": ""71c7f509828419e77e1513b9f0038b412d7ddddfeda82e68414b2883c8ab8216"", ""snapshot_kind"": ""scoped_text_from_retained_original_pdf"", ""snapshot_path"": ""research/refinement_v5/worker_5_bolsonaro_2022/sources/telebras_estella_eligibility_scoped.txt"", ""source_locator"": ""https://www.telebras.com.br/wp-content/uploads/2022/04/Proposta-da-Administrac%CC%A7a%CC%83o-AGO-2022-Reapresentac%CC%A7a%CC%83o-assinada.pdf""}"
evidence_snapshot_links.csv,V5W5E004|research/refinement_v5/worker_5_bolsonaro_2022/sources/petrobras_2022_fr.pdf|https://www.latibex.com/docs/Documentos/LED/2022/09/21/TRACN_20220920_000000_A99_120659_20220101_DOC001.pdf|issuer_original_pdf,added,evidence_id;snapshot_path;source_locator;snapshot_kind;sha256,null,"{""evidence_id"": ""V5W5E004"", ""sha256"": ""5997f78c9220abfc5831bac5bcef828fa933482a74f48f02be87d9aeff637a67"", ""snapshot_kind"": ""issuer_original_pdf"", ""snapshot_path"": ""research/refinement_v5/worker_5_bolsonaro_2022/sources/petrobras_2022_fr.pdf"", ""source_locator"": ""https://www.latibex.com/docs/Documentos/LED/2022/09/21/TRACN_20220920_000000_A99_120659_20220101_DOC001.pdf""}"
evidence_snapshot_links.csv,V5W5E004|research/refinement_v5/worker_5_bolsonaro_2022/sources/petrobras_jonathas_scoped.txt|https://www.latibex.com/docs/Documentos/LED/2022/09/21/TRACN_20220920_000000_A99_120659_20220101_DOC001.pdf|scoped_original_pdf_text,added,evidence_id;snapshot_path;source_locator;snapshot_kind;sha256,null,"{""evidence_id"": ""V5W5E004"", ""sha256"": ""2a09886134882047c6e4abad5f3c457f8dfae6378f51bd78e3aef899bd84f287"", ""snapshot_kind"": ""scoped_original_pdf_text"", ""snapshot_path"": ""research/refinement_v5/worker_5_bolsonaro_2022/sources/petrobras_jonathas_scoped.txt"", ""source_locator"": ""https://www.latibex.com/docs/Documentos/LED/2022/09/21/TRACN_20220920_000000_A99_120659_20220101_DOC001.pdf""}"
evidence_snapshot_links.csv,V5W6E01|research/refinement_v5/worker_6_bolsonaro_affiliations/sources/sachsida_identity_verification.json|https://filia2-consulta.tse.jus.br/filia-consulta/rest/v1/relacao-filiados?sgUe=DF&cdMunicipio=1778&sqPartido=72&currentPage=0&pageSize=10000|official_cross_source_identity_verification,added,evidence_id;snapshot_path;source_locator;snapshot_kind;sha256,null,"{""evidence_id"": ""V5W6E01"", ""sha256"": ""8484bfa4def8e32ee2cf23beb939a0701920022a586df27e25e60693db2c7044"", ""snapshot_kind"": ""official_cross_source_identity_verification"", ""snapshot_path"": ""research/refinement_v5/worker_6_bolsonaro_affiliations/sources/sachsida_identity_verification.json"", ""source_locator"": ""https://filia2-consulta.tse.jus.br/filia-consulta/rest/v1/relacao-filiados?sgUe=DF&cdMunicipio=1778&sqPartido=72&currentPage=0&pageSize=10000""}"
evidence_snapshot_links.csv,V5W6E01|research/refinement_v5/worker_6_bolsonaro_affiliations/sources/tse_DF_72.json|https://filia2-consulta.tse.jus.br/filia-consulta/rest/v1/relacao-filiados?sgUe=DF&cdMunicipio=1778&sqPartido=72&currentPage=0&pageSize=10000|official_api_scoped_record_and_all_page_response_hashes,added,evidence_id;snapshot_path;source_locator;snapshot_kind;sha256,null,"{""evidence_id"": ""V5W6E01"", ""sha256"": ""bfe4292447264a51b971452bc13962d6c34c6fced8c5f6ce45713aab42ce927c"", ""snapshot_kind"": ""official_api_scoped_record_and_all_page_response_hashes"", ""snapshot_path"": ""research/refinement_v5/worker_6_bolsonaro_affiliations/sources/tse_DF_72.json"", ""source_locator"": ""https://filia2-consulta.tse.jus.br/filia-consulta/rest/v1/relacao-filiados?sgUe=DF&cdMunicipio=1778&sqPartido=72&currentPage=0&pageSize=10000""}"
evidence_snapshot_links.csv,V5W6E02|research/refinement_v5/worker_6_bolsonaro_affiliations/sources/mme_rol2022.pdf|https://btcu.apps.tcu.gov.br/api/obterDocumentoPdf/78140553;https://www.gov.br/mme/pt-br/acesso-a-informacao/auditorias/prestacao-contas/ROLDERESPONSVEIS2022.pdf|official_pdf,added,evidence_id;snapshot_path;source_locator;snapshot_kind;sha256,null,"{""evidence_id"": ""V5W6E02"", ""sha256"": ""d1e99e3813c647256647de72ee983d5fa249c336db5fa0a2fd667b47a4218d0d"", ""snapshot_kind"": ""official_pdf"", ""snapshot_path"": ""research/refinement_v5/worker_6_bolsonaro_affiliations/sources/mme_rol2022.pdf"", ""source_locator"": ""https://btcu.apps.tcu.gov.br/api/obterDocumentoPdf/78140553;https://www.gov.br/mme/pt-br/acesso-a-informacao/auditorias/prestacao-contas/ROLDERESPONSVEIS2022.pdf""}"
evidence_snapshot_links.csv,V5W6E02|research/refinement_v5/worker_6_bolsonaro_affiliations/sources/sachsida_identity_verification.json|https://btcu.apps.tcu.gov.br/api/obterDocumentoPdf/78140553;https://www.gov.br/mme/pt-br/acesso-a-informacao/auditorias/prestacao-contas/ROLDERESPONSVEIS2022.pdf|official_identity_hash_match,added,evidence_id;snapshot_path;source_locator;snapshot_kind;sha256,null,"{""evidence_id"": ""V5W6E02"", ""sha256"": ""8484bfa4def8e32ee2cf23beb939a0701920022a586df27e25e60693db2c7044"", ""snapshot_kind"": ""official_identity_hash_match"", ""snapshot_path"": ""research/refinement_v5/worker_6_bolsonaro_affiliations/sources/sachsida_identity_verification.json"", ""source_locator"": ""https://btcu.apps.tcu.gov.br/api/obterDocumentoPdf/78140553;https://www.gov.br/mme/pt-br/acesso-a-informacao/auditorias/prestacao-contas/ROLDERESPONSVEIS2022.pdf""}"
evidence_snapshot_links.csv,V5W6E02|research/refinement_v5/worker_6_bolsonaro_affiliations/sources/tcu_78140553.pdf|https://btcu.apps.tcu.gov.br/api/obterDocumentoPdf/78140553;https://www.gov.br/mme/pt-br/acesso-a-informacao/auditorias/prestacao-contas/ROLDERESPONSVEIS2022.pdf|official_pdf,added,evidence_id;snapshot_path;source_locator;snapshot_kind;sha256,null,"{""evidence_id"": ""V5W6E02"", ""sha256"": ""1e6be4e635f3c3733c0b16416d9773a8c1c07f2cf37bea4d34c53b7a6ff0e979"", ""snapshot_kind"": ""official_pdf"", ""snapshot_path"": ""research/refinement_v5/worker_6_bolsonaro_affiliations/sources/tcu_78140553.pdf"", ""source_locator"": ""https://btcu.apps.tcu.gov.br/api/obterDocumentoPdf/78140553;https://www.gov.br/mme/pt-br/acesso-a-informacao/auditorias/prestacao-contas/ROLDERESPONSVEIS2022.pdf""}"
evidence_snapshot_links.csv,"V5W6E03|research/refinement_v5/worker_6_bolsonaro_affiliations/sources/web_006.json|https://www.terra.com.br/noticias/brasil/politica/como-damares-alves-saiu-de-ministra-periferica-a-figura-de-proa-do-bolsonarismo,c43b61593800e064750998fd6ae73306mx8zt50d.html|retained_web_full_article_text",added,evidence_id;snapshot_path;source_locator;snapshot_kind;sha256,null,"{""evidence_id"": ""V5W6E03"", ""sha256"": ""a97c168fa8590415b31e241ab3d08f91728cda7fd647245acf03cd58b618e77d"", ""snapshot_kind"": ""retained_web_full_article_text"", ""snapshot_path"": ""research/refinement_v5/worker_6_bolsonaro_affiliations/sources/web_006.json"", ""source_locator"": ""https://www.terra.com.br/noticias/brasil/politica/como-damares-alves-saiu-de-ministra-periferica-a-figura-de-proa-do-bolsonarismo,c43b61593800e064750998fd6ae73306mx8zt50d.html""}"
evidence_snapshot_links.csv,"V5W6E03|research/refinement_v5/worker_6_bolsonaro_affiliations/sources/web_015.json|https://www.terra.com.br/noticias/brasil/politica/como-damares-alves-saiu-de-ministra-periferica-a-figura-de-proa-do-bolsonarismo,c43b61593800e064750998fd6ae73306mx8zt50d.html|publication_date_and_original_bbc_locator",added,evidence_id;snapshot_path;source_locator;snapshot_kind;sha256,null,"{""evidence_id"": ""V5W6E03"", ""sha256"": ""e48aabd95cddaa4348a80c16aec6bd3d7a49498af472b8ecafe5e28f2e3af5d0"", ""snapshot_kind"": ""publication_date_and_original_bbc_locator"", ""snapshot_path"": ""research/refinement_v5/worker_6_bolsonaro_affiliations/sources/web_015.json"", ""source_locator"": ""https://www.terra.com.br/noticias/brasil/politica/como-damares-alves-saiu-de-ministra-periferica-a-figura-de-proa-do-bolsonarismo,c43b61593800e064750998fd6ae73306mx8zt50d.html""}"
evidence_snapshot_links.csv,V5W6E04|research/refinement_v5/worker_6_bolsonaro_affiliations/sources/mercopress_20200615.html|https://es.mercopress.com/2020/06/15/partido-de-cardoso-se-baja-de-la-iniciativa-de-juicio-politico-a-bolsonaro|retrieved_original_html,added,evidence_id;snapshot_path;source_locator;snapshot_kind;sha256,null,"{""evidence_id"": ""V5W6E04"", ""sha256"": ""f28b288529fe4b2dc62cc6d509201563f0685525e11b8557df3d155dd68fb9ba"", ""snapshot_kind"": ""retrieved_original_html"", ""snapshot_path"": ""research/refinement_v5/worker_6_bolsonaro_affiliations/sources/mercopress_20200615.html"", ""source_locator"": ""https://es.mercopress.com/2020/06/15/partido-de-cardoso-se-baja-de-la-iniciativa-de-juicio-politico-a-bolsonaro""}"
evidence_snapshot_links.csv,V5W6E04|research/refinement_v5/worker_6_bolsonaro_affiliations/sources/web_017.json|https://es.mercopress.com/2020/06/15/partido-de-cardoso-se-baja-de-la-iniciativa-de-juicio-politico-a-bolsonaro|retained_web_full_article_text,added,evidence_id;snapshot_path;source_locator;snapshot_kind;sha256,null,"{""evidence_id"": ""V5W6E04"", ""sha256"": ""a50a7f5a104930e1b617eeb80fd35a9148d26162d927395904114e3ed7fd2d28"", ""snapshot_kind"": ""retained_web_full_article_text"", ""snapshot_path"": ""research/refinement_v5/worker_6_bolsonaro_affiliations/sources/web_017.json"", ""source_locator"": ""https://es.mercopress.com/2020/06/15/partido-de-cardoso-se-baja-de-la-iniciativa-de-juicio-politico-a-bolsonaro""}"
evidence_snapshot_links.csv,V5W6E05|research/refinement_v5/worker_6_bolsonaro_affiliations/sources/web_013.json|https://veja.abril.com.br/coluna/radar/rogerio-marinho-entrega-diretoria-da-sudene-a-ex-deputado-tucano/|retained_web_full_article_text,added,evidence_id;snapshot_path;source_locator;snapshot_kind;sha256,null,"{""evidence_id"": ""V5W6E05"", ""sha256"": ""852b1699776eb37cf58c555c2a7860c49547f38e1c47945999256f7b6d868993"", ""snapshot_kind"": ""retained_web_full_article_text"", ""snapshot_path"": ""research/refinement_v5/worker_6_bolsonaro_affiliations/sources/web_013.json"", ""source_locator"": ""https://veja.abril.com.br/coluna/radar/rogerio-marinho-entrega-diretoria-da-sudene-a-ex-deputado-tucano/""}"
evidence_snapshot_links.csv,V5W6E05|research/refinement_v5/worker_6_bolsonaro_affiliations/sources/web_015.json|https://veja.abril.com.br/coluna/radar/rogerio-marinho-entrega-diretoria-da-sudene-a-ex-deputado-tucano/|retained_web_direct_open_result,added,evidence_id;snapshot_path;source_locator;snapshot_kind;sha256,null,"{""evidence_id"": ""V5W6E05"", ""sha256"": ""e48aabd95cddaa4348a80c16aec6bd3d7a49498af472b8ecafe5e28f2e3af5d0"", ""snapshot_kind"": ""retained_web_direct_open_result"", ""snapshot_path"": ""research/refinement_v5/worker_6_bolsonaro_affiliations/sources/web_015.json"", ""source_locator"": ""https://veja.abril.com.br/coluna/radar/rogerio-marinho-entrega-diretoria-da-sudene-a-ex-deputado-tucano/""}"
evidence_snapshot_links.csv,V5W6E06|research/refinement_v5/worker_6_bolsonaro_affiliations/sources/web_012.json|https://www.poder360.com.br/governo/ministro-de-bolsonaro-rogerio-marinho-deixa-psdb/|retained_full_personal_and_party_statements,added,evidence_id;snapshot_path;source_locator;snapshot_kind;sha256,null,"{""evidence_id"": ""V5W6E06"", ""sha256"": ""aef74bc2aa616487d4870c4772400abf417fc39c193078131e75c5a29124be31"", ""snapshot_kind"": ""retained_full_personal_and_party_statements"", ""snapshot_path"": ""research/refinement_v5/worker_6_bolsonaro_affiliations/sources/web_012.json"", ""source_locator"": ""https://www.poder360.com.br/governo/ministro-de-bolsonaro-rogerio-marinho-deixa-psdb/""}"
evidence_snapshot_links.csv,V5W6E07|research/refinement_v5/worker_6_bolsonaro_affiliations/sources/tse_DF_51.json|https://filia2-consulta.tse.jus.br/filia-consulta/rest/v1/relacao-filiados?sgUe=DF&cdMunicipio=1778&sqPartido=51&currentPage=0&pageSize=10000|official_api_scoped_record_and_response_hash,added,evidence_id;snapshot_path;source_locator;snapshot_kind;sha256,null,"{""evidence_id"": ""V5W6E07"", ""sha256"": ""bc37c28a301be45926882d7fe061f11ba19aaafa656b88feb69d9c63cba610ed"", ""snapshot_kind"": ""official_api_scoped_record_and_response_hash"", ""snapshot_path"": ""research/refinement_v5/worker_6_bolsonaro_affiliations/sources/tse_DF_51.json"", ""source_locator"": ""https://filia2-consulta.tse.jus.br/filia-consulta/rest/v1/relacao-filiados?sgUe=DF&cdMunicipio=1778&sqPartido=51&currentPage=0&pageSize=10000""}"
evidence_snapshot_links.csv,V5W6E08|research/refinement_v5/worker_6_bolsonaro_affiliations/sources/tse_RN_38.json|https://filia2-consulta.tse.jus.br/filia-consulta/rest/v1/relacao-filiados?sgUe=RN&cdMunicipio=7220&sqPartido=38&currentPage=0&pageSize=10000|official_api_scoped_record_and_response_hash,added,evidence_id;snapshot_path;source_locator;snapshot_kind;sha256,null,"{""evidence_id"": ""V5W6E08"", ""sha256"": ""259be54239bb53fa5c060c8d5d5c38458f4e5cbac0ed3974ca85ea1b1dec7699"", ""snapshot_kind"": ""official_api_scoped_record_and_response_hash"", ""snapshot_path"": ""research/refinement_v5/worker_6_bolsonaro_affiliations/sources/tse_RN_38.json"", ""source_locator"": ""https://filia2-consulta.tse.jus.br/filia-consulta/rest/v1/relacao-filiados?sgUe=RN&cdMunicipio=7220&sqPartido=38&currentPage=0&pageSize=10000""}"
evidence_snapshot_links.csv,V5W6E09|research/refinement_v5/worker_6_bolsonaro_affiliations/sources/senado_filiacoes_4694.xml|https://legis.senado.leg.br/dadosabertos/senador/4694/filiacoes;https://legis.senado.leg.br/dadosabertos/senador/6335/filiacoes|official_api_original_response,added,evidence_id;snapshot_path;source_locator;snapshot_kind;sha256,null,"{""evidence_id"": ""V5W6E09"", ""sha256"": ""18d13d5ad52bb45e0a5e781cf450bfee8f425cb86b856ba8fcb50b47a74db416"", ""snapshot_kind"": ""official_api_original_response"", ""snapshot_path"": ""research/refinement_v5/worker_6_bolsonaro_affiliations/sources/senado_filiacoes_4694.xml"", ""source_locator"": ""https://legis.senado.leg.br/dadosabertos/senador/4694/filiacoes;https://legis.senado.leg.br/dadosabertos/senador/6335/filiacoes""}"
evidence_snapshot_links.csv,V5W6E09|research/refinement_v5/worker_6_bolsonaro_affiliations/sources/senado_filiacoes_6335.xml|https://legis.senado.leg.br/dadosabertos/senador/4694/filiacoes;https://legis.senado.leg.br/dadosabertos/senador/6335/filiacoes|official_api_original_response,added,evidence_id;snapshot_path;source_locator;snapshot_kind;sha256,null,"{""evidence_id"": ""V5W6E09"", ""sha256"": ""4dd8b8cfd90b5abca974d5e1df548ee3d84507f819b383a7dac6f2a099ae619d"", ""snapshot_kind"": ""official_api_original_response"", ""snapshot_path"": ""research/refinement_v5/worker_6_bolsonaro_affiliations/sources/senado_filiacoes_6335.xml"", ""source_locator"": ""https://legis.senado.leg.br/dadosabertos/senador/4694/filiacoes;https://legis.senado.leg.br/dadosabertos/senador/6335/filiacoes""}"
evidence_snapshot_links.csv,V5W6E10|research/refinement_v5/worker_6_bolsonaro_affiliations/sources/filia_public_client_semantics.txt|https://filia2-consulta.tse.jus.br/main.1e6ec99219486578.js;https://cdn.tse.jus.br/estatistica/sead/eleitorado/filiados/uf/filiados_psdb_rn.zip;https://cdn.tse.jus.br/estatistica/sead/eleitorado/filiados/uf/filiados_pp_df.zip|scoped_public_client_excerpt_and_query_limit,added,evidence_id;snapshot_path;source_locator;snapshot_kind;sha256,null,"{""evidence_id"": ""V5W6E10"", ""sha256"": ""98dd31c06592848a5a2898be79f3e310346b82e1ceb90eb72c6325f1a9b21f56"", ""snapshot_kind"": ""scoped_public_client_excerpt_and_query_limit"", ""snapshot_path"": ""research/refinement_v5/worker_6_bolsonaro_affiliations/sources/filia_public_client_semantics.txt"", ""source_locator"": ""https://filia2-consulta.tse.jus.br/main.1e6ec99219486578.js;https://cdn.tse.jus.br/estatistica/sead/eleitorado/filiados/uf/filiados_psdb_rn.zip;https://cdn.tse.jus.br/estatistica/sead/eleitorado/filiados/uf/filiados_pp_df.zip""}"
evidence_snapshot_links.csv,V5W6E10|research/refinement_v5/worker_6_bolsonaro_affiliations/sources/retrievals_01.json|https://filia2-consulta.tse.jus.br/main.1e6ec99219486578.js;https://cdn.tse.jus.br/estatistica/sead/eleitorado/filiados/uf/filiados_psdb_rn.zip;https://cdn.tse.jus.br/estatistica/sead/eleitorado/filiados/uf/filiados_pp_df.zip|official_download_attempt_status_and_hashes,added,evidence_id;snapshot_path;source_locator;snapshot_kind;sha256,null,"{""evidence_id"": ""V5W6E10"", ""sha256"": ""234c831a1c5d0f288298bfc555f28d15ce865868428084e105be9605349211b6"", ""snapshot_kind"": ""official_download_attempt_status_and_hashes"", ""snapshot_path"": ""research/refinement_v5/worker_6_bolsonaro_affiliations/sources/retrievals_01.json"", ""source_locator"": ""https://filia2-consulta.tse.jus.br/main.1e6ec99219486578.js;https://cdn.tse.jus.br/estatistica/sead/eleitorado/filiados/uf/filiados_psdb_rn.zip;https://cdn.tse.jus.br/estatistica/sead/eleitorado/filiados/uf/filiados_pp_df.zip""}"
evidence_snapshot_links.csv,V5W6E10|research/refinement_v5/worker_6_bolsonaro_affiliations/sources/tse_DF_69.json|https://filia2-consulta.tse.jus.br/main.1e6ec99219486578.js;https://cdn.tse.jus.br/estatistica/sead/eleitorado/filiados/uf/filiados_psdb_rn.zip;https://cdn.tse.jus.br/estatistica/sead/eleitorado/filiados/uf/filiados_pp_df.zip|official_current_list_no_match_scoped_log,added,evidence_id;snapshot_path;source_locator;snapshot_kind;sha256,null,"{""evidence_id"": ""V5W6E10"", ""sha256"": ""6122c54fcf30f0d248e9a1a11fd37eb5ce5842ab841695013dd1a51de0600265"", ""snapshot_kind"": ""official_current_list_no_match_scoped_log"", ""snapshot_path"": ""research/refinement_v5/worker_6_bolsonaro_affiliations/sources/tse_DF_69.json"", ""source_locator"": ""https://filia2-consulta.tse.jus.br/main.1e6ec99219486578.js;https://cdn.tse.jus.br/estatistica/sead/eleitorado/filiados/uf/filiados_psdb_rn.zip;https://cdn.tse.jus.br/estatistica/sead/eleitorado/filiados/uf/filiados_pp_df.zip""}"
evidence_snapshot_links.csv,V5W6E10|research/refinement_v5/worker_6_bolsonaro_affiliations/sources/tse_RN_56.json|https://filia2-consulta.tse.jus.br/main.1e6ec99219486578.js;https://cdn.tse.jus.br/estatistica/sead/eleitorado/filiados/uf/filiados_psdb_rn.zip;https://cdn.tse.jus.br/estatistica/sead/eleitorado/filiados/uf/filiados_pp_df.zip|official_current_list_no_match_scoped_log,added,evidence_id;snapshot_path;source_locator;snapshot_kind;sha256,null,"{""evidence_id"": ""V5W6E10"", ""sha256"": ""ea5c4867c8560c81b3f69b38ef31497cf4237b8a7de5a82245d5e7b4295a362e"", ""snapshot_kind"": ""official_current_list_no_match_scoped_log"", ""snapshot_path"": ""research/refinement_v5/worker_6_bolsonaro_affiliations/sources/tse_RN_56.json"", ""source_locator"": ""https://filia2-consulta.tse.jus.br/main.1e6ec99219486578.js;https://cdn.tse.jus.br/estatistica/sead/eleitorado/filiados/uf/filiados_psdb_rn.zip;https://cdn.tse.jus.br/estatistica/sead/eleitorado/filiados/uf/filiados_pp_df.zip""}"
evidence_snapshot_links.csv,V5W7E001|research/refinement_v5/worker_7_lula_dates/sources/orla_reproduction.html|https://minutomt.com.br/geral/brasil-mundo/ministerio-do-turismo-assina-acordo-interministerial-na-cop3o-para-dar-novo-impulso-ao-programa-orla/|attributed_post_event_article,added,evidence_id;snapshot_path;source_locator;snapshot_kind;sha256,null,"{""evidence_id"": ""V5W7E001"", ""sha256"": ""9a54264f1993798101e15b9275865aa106c676ddedfe97e68fb19dbc51809a28"", ""snapshot_kind"": ""attributed_post_event_article"", ""snapshot_path"": ""research/refinement_v5/worker_7_lula_dates/sources/orla_reproduction.html"", ""source_locator"": ""https://minutomt.com.br/geral/brasil-mundo/ministerio-do-turismo-assina-acordo-interministerial-na-cop3o-para-dar-novo-impulso-ao-programa-orla/""}"
evidence_snapshot_links.csv,V5W7E001|research/refinement_v5/worker_7_lula_dates/sources/orla_reproduction.txt|https://minutomt.com.br/geral/brasil-mundo/ministerio-do-turismo-assina-acordo-interministerial-na-cop3o-para-dar-novo-impulso-ao-programa-orla/|attributed_post_event_article,added,evidence_id;snapshot_path;source_locator;snapshot_kind;sha256,null,"{""evidence_id"": ""V5W7E001"", ""sha256"": ""f95e9ef90851f407cd42e478f43f65c0647917cd3bfe3bcb2d6e0cec3f1dad0e"", ""snapshot_kind"": ""attributed_post_event_article"", ""snapshot_path"": ""research/refinement_v5/worker_7_lula_dates/sources/orla_reproduction.txt"", ""source_locator"": ""https://minutomt.com.br/geral/brasil-mundo/ministerio-do-turismo-assina-acordo-interministerial-na-cop3o-para-dar-novo-impulso-ao-programa-orla/""}"
evidence_snapshot_links.csv,V5W7E001|research/refinement_v5/worker_7_lula_dates/sources/web_6.json|https://www.gov.br/turismo/pt-br/assuntos/noticias/ministerio-do-turismo-assina-acordo-interministerial-na-cop3o-para-dar-novo-impulso-ao-programa-orla|post_event_search_result_and_original_source_trace,added,evidence_id;snapshot_path;source_locator;snapshot_kind;sha256,null,"{""evidence_id"": ""V5W7E001"", ""sha256"": ""bccf99d7b6db067088e181e93b57dc6b44e23a296c5cbfac8f8a702ba4e88d5c"", ""snapshot_kind"": ""post_event_search_result_and_original_source_trace"", ""snapshot_path"": ""research/refinement_v5/worker_7_lula_dates/sources/web_6.json"", ""source_locator"": ""https://www.gov.br/turismo/pt-br/assuntos/noticias/ministerio-do-turismo-assina-acordo-interministerial-na-cop3o-para-dar-novo-impulso-ao-programa-orla""}"
evidence_snapshot_links.csv,V5W7E002|research/refinement_v5/worker_7_lula_dates/sources/dcd20251118_p14.ocr.txt|https://Imagem.camara.gov.br/Imagem/d/pdf/DCD0020251118002240000.PDF#page=14|official_diary_page14_extract,added,evidence_id;snapshot_path;source_locator;snapshot_kind;sha256,null,"{""evidence_id"": ""V5W7E002"", ""sha256"": ""0495a55166421a6d29fc3fc99b61c34cd3b7417d94d0e7214b88a916fed635dc"", ""snapshot_kind"": ""official_diary_page14_extract"", ""snapshot_path"": ""research/refinement_v5/worker_7_lula_dates/sources/dcd20251118_p14.ocr.txt"", ""source_locator"": ""https://Imagem.camara.gov.br/Imagem/d/pdf/DCD0020251118002240000.PDF#page=14""}"
evidence_snapshot_links.csv,V5W7E002|research/refinement_v5/worker_7_lula_dates/sources/dcd20251118_p14.png|https://Imagem.camara.gov.br/Imagem/d/pdf/DCD0020251118002240000.PDF#page=14|official_diary_page14_render,added,evidence_id;snapshot_path;source_locator;snapshot_kind;sha256,null,"{""evidence_id"": ""V5W7E002"", ""sha256"": ""cbbdbbd59eaf1c9742e9b648ed4c3c1c18c96bd28357638b5a4865b19997310f"", ""snapshot_kind"": ""official_diary_page14_render"", ""snapshot_path"": ""research/refinement_v5/worker_7_lula_dates/sources/dcd20251118_p14.png"", ""source_locator"": ""https://Imagem.camara.gov.br/Imagem/d/pdf/DCD0020251118002240000.PDF#page=14""}"
evidence_snapshot_links.csv,V5W7E002|research/refinement_v5/worker_7_lula_dates/sources/diary_scan_manifest.json|https://Imagem.camara.gov.br/Imagem/d/pdf/DCD0020251118002240000.PDF#page=14|original_full_pdf_url_and_sha256,added,evidence_id;snapshot_path;source_locator;snapshot_kind;sha256,null,"{""evidence_id"": ""V5W7E002"", ""sha256"": ""d9db87e265ea3de5ff9655655db84356fe0f3ffdf8d1d1a132f7925387f1bfba"", ""snapshot_kind"": ""original_full_pdf_url_and_sha256"", ""snapshot_path"": ""research/refinement_v5/worker_7_lula_dates/sources/diary_scan_manifest.json"", ""source_locator"": ""https://Imagem.camara.gov.br/Imagem/d/pdf/DCD0020251118002240000.PDF#page=14""}"
evidence_snapshot_links.csv,V5W7E003|research/refinement_v5/worker_7_lula_dates/sources/fetch_manifest_2.json|https://agenciagov.ebc.com.br/noticias/202511/sabino-nosso-grande-diferencial-competitivo-no-turismo-sao-as-acoes-de-sustentabilidade|direct_fetch_statuses_and_hashes,added,evidence_id;snapshot_path;source_locator;snapshot_kind;sha256,null,"{""evidence_id"": ""V5W7E003"", ""sha256"": ""04a67e91940a7fe455ae82ce626c5d16ffd79858e4beb14bee25f1fc34e0c405"", ""snapshot_kind"": ""direct_fetch_statuses_and_hashes"", ""snapshot_path"": ""research/refinement_v5/worker_7_lula_dates/sources/fetch_manifest_2.json"", ""source_locator"": ""https://agenciagov.ebc.com.br/noticias/202511/sabino-nosso-grande-diferencial-competitivo-no-turismo-sao-as-acoes-de-sustentabilidade""}"
evidence_snapshot_links.csv,V5W7E003|research/refinement_v5/worker_7_lula_dates/sources/sabino_20251117_ebc.txt|https://agenciagov.ebc.com.br/noticias/202511/sabino-nosso-grande-diferencial-competitivo-no-turismo-sao-as-acoes-de-sustentabilidade|direct_fetch_temporary_unavailability_notice,added,evidence_id;snapshot_path;source_locator;snapshot_kind;sha256,null,"{""evidence_id"": ""V5W7E003"", ""sha256"": ""6665a5cb6639af9a20b03b2574e5c71a3a810ad10a44c2cc55c69ecb0d848fe4"", ""snapshot_kind"": ""direct_fetch_temporary_unavailability_notice"", ""snapshot_path"": ""research/refinement_v5/worker_7_lula_dates/sources/sabino_20251117_ebc.txt"", ""source_locator"": ""https://agenciagov.ebc.com.br/noticias/202511/sabino-nosso-grande-diferencial-competitivo-no-turismo-sao-as-acoes-de-sustentabilidade""}"
evidence_snapshot_links.csv,V5W7E003|research/refinement_v5/worker_7_lula_dates/sources/web_15.json|https://agenciagov.ebc.com.br/noticias/202511/sabino-nosso-grande-diferencial-competitivo-no-turismo-sao-as-acoes-de-sustentabilidade|official_full_web_extractions_Secom_and_EBC,added,evidence_id;snapshot_path;source_locator;snapshot_kind;sha256,null,"{""evidence_id"": ""V5W7E003"", ""sha256"": ""573374e800c7a66bea3401e02a3ba271d71a076aebd70cf23de4c73b4091407d"", ""snapshot_kind"": ""official_full_web_extractions_Secom_and_EBC"", ""snapshot_path"": ""research/refinement_v5/worker_7_lula_dates/sources/web_15.json"", ""source_locator"": ""https://agenciagov.ebc.com.br/noticias/202511/sabino-nosso-grande-diferencial-competitivo-no-turismo-sao-as-acoes-de-sustentabilidade""}"
evidence_snapshot_links.csv,V5W7E004|research/refinement_v5/worker_7_lula_dates/sources/diary_review_manifest.json|https://imagem.camara.gov.br/pesquisa_diario_basica.asp|bounded_diary_review_scope_and_hashes,added,evidence_id;snapshot_path;source_locator;snapshot_kind;sha256,null,"{""evidence_id"": ""V5W7E004"", ""sha256"": ""302ccd208cca72392e86f2eb5ad1ac908d06aa6ffd93e5817258858d1fd35136"", ""snapshot_kind"": ""bounded_diary_review_scope_and_hashes"", ""snapshot_path"": ""research/refinement_v5/worker_7_lula_dates/sources/diary_review_manifest.json"", ""source_locator"": ""https://imagem.camara.gov.br/pesquisa_diario_basica.asp""}"
evidence_snapshot_links.csv,V5W7E004|research/refinement_v5/worker_7_lula_dates/sources/sabino_20231206_folhapress.html|https://www.acessa.com/politica/2023/12/190467-ministros-do-centrao-encaram-obstaculos-para-ampliar-alianca-de-lula-no-congresso.html|contemporaneous_retrospective_report,added,evidence_id;snapshot_path;source_locator;snapshot_kind;sha256,null,"{""evidence_id"": ""V5W7E004"", ""sha256"": ""f148b53809839d3fd76dcc79dd1164858dd5c24a134aeadeedc58977d5f34caa"", ""snapshot_kind"": ""contemporaneous_retrospective_report"", ""snapshot_path"": ""research/refinement_v5/worker_7_lula_dates/sources/sabino_20231206_folhapress.html"", ""source_locator"": ""https://www.acessa.com/politica/2023/12/190467-ministros-do-centrao-encaram-obstaculos-para-ampliar-alianca-de-lula-no-congresso.html""}"
evidence_snapshot_links.csv,V5W7E004|research/refinement_v5/worker_7_lula_dates/sources/sabino_20231206_folhapress.txt|https://www.acessa.com/politica/2023/12/190467-ministros-do-centrao-encaram-obstaculos-para-ampliar-alianca-de-lula-no-congresso.html|contemporaneous_retrospective_report,added,evidence_id;snapshot_path;source_locator;snapshot_kind;sha256,null,"{""evidence_id"": ""V5W7E004"", ""sha256"": ""93b663ef7724f6d512bcc557b8e17f55aad5b08ecd20eb1dc307f5c56347d437"", ""snapshot_kind"": ""contemporaneous_retrospective_report"", ""snapshot_path"": ""research/refinement_v5/worker_7_lula_dates/sources/sabino_20231206_folhapress.txt"", ""source_locator"": ""https://www.acessa.com/politica/2023/12/190467-ministros-do-centrao-encaram-obstaculos-para-ampliar-alianca-de-lula-no-congresso.html""}"
evidence_snapshot_links.csv,V5W7E005|research/refinement_v5/worker_7_lula_dates/sources/sgip_belem.json|https://sgip3.tse.jus.br/sgip3-consulta/api/v1/orgaoPartidario/consulta?tpAbrangencia=83&sgUeSuperior=PA&sgUe=04278&sqPartido=45&isComposicoesHistoricas=true&dataInicioVigencia=01%2F01%2F2013&dataFimVigencia=19%2F03%2F2026|official_historical_query_target_extract,added,evidence_id;snapshot_path;source_locator;snapshot_kind;sha256,null,"{""evidence_id"": ""V5W7E005"", ""sha256"": ""becf9ff6fc8fbd9f2db8a6820ec95dea04d00d15c009b367921683fb64ed867e"", ""snapshot_kind"": ""official_historical_query_target_extract"", ""snapshot_path"": ""research/refinement_v5/worker_7_lula_dates/sources/sgip_belem.json"", ""source_locator"": ""https://sgip3.tse.jus.br/sgip3-consulta/api/v1/orgaoPartidario/consulta?tpAbrangencia=83&sgUeSuperior=PA&sgUe=04278&sqPartido=45&isComposicoesHistoricas=true&dataInicioVigencia=01%2F01%2F2013&dataFimVigencia=19%2F03%2F2026""}"
evidence_snapshot_links.csv,V5W7E005|research/refinement_v5/worker_7_lula_dates/sources/sgip_df.json|https://sgip3.tse.jus.br/sgip3-consulta/api/v1/orgaoPartidario/consulta?tpAbrangencia=84&sgUe=DF&sqPartido=45&isComposicoesHistoricas=true&dataInicioVigencia=01%2F01%2F2013&dataFimVigencia=19%2F03%2F2026|official_historical_query_target_extract,added,evidence_id;snapshot_path;source_locator;snapshot_kind;sha256,null,"{""evidence_id"": ""V5W7E005"", ""sha256"": ""1d0c5c8cad52b9f85311de1633d636d77df302bf4f65d46152660bb9f5745461"", ""snapshot_kind"": ""official_historical_query_target_extract"", ""snapshot_path"": ""research/refinement_v5/worker_7_lula_dates/sources/sgip_df.json"", ""source_locator"": ""https://sgip3.tse.jus.br/sgip3-consulta/api/v1/orgaoPartidario/consulta?tpAbrangencia=84&sgUe=DF&sqPartido=45&isComposicoesHistoricas=true&dataInicioVigencia=01%2F01%2F2013&dataFimVigencia=19%2F03%2F2026""}"
evidence_snapshot_links.csv,V5W7E005|research/refinement_v5/worker_7_lula_dates/sources/sgip_members_153377.json|https://sgip3.tse.jus.br/sgip3-consulta/api/v1/orgaoPartidario/comAnotacoesEMembros?idOrgaoPartidario=153377&isMembrosAtivos=false|official_historical_query_target_extract,added,evidence_id;snapshot_path;source_locator;snapshot_kind;sha256,null,"{""evidence_id"": ""V5W7E005"", ""sha256"": ""75e5d7d84018a480e636a0d0dead482adb11de3ab651dac70cd6edd28f3873b9"", ""snapshot_kind"": ""official_historical_query_target_extract"", ""snapshot_path"": ""research/refinement_v5/worker_7_lula_dates/sources/sgip_members_153377.json"", ""source_locator"": ""https://sgip3.tse.jus.br/sgip3-consulta/api/v1/orgaoPartidario/comAnotacoesEMembros?idOrgaoPartidario=153377&isMembrosAtivos=false""}"
evidence_snapshot_links.csv,V5W7E005|research/refinement_v5/worker_7_lula_dates/sources/sgip_members_153381.json|https://sgip3.tse.jus.br/sgip3-consulta/api/v1/orgaoPartidario/comAnotacoesEMembros?idOrgaoPartidario=153381&isMembrosAtivos=false|official_historical_query_target_extract,added,evidence_id;snapshot_path;source_locator;snapshot_kind;sha256,null,"{""evidence_id"": ""V5W7E005"", ""sha256"": ""723116ad118a341567a4f1e2168fd178e57e5e846ea2b53ed9b910a522525256"", ""snapshot_kind"": ""official_historical_query_target_extract"", ""snapshot_path"": ""research/refinement_v5/worker_7_lula_dates/sources/sgip_members_153381.json"", ""source_locator"": ""https://sgip3.tse.jus.br/sgip3-consulta/api/v1/orgaoPartidario/comAnotacoesEMembros?idOrgaoPartidario=153381&isMembrosAtivos=false""}"
evidence_snapshot_links.csv,V5W7E005|research/refinement_v5/worker_7_lula_dates/sources/sgip_members_239349.json|https://sgip3.tse.jus.br/sgip3-consulta/api/v1/orgaoPartidario/comAnotacoesEMembros?idOrgaoPartidario=239349&isMembrosAtivos=false|official_historical_query_target_extract,added,evidence_id;snapshot_path;source_locator;snapshot_kind;sha256,null,"{""evidence_id"": ""V5W7E005"", ""sha256"": ""b2ba9674b0229728868793c8d4cb96798c7c209ea5def014d0087af3d0d9435e"", ""snapshot_kind"": ""official_historical_query_target_extract"", ""snapshot_path"": ""research/refinement_v5/worker_7_lula_dates/sources/sgip_members_239349.json"", ""source_locator"": ""https://sgip3.tse.jus.br/sgip3-consulta/api/v1/orgaoPartidario/comAnotacoesEMembros?idOrgaoPartidario=239349&isMembrosAtivos=false""}"
evidence_snapshot_links.csv,V5W7E005|research/refinement_v5/worker_7_lula_dates/sources/sgip_members_240260.json|https://sgip3.tse.jus.br/sgip3-consulta/api/v1/orgaoPartidario/comAnotacoesEMembros?idOrgaoPartidario=240260&isMembrosAtivos=false|official_historical_query_target_extract,added,evidence_id;snapshot_path;source_locator;snapshot_kind;sha256,null,"{""evidence_id"": ""V5W7E005"", ""sha256"": ""95c2e1340de62e7da367406fe8a7bee241589ab1193ead579432172250e30fbd"", ""snapshot_kind"": ""official_historical_query_target_extract"", ""snapshot_path"": ""research/refinement_v5/worker_7_lula_dates/sources/sgip_members_240260.json"", ""source_locator"": ""https://sgip3.tse.jus.br/sgip3-consulta/api/v1/orgaoPartidario/comAnotacoesEMembros?idOrgaoPartidario=240260&isMembrosAtivos=false""}"
evidence_snapshot_links.csv,V5W7E005|research/refinement_v5/worker_7_lula_dates/sources/sgip_members_241375.json|https://sgip3.tse.jus.br/sgip3-consulta/api/v1/orgaoPartidario/comAnotacoesEMembros?idOrgaoPartidario=241375&isMembrosAtivos=false|official_historical_query_target_extract,added,evidence_id;snapshot_path;source_locator;snapshot_kind;sha256,null,"{""evidence_id"": ""V5W7E005"", ""sha256"": ""3ee2052bec5515d3ba8f4e5f490e3429d40289d8aa3cc5479f5fc8c9de1cebe8"", ""snapshot_kind"": ""official_historical_query_target_extract"", ""snapshot_path"": ""research/refinement_v5/worker_7_lula_dates/sources/sgip_members_241375.json"", ""source_locator"": ""https://sgip3.tse.jus.br/sgip3-consulta/api/v1/orgaoPartidario/comAnotacoesEMembros?idOrgaoPartidario=241375&isMembrosAtivos=false""}"
evidence_snapshot_links.csv,V5W7E005|research/refinement_v5/worker_7_lula_dates/sources/sgip_members_244856.json|https://sgip3.tse.jus.br/sgip3-consulta/api/v1/orgaoPartidario/comAnotacoesEMembros?idOrgaoPartidario=244856&isMembrosAtivos=false|official_historical_query_target_extract,added,evidence_id;snapshot_path;source_locator;snapshot_kind;sha256,null,"{""evidence_id"": ""V5W7E005"", ""sha256"": ""31b963253a95c8bdfbf6c60a898d96d38e0cca692c3b7806514750845f6d5227"", ""snapshot_kind"": ""official_historical_query_target_extract"", ""snapshot_path"": ""research/refinement_v5/worker_7_lula_dates/sources/sgip_members_244856.json"", ""source_locator"": ""https://sgip3.tse.jus.br/sgip3-consulta/api/v1/orgaoPartidario/comAnotacoesEMembros?idOrgaoPartidario=244856&isMembrosAtivos=false""}"
evidence_snapshot_links.csv,V5W7E005|research/refinement_v5/worker_7_lula_dates/sources/sgip_members_255962.json|https://sgip3.tse.jus.br/sgip3-consulta/api/v1/orgaoPartidario/comAnotacoesEMembros?idOrgaoPartidario=255962&isMembrosAtivos=false|official_historical_query_target_extract,added,evidence_id;snapshot_path;source_locator;snapshot_kind;sha256,null,"{""evidence_id"": ""V5W7E005"", ""sha256"": ""b99e53d00c125f9c01975fcbb0a99872d985d918a16a7d97309d6c8c5c1ef71f"", ""snapshot_kind"": ""official_historical_query_target_extract"", ""snapshot_path"": ""research/refinement_v5/worker_7_lula_dates/sources/sgip_members_255962.json"", ""source_locator"": ""https://sgip3.tse.jus.br/sgip3-consulta/api/v1/orgaoPartidario/comAnotacoesEMembros?idOrgaoPartidario=255962&isMembrosAtivos=false""}"
evidence_snapshot_links.csv,V5W7E005|research/refinement_v5/worker_7_lula_dates/sources/sgip_members_272494.json|https://sgip3.tse.jus.br/sgip3-consulta/api/v1/orgaoPartidario/comAnotacoesEMembros?idOrgaoPartidario=272494&isMembrosAtivos=false|official_historical_query_target_extract,added,evidence_id;snapshot_path;source_locator;snapshot_kind;sha256,null,"{""evidence_id"": ""V5W7E005"", ""sha256"": ""d776cf1a9cb9a3cf7a40bb7411c006c928f3e9671835dd72ae97a8b2f5e3d887"", ""snapshot_kind"": ""official_historical_query_target_extract"", ""snapshot_path"": ""research/refinement_v5/worker_7_lula_dates/sources/sgip_members_272494.json"", ""source_locator"": ""https://sgip3.tse.jus.br/sgip3-consulta/api/v1/orgaoPartidario/comAnotacoesEMembros?idOrgaoPartidario=272494&isMembrosAtivos=false""}"
evidence_snapshot_links.csv,V5W7E005|research/refinement_v5/worker_7_lula_dates/sources/sgip_members_274194.json|https://sgip3.tse.jus.br/sgip3-consulta/api/v1/orgaoPartidario/comAnotacoesEMembros?idOrgaoPartidario=274194&isMembrosAtivos=false|official_historical_query_target_extract,added,evidence_id;snapshot_path;source_locator;snapshot_kind;sha256,null,"{""evidence_id"": ""V5W7E005"", ""sha256"": ""7c6415d594d77176523fbab78da53ac2528f034e381c8b7d7c6cfd05387abc69"", ""snapshot_kind"": ""official_historical_query_target_extract"", ""snapshot_path"": ""research/refinement_v5/worker_7_lula_dates/sources/sgip_members_274194.json"", ""source_locator"": ""https://sgip3.tse.jus.br/sgip3-consulta/api/v1/orgaoPartidario/comAnotacoesEMembros?idOrgaoPartidario=274194&isMembrosAtivos=false""}"
evidence_snapshot_links.csv,V5W7E005|research/refinement_v5/worker_7_lula_dates/sources/sgip_members_274937.json|https://sgip3.tse.jus.br/sgip3-consulta/api/v1/orgaoPartidario/comAnotacoesEMembros?idOrgaoPartidario=274937&isMembrosAtivos=false|official_historical_query_target_extract,added,evidence_id;snapshot_path;source_locator;snapshot_kind;sha256,null,"{""evidence_id"": ""V5W7E005"", ""sha256"": ""72dd0a176cc423807195737e8621fff1fe3fe53ce6318dcf085e5fbd8f8e835c"", ""snapshot_kind"": ""official_historical_query_target_extract"", ""snapshot_path"": ""research/refinement_v5/worker_7_lula_dates/sources/sgip_members_274937.json"", ""source_locator"": ""https://sgip3.tse.jus.br/sgip3-consulta/api/v1/orgaoPartidario/comAnotacoesEMembros?idOrgaoPartidario=274937&isMembrosAtivos=false""}"
evidence_snapshot_links.csv,V5W7E005|research/refinement_v5/worker_7_lula_dates/sources/sgip_members_276042.json|https://sgip3.tse.jus.br/sgip3-consulta/api/v1/orgaoPartidario/comAnotacoesEMembros?idOrgaoPartidario=276042&isMembrosAtivos=false|official_historical_query_target_extract,added,evidence_id;snapshot_path;source_locator;snapshot_kind;sha256,null,"{""evidence_id"": ""V5W7E005"", ""sha256"": ""ed0c72a90f1ec48ed1583a40cb3f228445f0c5b6a72b6269d46be48c53e90411"", ""snapshot_kind"": ""official_historical_query_target_extract"", ""snapshot_path"": ""research/refinement_v5/worker_7_lula_dates/sources/sgip_members_276042.json"", ""source_locator"": ""https://sgip3.tse.jus.br/sgip3-consulta/api/v1/orgaoPartidario/comAnotacoesEMembros?idOrgaoPartidario=276042&isMembrosAtivos=false""}"
evidence_snapshot_links.csv,V5W7E005|research/refinement_v5/worker_7_lula_dates/sources/sgip_members_383514.json|https://sgip3.tse.jus.br/sgip3-consulta/api/v1/orgaoPartidario/comAnotacoesEMembros?idOrgaoPartidario=383514&isMembrosAtivos=false|official_historical_query_target_extract,added,evidence_id;snapshot_path;source_locator;snapshot_kind;sha256,null,"{""evidence_id"": ""V5W7E005"", ""sha256"": ""9dfe6b02ea6d664c7fe510b9472439e81b11adce26947caf5405f665f9f436d7"", ""snapshot_kind"": ""official_historical_query_target_extract"", ""snapshot_path"": ""research/refinement_v5/worker_7_lula_dates/sources/sgip_members_383514.json"", ""source_locator"": ""https://sgip3.tse.jus.br/sgip3-consulta/api/v1/orgaoPartidario/comAnotacoesEMembros?idOrgaoPartidario=383514&isMembrosAtivos=false""}"
evidence_snapshot_links.csv,V5W7E005|research/refinement_v5/worker_7_lula_dates/sources/sgip_members_414724.json|https://sgip3.tse.jus.br/sgip3-consulta/api/v1/orgaoPartidario/comAnotacoesEMembros?idOrgaoPartidario=414724&isMembrosAtivos=false|official_historical_query_target_extract,added,evidence_id;snapshot_path;source_locator;snapshot_kind;sha256,null,"{""evidence_id"": ""V5W7E005"", ""sha256"": ""9c1cb4a04b8ddc06667439c7f192a6bc3d49ee4d14dc8e8ddce2536e5060e229"", ""snapshot_kind"": ""official_historical_query_target_extract"", ""snapshot_path"": ""research/refinement_v5/worker_7_lula_dates/sources/sgip_members_414724.json"", ""source_locator"": ""https://sgip3.tse.jus.br/sgip3-consulta/api/v1/orgaoPartidario/comAnotacoesEMembros?idOrgaoPartidario=414724&isMembrosAtivos=false""}"
evidence_snapshot_links.csv,V5W7E005|research/refinement_v5/worker_7_lula_dates/sources/sgip_members_439369.json|https://sgip3.tse.jus.br/sgip3-consulta/api/v1/orgaoPartidario/comAnotacoesEMembros?idOrgaoPartidario=439369&isMembrosAtivos=false|official_historical_query_target_extract,added,evidence_id;snapshot_path;source_locator;snapshot_kind;sha256,null,"{""evidence_id"": ""V5W7E005"", ""sha256"": ""a8738a2e1f2a115e6ac38ef6a2327e64cf00784ee5b24cbd40221a64cd6ded41"", ""snapshot_kind"": ""official_historical_query_target_extract"", ""snapshot_path"": ""research/refinement_v5/worker_7_lula_dates/sources/sgip_members_439369.json"", ""source_locator"": ""https://sgip3.tse.jus.br/sgip3-consulta/api/v1/orgaoPartidario/comAnotacoesEMembros?idOrgaoPartidario=439369&isMembrosAtivos=false""}"
evidence_snapshot_links.csv,V5W7E005|research/refinement_v5/worker_7_lula_dates/sources/sgip_members_472737.json|https://sgip3.tse.jus.br/sgip3-consulta/api/v1/orgaoPartidario/comAnotacoesEMembros?idOrgaoPartidario=472737&isMembrosAtivos=false|official_historical_query_target_extract,added,evidence_id;snapshot_path;source_locator;snapshot_kind;sha256,null,"{""evidence_id"": ""V5W7E005"", ""sha256"": ""7dc4cabb9a0c224f750444aa754998f4c29b7d38a7a97c0a36be514ddffc5027"", ""snapshot_kind"": ""official_historical_query_target_extract"", ""snapshot_path"": ""research/refinement_v5/worker_7_lula_dates/sources/sgip_members_472737.json"", ""source_locator"": ""https://sgip3.tse.jus.br/sgip3-consulta/api/v1/orgaoPartidario/comAnotacoesEMembros?idOrgaoPartidario=472737&isMembrosAtivos=false""}"
evidence_snapshot_links.csv,V5W7E005|research/refinement_v5/worker_7_lula_dates/sources/sgip_members_472995.json|https://sgip3.tse.jus.br/sgip3-consulta/api/v1/orgaoPartidario/comAnotacoesEMembros?idOrgaoPartidario=472995&isMembrosAtivos=false|official_historical_query_target_extract,added,evidence_id;snapshot_path;source_locator;snapshot_kind;sha256,null,"{""evidence_id"": ""V5W7E005"", ""sha256"": ""5acd2e20b361e2213d789a43345b2f245849ae1c08ab37b647de85ccdd7367b0"", ""snapshot_kind"": ""official_historical_query_target_extract"", ""snapshot_path"": ""research/refinement_v5/worker_7_lula_dates/sources/sgip_members_472995.json"", ""source_locator"": ""https://sgip3.tse.jus.br/sgip3-consulta/api/v1/orgaoPartidario/comAnotacoesEMembros?idOrgaoPartidario=472995&isMembrosAtivos=false""}"
evidence_snapshot_links.csv,V5W7E005|research/refinement_v5/worker_7_lula_dates/sources/sgip_members_474234.json|https://sgip3.tse.jus.br/sgip3-consulta/api/v1/orgaoPartidario/comAnotacoesEMembros?idOrgaoPartidario=474234&isMembrosAtivos=false|official_historical_query_target_extract,added,evidence_id;snapshot_path;source_locator;snapshot_kind;sha256,null,"{""evidence_id"": ""V5W7E005"", ""sha256"": ""b4232be7d2820af1693ff7ba5992a2a5705176f08d5b8cb273ddf33030877656"", ""snapshot_kind"": ""official_historical_query_target_extract"", ""snapshot_path"": ""research/refinement_v5/worker_7_lula_dates/sources/sgip_members_474234.json"", ""source_locator"": ""https://sgip3.tse.jus.br/sgip3-consulta/api/v1/orgaoPartidario/comAnotacoesEMembros?idOrgaoPartidario=474234&isMembrosAtivos=false""}"
evidence_snapshot_links.csv,V5W7E005|research/refinement_v5/worker_7_lula_dates/sources/sgip_members_477856.json|https://sgip3.tse.jus.br/sgip3-consulta/api/v1/orgaoPartidario/comAnotacoesEMembros?idOrgaoPartidario=477856&isMembrosAtivos=false|official_historical_query_target_extract,added,evidence_id;snapshot_path;source_locator;snapshot_kind;sha256,null,"{""evidence_id"": ""V5W7E005"", ""sha256"": ""717e4e9cf83cc20e4c9e65082d90f68c6d581a22bdcf7f92a4d1df76c25b4657"", ""snapshot_kind"": ""official_historical_query_target_extract"", ""snapshot_path"": ""research/refinement_v5/worker_7_lula_dates/sources/sgip_members_477856.json"", ""source_locator"": ""https://sgip3.tse.jus.br/sgip3-consulta/api/v1/orgaoPartidario/comAnotacoesEMembros?idOrgaoPartidario=477856&isMembrosAtivos=false""}"
evidence_snapshot_links.csv,V5W7E005|research/refinement_v5/worker_7_lula_dates/sources/sgip_members_543279.json|https://sgip3.tse.jus.br/sgip3-consulta/api/v1/orgaoPartidario/comAnotacoesEMembros?idOrgaoPartidario=543279&isMembrosAtivos=false|official_historical_query_target_extract,added,evidence_id;snapshot_path;source_locator;snapshot_kind;sha256,null,"{""evidence_id"": ""V5W7E005"", ""sha256"": ""59fe21894a0c1f6bbbcff9c05a174050061a68d2471a13d8bd1d3c07f9fc6525"", ""snapshot_kind"": ""official_historical_query_target_extract"", ""snapshot_path"": ""research/refinement_v5/worker_7_lula_dates/sources/sgip_members_543279.json"", ""source_locator"": ""https://sgip3.tse.jus.br/sgip3-consulta/api/v1/orgaoPartidario/comAnotacoesEMembros?idOrgaoPartidario=543279&isMembrosAtivos=false""}"
evidence_snapshot_links.csv,V5W7E005|research/refinement_v5/worker_7_lula_dates/sources/sgip_members_575641.json|https://sgip3.tse.jus.br/sgip3-consulta/api/v1/orgaoPartidario/comAnotacoesEMembros?idOrgaoPartidario=575641&isMembrosAtivos=false|official_historical_query_target_extract,added,evidence_id;snapshot_path;source_locator;snapshot_kind;sha256,null,"{""evidence_id"": ""V5W7E005"", ""sha256"": ""1f491ce34abc3d4107db727deacb2d2fcb755c824004d13acfbdb29756e2285c"", ""snapshot_kind"": ""official_historical_query_target_extract"", ""snapshot_path"": ""research/refinement_v5/worker_7_lula_dates/sources/sgip_members_575641.json"", ""source_locator"": ""https://sgip3.tse.jus.br/sgip3-consulta/api/v1/orgaoPartidario/comAnotacoesEMembros?idOrgaoPartidario=575641&isMembrosAtivos=false""}"
evidence_snapshot_links.csv,V5W7E005|research/refinement_v5/worker_7_lula_dates/sources/sgip_members_577422.json|https://sgip3.tse.jus.br/sgip3-consulta/api/v1/orgaoPartidario/comAnotacoesEMembros?idOrgaoPartidario=577422&isMembrosAtivos=false|official_historical_query_target_extract,added,evidence_id;snapshot_path;source_locator;snapshot_kind;sha256,null,"{""evidence_id"": ""V5W7E005"", ""sha256"": ""508c635bb4521ad16f1308bde09516d5d98f6c429e466f6af9e12e574c107dee"", ""snapshot_kind"": ""official_historical_query_target_extract"", ""snapshot_path"": ""research/refinement_v5/worker_7_lula_dates/sources/sgip_members_577422.json"", ""source_locator"": ""https://sgip3.tse.jus.br/sgip3-consulta/api/v1/orgaoPartidario/comAnotacoesEMembros?idOrgaoPartidario=577422&isMembrosAtivos=false""}"
evidence_snapshot_links.csv,V5W7E005|research/refinement_v5/worker_7_lula_dates/sources/sgip_members_578561.json|https://sgip3.tse.jus.br/sgip3-consulta/api/v1/orgaoPartidario/comAnotacoesEMembros?idOrgaoPartidario=578561&isMembrosAtivos=false|official_historical_query_target_extract,added,evidence_id;snapshot_path;source_locator;snapshot_kind;sha256,null,"{""evidence_id"": ""V5W7E005"", ""sha256"": ""8d0e3d47c9b4d17b76760983764dd730e5138d5b8635c3d026be689779a77c23"", ""snapshot_kind"": ""official_historical_query_target_extract"", ""snapshot_path"": ""research/refinement_v5/worker_7_lula_dates/sources/sgip_members_578561.json"", ""source_locator"": ""https://sgip3.tse.jus.br/sgip3-consulta/api/v1/orgaoPartidario/comAnotacoesEMembros?idOrgaoPartidario=578561&isMembrosAtivos=false""}"
evidence_snapshot_links.csv,V5W7E005|research/refinement_v5/worker_7_lula_dates/sources/sgip_members_579560.json|https://sgip3.tse.jus.br/sgip3-consulta/api/v1/orgaoPartidario/comAnotacoesEMembros?idOrgaoPartidario=579560&isMembrosAtivos=false|official_historical_query_target_extract,added,evidence_id;snapshot_path;source_locator;snapshot_kind;sha256,null,"{""evidence_id"": ""V5W7E005"", ""sha256"": ""8204fb762746db21b49b308523f73092b1724b0f00d012d7d62a810a5cf05080"", ""snapshot_kind"": ""official_historical_query_target_extract"", ""snapshot_path"": ""research/refinement_v5/worker_7_lula_dates/sources/sgip_members_579560.json"", ""source_locator"": ""https://sgip3.tse.jus.br/sgip3-consulta/api/v1/orgaoPartidario/comAnotacoesEMembros?idOrgaoPartidario=579560&isMembrosAtivos=false""}"
evidence_snapshot_links.csv,V5W7E005|research/refinement_v5/worker_7_lula_dates/sources/sgip_members_583521.json|https://sgip3.tse.jus.br/sgip3-consulta/api/v1/orgaoPartidario/comAnotacoesEMembros?idOrgaoPartidario=583521&isMembrosAtivos=false|official_historical_query_target_extract,added,evidence_id;snapshot_path;source_locator;snapshot_kind;sha256,null,"{""evidence_id"": ""V5W7E005"", ""sha256"": ""bec08962da8ebedd445e6492dd04ec14ed1d164cd62c97cb58bc3542986b94e9"", ""snapshot_kind"": ""official_historical_query_target_extract"", ""snapshot_path"": ""research/refinement_v5/worker_7_lula_dates/sources/sgip_members_583521.json"", ""source_locator"": ""https://sgip3.tse.jus.br/sgip3-consulta/api/v1/orgaoPartidario/comAnotacoesEMembros?idOrgaoPartidario=583521&isMembrosAtivos=false""}"
evidence_snapshot_links.csv,V5W7E005|research/refinement_v5/worker_7_lula_dates/sources/sgip_members_70971.json|https://sgip3.tse.jus.br/sgip3-consulta/api/v1/orgaoPartidario/comAnotacoesEMembros?idOrgaoPartidario=70971&isMembrosAtivos=false|official_historical_query_target_extract,added,evidence_id;snapshot_path;source_locator;snapshot_kind;sha256,null,"{""evidence_id"": ""V5W7E005"", ""sha256"": ""8aaddc2530d148e884418f0ac2286bd0fce69ce18fa4563b4e62470d8e9ee8d1"", ""snapshot_kind"": ""official_historical_query_target_extract"", ""snapshot_path"": ""research/refinement_v5/worker_7_lula_dates/sources/sgip_members_70971.json"", ""source_locator"": ""https://sgip3.tse.jus.br/sgip3-consulta/api/v1/orgaoPartidario/comAnotacoesEMembros?idOrgaoPartidario=70971&isMembrosAtivos=false""}"
evidence_snapshot_links.csv,V5W7E005|research/refinement_v5/worker_7_lula_dates/sources/sgip_members_70972.json|https://sgip3.tse.jus.br/sgip3-consulta/api/v1/orgaoPartidario/comAnotacoesEMembros?idOrgaoPartidario=70972&isMembrosAtivos=false|official_historical_query_target_extract,added,evidence_id;snapshot_path;source_locator;snapshot_kind;sha256,null,"{""evidence_id"": ""V5W7E005"", ""sha256"": ""0258c5d39069cebc13088cff170138ff4c59e317534be4dce2055162eec1dbeb"", ""snapshot_kind"": ""official_historical_query_target_extract"", ""snapshot_path"": ""research/refinement_v5/worker_7_lula_dates/sources/sgip_members_70972.json"", ""source_locator"": ""https://sgip3.tse.jus.br/sgip3-consulta/api/v1/orgaoPartidario/comAnotacoesEMembros?idOrgaoPartidario=70972&isMembrosAtivos=false""}"
evidence_snapshot_links.csv,V5W7E005|research/refinement_v5/worker_7_lula_dates/sources/sgip_members_94150.json|https://sgip3.tse.jus.br/sgip3-consulta/api/v1/orgaoPartidario/comAnotacoesEMembros?idOrgaoPartidario=94150&isMembrosAtivos=false|official_historical_query_target_extract,added,evidence_id;snapshot_path;source_locator;snapshot_kind;sha256,null,"{""evidence_id"": ""V5W7E005"", ""sha256"": ""3dae38d378298d0c5480058a7effbcf6ca9eb9edbff58448eb2e767609e0be74"", ""snapshot_kind"": ""official_historical_query_target_extract"", ""snapshot_path"": ""research/refinement_v5/worker_7_lula_dates/sources/sgip_members_94150.json"", ""source_locator"": ""https://sgip3.tse.jus.br/sgip3-consulta/api/v1/orgaoPartidario/comAnotacoesEMembros?idOrgaoPartidario=94150&isMembrosAtivos=false""}"
evidence_snapshot_links.csv,V5W7E005|research/refinement_v5/worker_7_lula_dates/sources/sgip_national.json|https://sgip3.tse.jus.br/sgip3-consulta/api/v1/orgaoPartidario/consulta?tpAbrangencia=81&sgUe=BR&sqPartido=45&isComposicoesHistoricas=true&dataInicioVigencia=01%2F01%2F2013&dataFimVigencia=19%2F03%2F2026|official_historical_query_target_extract,added,evidence_id;snapshot_path;source_locator;snapshot_kind;sha256,null,"{""evidence_id"": ""V5W7E005"", ""sha256"": ""9630ac3e7a9fd7b0301071bd0bdac08a25fa58e69b9e1599e5c53caaeba257ee"", ""snapshot_kind"": ""official_historical_query_target_extract"", ""snapshot_path"": ""research/refinement_v5/worker_7_lula_dates/sources/sgip_national.json"", ""source_locator"": ""https://sgip3.tse.jus.br/sgip3-consulta/api/v1/orgaoPartidario/consulta?tpAbrangencia=81&sgUe=BR&sqPartido=45&isComposicoesHistoricas=true&dataInicioVigencia=01%2F01%2F2013&dataFimVigencia=19%2F03%2F2026""}"
evidence_snapshot_links.csv,V5W7E005|research/refinement_v5/worker_7_lula_dates/sources/sgip_pa.json|https://sgip3.tse.jus.br/sgip3-consulta/api/v1/orgaoPartidario/consulta?tpAbrangencia=82&sgUe=PA&sqPartido=45&isComposicoesHistoricas=true&dataInicioVigencia=01%2F01%2F2013&dataFimVigencia=19%2F03%2F2026|official_historical_query_target_extract,added,evidence_id;snapshot_path;source_locator;snapshot_kind;sha256,null,"{""evidence_id"": ""V5W7E005"", ""sha256"": ""4070ce0c27dc18cca0e8d7e5d3b3b1642384aa1108323a3446f3262b919b0ad9"", ""snapshot_kind"": ""official_historical_query_target_extract"", ""snapshot_path"": ""research/refinement_v5/worker_7_lula_dates/sources/sgip_pa.json"", ""source_locator"": ""https://sgip3.tse.jus.br/sgip3-consulta/api/v1/orgaoPartidario/consulta?tpAbrangencia=82&sgUe=PA&sqPartido=45&isComposicoesHistoricas=true&dataInicioVigencia=01%2F01%2F2013&dataFimVigencia=19%2F03%2F2026""}"
evidence_snapshot_links.csv,V5W7E005|research/refinement_v5/worker_7_lula_dates/sources/sgip_scan_summary.json|https://sgip3.tse.jus.br/sgip3-consulta/|scoped_historical_governing_body_query_summary,added,evidence_id;snapshot_path;source_locator;snapshot_kind;sha256,null,"{""evidence_id"": ""V5W7E005"", ""sha256"": ""0ba00533a2c684f363c43d566242b427cd9a6eaee68da185579fb5a42b3eb818"", ""snapshot_kind"": ""scoped_historical_governing_body_query_summary"", ""snapshot_path"": ""research/refinement_v5/worker_7_lula_dates/sources/sgip_scan_summary.json"", ""source_locator"": ""https://sgip3.tse.jus.br/sgip3-consulta/""}"
sensitivity_constraints.csv,transition-person-20d6d1c35408,updated,earliest_effective_date;candidate_dates;constraints;evidence_ids,"{""after_party_id"": """", ""after_state"": ""UNAFFILIATED"", ""baseline_effective_date"": ""2020-06-18"", ""before_party_id"": ""PSDB"", ""before_state"": ""PARTY"", ""candidate_dates"": ""2020-02-12;2020-02-13;2020-02-14;2020-02-15;2020-02-16;2020-02-17;2020-02-18;2020-02-19;2020-02-20;2020-02-21;2020-02-22;2020-02-23;2020-02-24;2020-02-25;2020-02-26;2020-02-27;2020-02-28;2020-02-29;2020-03-01;2020-03-02;2020-03-03;2020-03-04;2020-03-05;2020-03-06;2020-03-07;2020-03-08;2020-03-09;2020-03-10;2020-03-11;2020-03-12;2020-03-13;2020-03-14;2020-03-15;2020-03-16;2020-03-17;2020-03-18;2020-03-19;2020-03-20;2020-03-21;2020-03-22;2020-03-23;2020-03-24;2020-03-25;2020-03-26;2020-03-27;2020-03-28;2020-03-29;2020-03-30;2020-03-31;2020-04-01;2020-04-02;2020-04-03;2020-04-04;2020-04-05;2020-04-06;2020-04-07;2020-04-08;2020-04-09;2020-04-10;2020-04-11;2020-04-12;2020-04-13;2020-04-14;2020-04-15;2020-04-16;2020-04-17;2020-04-18;2020-04-19;2020-04-20;2020-04-21;2020-04-22;2020-04-23;2020-04-24;2020-04-25;2020-04-26;2020-04-27;2020-04-28;2020-04-29;2020-04-30;2020-05-01;2020-05-02;2020-05-03;2020-05-04;2020-05-05;2020-05-06;2020-05-07;2020-05-08;2020-05-09;2020-05-10;2020-05-11;2020-05-12;2020-05-13;2020-05-14;2020-05-15;2020-05-16;2020-05-17;2020-05-18;2020-05-19;2020-05-20;2020-05-21;2020-05-22;2020-05-23;2020-05-24;2020-05-25;2020-05-26;2020-05-27;2020-05-28;2020-05-29;2020-05-30;2020-05-31;2020-06-01;2020-06-02;2020-06-03;2020-06-04;2020-06-05;2020-06-06;2020-06-07;2020-06-08;2020-06-09;2020-06-10;2020-06-11;2020-06-12;2020-06-13;2020-06-14;2020-06-15;2020-06-16;2020-06-17;2020-06-18"", ""constraints"": ""Exactly one transition, linked adjacent before/after states; all intermediate dates admissible. Intersect actual service and preserve concurrent events."", ""earliest_effective_date"": ""2020-02-12"", ""event_type"": ""affiliation_change"", ""evidence_ids"": ""AFF-024;AFF-025;BOL-E12;BOL-E13"", ""latest_effective_date"": ""2020-06-18"", ""linked_affiliation_ids"": ""affiliation-55eb812b0488;affiliation-92b6d60a8748"", ""linked_service_ids"": ""service-jair_bolsonaro-0-52"", ""person_id"": ""person-20d6d1c35408"", ""uncertainty_id"": ""transition-person-20d6d1c35408""}","{""after_party_id"": """", ""after_state"": ""UNAFFILIATED"", ""baseline_effective_date"": ""2020-06-18"", ""before_party_id"": ""PSDB"", ""before_state"": ""PARTY"", ""candidate_dates"": ""2020-06-16;2020-06-17;2020-06-18"", ""constraints"": ""Exactly one transition; linked adjacent before/after states; every date within newly narrowed bounds admissible. Bounds adjudicated from latest positive contemporary report and completed-prior-departure report, not certified exact registry exit. Intersect actual service and preserve concurrent events."", ""earliest_effective_date"": ""2020-06-16"", ""event_type"": ""affiliation_change"", ""evidence_ids"": ""AFF-024;AFF-025;BOL-E12;BOL-E13;V5W6E04;V5W6E05;V5W6E06;V5W6E08;V5W6E09;V5W6E10"", ""latest_effective_date"": ""2020-06-18"", ""linked_affiliation_ids"": ""affiliation-55eb812b0488;affiliation-92b6d60a8748"", ""linked_service_ids"": ""service-jair_bolsonaro-0-52"", ""person_id"": ""person-20d6d1c35408"", ""uncertainty_id"": ""transition-person-20d6d1c35408""}"
sensitivity_constraints.csv,transition-person-87ad75f8d2f9,updated,earliest_effective_date;candidate_dates;constraints;evidence_ids,"{""after_party_id"": """", ""after_state"": ""UNAFFILIATED"", ""baseline_effective_date"": ""2020-09-19"", ""before_party_id"": ""PP"", ""before_state"": ""PARTY"", ""candidate_dates"": ""2020-08-27;2020-08-28;2020-08-29;2020-08-30;2020-08-31;2020-09-01;2020-09-02;2020-09-03;2020-09-04;2020-09-05;2020-09-06;2020-09-07;2020-09-08;2020-09-09;2020-09-10;2020-09-11;2020-09-12;2020-09-13;2020-09-14;2020-09-15;2020-09-16;2020-09-17;2020-09-18;2020-09-19"", ""constraints"": ""Exactly one transition, linked adjacent before/after states; all intermediate dates admissible. Intersect actual service and preserve concurrent events."", ""earliest_effective_date"": ""2020-08-27"", ""event_type"": ""affiliation_change"", ""evidence_ids"": ""AFF-013;AFF-014;AFF-015;AFF-055;AFF-056;BOL-E01;BOL-E02;BOL-E18"", ""latest_effective_date"": ""2020-09-19"", ""linked_affiliation_ids"": ""affiliation-b2eb8d8beb97;affiliation-f17728f50dd7"", ""linked_service_ids"": ""service-jair_bolsonaro-0-63"", ""person_id"": ""person-87ad75f8d2f9"", ""uncertainty_id"": ""transition-person-87ad75f8d2f9""}","{""after_party_id"": """", ""after_state"": ""UNAFFILIATED"", ""baseline_effective_date"": ""2020-09-19"", ""before_party_id"": ""PP"", ""before_state"": ""PARTY"", ""candidate_dates"": ""2020-09-04;2020-09-05;2020-09-06;2020-09-07;2020-09-08;2020-09-09;2020-09-10;2020-09-11;2020-09-12;2020-09-13;2020-09-14;2020-09-15;2020-09-16;2020-09-17;2020-09-18;2020-09-19"", ""constraints"": ""Exactly one transition; linked adjacent before/after states; every date within newly narrowed bounds admissible. Bounds adjudicated from latest positive contemporary report and completed-prior-departure report, not certified exact registry exit. Intersect actual service and preserve concurrent events."", ""earliest_effective_date"": ""2020-09-04"", ""event_type"": ""affiliation_change"", ""evidence_ids"": ""AFF-013;AFF-014;AFF-015;AFF-055;AFF-056;BOL-E01;BOL-E02;BOL-E18;V5W6E03;V5W6E07;V5W6E09;V5W6E10"", ""latest_effective_date"": ""2020-09-19"", ""linked_affiliation_ids"": ""affiliation-b2eb8d8beb97;affiliation-f17728f50dd7"", ""linked_service_ids"": ""service-jair_bolsonaro-0-63"", ""person_id"": ""person-87ad75f8d2f9"", ""uncertainty_id"": ""transition-person-87ad75f8d2f9""}"
service_sensitivity_constraints.csv,mre-2021-effective-entry,updated,constraints;evidence_ids,"{""administration_id"": ""bolsonaro"", ""baseline_effective_date"": ""2021-03-31"", ""candidate_dates"": ""2021-03-30;2021-03-31"", ""constraints"": ""March31 is the latest actual-direction observation; published appointment March30 is the earlier admissible boundary. Move vacancy replacement end and titular start together. April6 public possession is retained as an administrative date discrepancy, not the effective-service bound after earlier observed direction. Brandelli personal affiliation remains unbounded: never equate UNKNOWN to unaffiliated in this sensitivity."", ""earliest_effective_date"": ""2021-03-30"", ""evidence_ids"": ""C063;C072"", ""incoming_party_id"": """", ""incoming_person_id"": ""person-ebaf14a16f4d"", ""incoming_state"": ""UNAFFILIATED"", ""latest_effective_date"": ""2021-03-31"", ""office_id"": ""bolsonaro-relacoes-exteriores"", ""outgoing_party_id"": """", ""outgoing_person_id"": ""person-otavio-brandelli"", ""outgoing_state"": ""UNKNOWN"", ""uncertainty_id"": ""mre-2021-effective-entry""}","{""administration_id"": ""bolsonaro"", ""baseline_effective_date"": ""2021-03-31"", ""candidate_dates"": ""2021-03-30;2021-03-31"", ""constraints"": ""March31 is the latest actual-direction observation; published appointment March30 is the earlier admissible boundary. Move vacancy replacement end and titular start together. April6 public possession is retained as an administrative date discrepancy, not the effective-service bound after earlier observed direction. Brandelli personal affiliation remains unbounded: never equate UNKNOWN to unaffiliated in this sensitivity. V5 original Senate dossier and scoped Garibaldi registry do not establish or bound Brandelli personal affiliation; retain the outgoing UNKNOWN state."", ""earliest_effective_date"": ""2021-03-30"", ""evidence_ids"": ""C063;C072;V5W4E002"", ""incoming_party_id"": """", ""incoming_person_id"": ""person-ebaf14a16f4d"", ""incoming_state"": ""UNAFFILIATED"", ""latest_effective_date"": ""2021-03-31"", ""office_id"": ""bolsonaro-relacoes-exteriores"", ""outgoing_party_id"": """", ""outgoing_person_id"": ""person-otavio-brandelli"", ""outgoing_state"": ""UNKNOWN"", ""uncertainty_id"": ""mre-2021-effective-entry""}"
service_sensitivity_constraints.csv,sabino-2023-return,updated,constraints;evidence_ids,"{""administration_id"": ""lula_3"", ""baseline_effective_date"": ""2023-12-06"", ""candidate_dates"": ""2023-12-04;2023-12-05;2023-12-06"", ""constraints"": ""CNN reports resumed command Dec4 and Senate describes a ministerial meeting that day. Neither is discarded. Actual parliamentary roll call Dec5 and licence Dec6 prevent treating Dec4 as exact uncontested return. Ana Carla signature alone would not establish absence; here independently documented dismissal and continued legislative exercise are essential. Move outgoing vacancy end and titular start jointly; C075 adjudicates the outgoing personal affiliation as PSDB; move adjacent service endpoints jointly."", ""earliest_effective_date"": ""2023-12-04"", ""evidence_ids"": ""C073;C075"", ""incoming_party_id"": ""UNIAO"", ""incoming_person_id"": ""person-96c220ae0629"", ""incoming_state"": ""PARTY"", ""latest_effective_date"": ""2023-12-06"", ""office_id"": ""lula_3-turismo"", ""outgoing_party_id"": ""PSDB"", ""outgoing_person_id"": ""person-ana-carla-machado-lopes"", ""outgoing_state"": ""PARTY"", ""uncertainty_id"": ""sabino-2023-return""}","{""administration_id"": ""lula_3"", ""baseline_effective_date"": ""2023-12-06"", ""candidate_dates"": ""2023-12-04;2023-12-05;2023-12-06"", ""constraints"": ""Retain Dec4-Dec6 candidates and primaryDec6. New retrospective Folhapress evidence corroborates actual ministerial return on Dec4, while C073 retains actual parliamentary voting Dec5 and licenceDec6. Reviewed original dispatch sections Dec6-16 did not yield a possession or handoff record. Neither announcement nor legislative administrative date alone resolves the conflicting actual histories; no defensible narrowing. Move Ana Carla vacancy end and Sabino titular start jointly under the existing closing-state rule. C075 supplies outgoing PSDB affiliation; incoming UNIAO."", ""earliest_effective_date"": ""2023-12-04"", ""evidence_ids"": ""C073;C075;V5W7E004"", ""incoming_party_id"": ""UNIAO"", ""incoming_person_id"": ""person-96c220ae0629"", ""incoming_state"": ""PARTY"", ""latest_effective_date"": ""2023-12-06"", ""office_id"": ""lula_3-turismo"", ""outgoing_party_id"": ""PSDB"", ""outgoing_person_id"": ""person-ana-carla-machado-lopes"", ""outgoing_state"": ""PARTY"", ""uncertainty_id"": ""sabino-2023-return""}"
service_sensitivity_constraints.csv,sabino-2025-nov-return,updated,constraints;evidence_ids,"{""administration_id"": ""lula_3"", ""baseline_effective_date"": ""2025-11-17"", ""candidate_dates"": ""2025-11-14;2025-11-15;2025-11-16;2025-11-17"", ""constraints"": ""Reappointment decree13 published14, and contemporaneous ministry statement expected return14; parliamentary licence begins17. Ana Carla explicitly scheduled as minister substitute Nov14. Preserve3-day date uncertainty; scheduled event is not proof she actually executed agreement. Move outgoing vacancy end and titular start jointly; C075 adjudicates the outgoing personal affiliation as PSDB; move adjacent service endpoints jointly."", ""earliest_effective_date"": ""2025-11-14"", ""evidence_ids"": ""C073;C075"", ""incoming_party_id"": ""UNIAO"", ""incoming_person_id"": ""person-96c220ae0629"", ""incoming_state"": ""PARTY"", ""latest_effective_date"": ""2025-11-17"", ""office_id"": ""lula_3-turismo"", ""outgoing_party_id"": ""PSDB"", ""outgoing_person_id"": ""person-ana-carla-machado-lopes"", ""outgoing_state"": ""PARTY"", ""uncertainty_id"": ""sabino-2025-nov-return""}","{""administration_id"": ""lula_3"", ""baseline_effective_date"": ""2025-11-17"", ""candidate_dates"": ""2025-11-14;2025-11-15;2025-11-16;2025-11-17"", ""constraints"": ""Retain Nov14-Nov17 candidates and primaryNov17. The Nov14 Orla ceremony is now retrospectively verified, improving the earlier scheduled-only evidence, but an event at one time cannot exclude a later same-day closing-state handoff. The Nov15 weekly recap does not date the quoted remarks independently. Original Chamber dispatch explicitly makes parliamentary leave effective at notificationNov17 19h36, not ministerial possession. Official Secom/EBC reporting proves ministerial exercise on the morning of17, independently supporting that latest bound. Decree13/publication14 and expectedreturn14 remain admissible; no exact handoff record excludes dates14-16. Move outgoing vacancy end and titular start jointly; C075 supplies outgoing PSDB affiliation; incoming UNIAO."", ""earliest_effective_date"": ""2025-11-14"", ""evidence_ids"": ""C073;C075;V5W7E001;V5W7E002;V5W7E003"", ""incoming_party_id"": ""UNIAO"", ""incoming_person_id"": ""person-96c220ae0629"", ""incoming_state"": ""PARTY"", ""latest_effective_date"": ""2025-11-17"", ""office_id"": ""lula_3-turismo"", ""outgoing_party_id"": ""PSDB"", ""outgoing_person_id"": ""person-ana-carla-machado-lopes"", ""outgoing_state"": ""PARTY"", ""uncertainty_id"": ""sabino-2025-nov-return""}"
services.csv,service-C034-carlos-henrique-menezes-sobral,updated,scope_decision;evidence_ids;decision_ids,"{""administration_id"": ""temer"", ""capacity"": ""vacancy_acting"", ""date_earliest"": """", ""date_latest"": """", ""date_status"": ""adjudicated_succession"", ""decision_ids"": ""C034"", ""end_exclusive"": ""2019-01-01"", ""evidence_ids"": ""C034"", ""included"": ""true"", ""office_id"": ""temer-secretaria-governo"", ""office_name"": ""Secretaria de Governo"", ""person_id"": ""person-carlos-henrique-menezes-sobral"", ""person_name"": ""Carlos Henrique Menezes Sobral"", ""raw_date_semantics"": ""Half-open reconstructed succession"", ""raw_end"": ""2019-01-01"", ""raw_start"": ""2018-12-31"", ""scope_decision"": ""Documented acting service following formal departure; affiliation researched independently"", ""service_id"": ""service-C034-carlos-henrique-menezes-sobral"", ""source_record_ids"": ""C034"", ""start_inclusive"": ""2018-12-31""}","{""administration_id"": ""temer"", ""capacity"": ""vacancy_acting"", ""date_earliest"": """", ""date_latest"": """", ""date_status"": ""adjudicated_succession"", ""decision_ids"": ""C034;V5W2D002"", ""end_exclusive"": ""2019-01-01"", ""evidence_ids"": ""C034;V5W2E003"", ""included"": ""true"", ""office_id"": ""temer-secretaria-governo"", ""office_name"": ""Secretaria de Governo"", ""person_id"": ""person-carlos-henrique-menezes-sobral"", ""person_name"": ""Carlos Henrique Menezes Sobral"", ""raw_date_semantics"": ""Half-open reconstructed succession"", ""raw_end"": ""2019-01-01"", ""raw_start"": ""2018-12-31"", ""scope_decision"": ""Statutory executive-secretary succession after Marun formal departure; original DOU fixes Sobral own departure effective January1 2019; no separate vacancy-specific naming decree claimed"", ""service_id"": ""service-C034-carlos-henrique-menezes-sobral"", ""source_record_ids"": ""C034"", ""start_inclusive"": ""2018-12-31""}"
services.csv,service-C073-sabino-1,updated,evidence_ids;decision_ids,"{""administration_id"": ""lula_3"", ""capacity"": ""titular"", ""date_earliest"": """", ""date_latest"": """", ""date_status"": ""adjudicated_documented_actual_service"", ""decision_ids"": ""C073;OFF-041;R27"", ""end_exclusive"": ""2024-12-03"", ""evidence_ids"": ""AFF-034;C073;LEG-68b75f23e045"", ""included"": ""true"", ""office_id"": ""lula_3-turismo"", ""office_name"": ""Turismo"", ""person_id"": ""person-96c220ae0629"", ""person_name"": ""Celso Sabino"", ""raw_date_semantics"": ""Inherited continuous raw roster endpoints retained for comparison; reconstructed actual-service segment endpoints follow C073 dated decrees and legislative licences, with bounds in sabino_date_conflicts.json"", ""raw_end"": ""2025-12-23"", ""raw_start"": ""2023-08-03"", ""scope_decision"": ""Minister of State criterion; inherited qualifying office reviewed with OFF legal scope ledger"", ""service_id"": ""service-C073-sabino-1"", ""source_record_ids"": ""lula_2023_presente:2:46"", ""start_inclusive"": ""2023-12-06""}","{""administration_id"": ""lula_3"", ""capacity"": ""titular"", ""date_earliest"": """", ""date_latest"": """", ""date_status"": ""adjudicated_documented_actual_service"", ""decision_ids"": ""C073;OFF-041;R27;V5W7D001"", ""end_exclusive"": ""2024-12-03"", ""evidence_ids"": ""AFF-034;C073;LEG-68b75f23e045;V5W7E004"", ""included"": ""true"", ""office_id"": ""lula_3-turismo"", ""office_name"": ""Turismo"", ""person_id"": ""person-96c220ae0629"", ""person_name"": ""Celso Sabino"", ""raw_date_semantics"": ""Inherited continuous raw roster endpoints retained for comparison; reconstructed actual-service segment endpoints follow C073 dated decrees and legislative licences, with bounds in sabino_date_conflicts.json"", ""raw_end"": ""2025-12-23"", ""raw_start"": ""2023-08-03"", ""scope_decision"": ""Minister of State criterion; inherited qualifying office reviewed with OFF legal scope ledger"", ""service_id"": ""service-C073-sabino-1"", ""source_record_ids"": ""lula_2023_presente:2:46"", ""start_inclusive"": ""2023-12-06""}"
services.csv,service-C073-sabino-5,updated,raw_date_semantics;evidence_ids;decision_ids,"{""administration_id"": ""lula_3"", ""capacity"": ""titular"", ""date_earliest"": """", ""date_latest"": """", ""date_status"": ""adjudicated_documented_actual_service"", ""decision_ids"": ""C073;OFF-041;R27"", ""end_exclusive"": ""2025-12-19"", ""evidence_ids"": ""AFF-034;C073;LEG-68b75f23e045"", ""included"": ""true"", ""office_id"": ""lula_3-turismo"", ""office_name"": ""Turismo"", ""person_id"": ""person-96c220ae0629"", ""person_name"": ""Celso Sabino"", ""raw_date_semantics"": ""Inherited continuous raw roster endpoints retained for comparison; reconstructed actual-service segment endpoints follow C073 dated decrees and legislative licences, with bounds in sabino_date_conflicts.json"", ""raw_end"": ""2025-12-23"", ""raw_start"": ""2023-08-03"", ""scope_decision"": ""Minister of State criterion; inherited qualifying office reviewed with OFF legal scope ledger"", ""service_id"": ""service-C073-sabino-5"", ""source_record_ids"": ""lula_2023_presente:2:46"", ""start_inclusive"": ""2025-11-17""}","{""administration_id"": ""lula_3"", ""capacity"": ""titular"", ""date_earliest"": """", ""date_latest"": """", ""date_status"": ""adjudicated_documented_actual_service"", ""decision_ids"": ""C073;OFF-041;R27;V5W7D002"", ""end_exclusive"": ""2025-12-19"", ""evidence_ids"": ""AFF-034;C073;LEG-68b75f23e045;V5W7E001;V5W7E002;V5W7E003"", ""included"": ""true"", ""office_id"": ""lula_3-turismo"", ""office_name"": ""Turismo"", ""person_id"": ""person-96c220ae0629"", ""person_name"": ""Celso Sabino"", ""raw_date_semantics"": ""Inherited continuous raw roster endpoints retained for comparison; reconstructed actual-service segment endpoints follow C073 dated decrees and legislative licences, with bounds in sabino_date_conflicts.json; V5W7D002 separates actual ministerial exercise, formal reappointment and parliamentary notification; all interval endpoints retained"", ""raw_end"": ""2025-12-23"", ""raw_start"": ""2023-08-03"", ""scope_decision"": ""Minister of State criterion; inherited qualifying office reviewed with OFF legal scope ledger"", ""service_id"": ""service-C073-sabino-5"", ""source_record_ids"": ""lula_2023_presente:2:46"", ""start_inclusive"": ""2025-11-17""}"
services.csv,service-C073-vacancy-1,updated,evidence_ids;decision_ids,"{""administration_id"": ""lula_3"", ""capacity"": ""vacancy_acting"", ""date_earliest"": """", ""date_latest"": """", ""date_status"": ""adjudicated_documented_vacancy_succession"", ""decision_ids"": ""C073"", ""end_exclusive"": ""2023-12-06"", ""evidence_ids"": ""C073"", ""included"": ""true"", ""office_id"": ""lula_3-turismo"", ""office_name"": ""Turismo"", ""person_id"": ""person-ana-carla-machado-lopes"", ""person_name"": ""Ana Carla Machado Lopes"", ""raw_date_semantics"": ""Adjudicated half-open succession; independent source assertions retained in sabino_vacancy_successions.csv and sabino_date_conflicts.json"", ""raw_end"": ""2023-12-06"", ""raw_start"": ""2023-12-04"", ""scope_decision"": ""Carlos designation expired Dec3; Ana Carla was secretary-executive, the statutory substitute; her Dec4 portaria is corroboration in an independently documented vacancy."", ""service_id"": ""service-C073-vacancy-1"", ""source_record_ids"": ""SABINO-2023-B"", ""start_inclusive"": ""2023-12-04""}","{""administration_id"": ""lula_3"", ""capacity"": ""vacancy_acting"", ""date_earliest"": """", ""date_latest"": """", ""date_status"": ""adjudicated_documented_vacancy_succession"", ""decision_ids"": ""C073;V5W7D001"", ""end_exclusive"": ""2023-12-06"", ""evidence_ids"": ""C073;V5W7E004"", ""included"": ""true"", ""office_id"": ""lula_3-turismo"", ""office_name"": ""Turismo"", ""person_id"": ""person-ana-carla-machado-lopes"", ""person_name"": ""Ana Carla Machado Lopes"", ""raw_date_semantics"": ""Adjudicated half-open succession; independent source assertions retained in sabino_vacancy_successions.csv and sabino_date_conflicts.json"", ""raw_end"": ""2023-12-06"", ""raw_start"": ""2023-12-04"", ""scope_decision"": ""Carlos designation expired Dec3; Ana Carla was secretary-executive, the statutory substitute; her Dec4 portaria is corroboration in an independently documented vacancy."", ""service_id"": ""service-C073-vacancy-1"", ""source_record_ids"": ""SABINO-2023-B"", ""start_inclusive"": ""2023-12-04""}"
services.csv,service-C073-vacancy-5,updated,scope_decision;raw_date_semantics;evidence_ids;decision_ids,"{""administration_id"": ""lula_3"", ""capacity"": ""vacancy_acting"", ""date_earliest"": """", ""date_latest"": """", ""date_status"": ""adjudicated_documented_vacancy_succession"", ""decision_ids"": ""C073"", ""end_exclusive"": ""2025-11-17"", ""evidence_ids"": ""C073"", ""included"": ""true"", ""office_id"": ""lula_3-turismo"", ""office_name"": ""Turismo"", ""person_id"": ""person-ana-carla-machado-lopes"", ""person_name"": ""Ana Carla Machado Lopes"", ""raw_date_semantics"": ""Adjudicated half-open succession; independent source assertions retained in sabino_vacancy_successions.csv and sabino_date_conflicts.json"", ""raw_end"": ""2025-11-17"", ""raw_start"": ""2025-11-13"", ""scope_decision"": ""Ana Carla statutory deputy, explicitly announced as acting minister signing Orla agreement Nov14; preserve that source as contemporaneous scheduled activity, not retrospectively verified execution."", ""service_id"": ""service-C073-vacancy-5"", ""source_record_ids"": ""SABINO-2025-NOV"", ""start_inclusive"": ""2025-11-13""}","{""administration_id"": ""lula_3"", ""capacity"": ""vacancy_acting"", ""date_earliest"": """", ""date_latest"": """", ""date_status"": ""adjudicated_documented_vacancy_succession"", ""decision_ids"": ""C073;V5W7D002"", ""end_exclusive"": ""2025-11-17"", ""evidence_ids"": ""C073;V5W7E001;V5W7E002;V5W7E003"", ""included"": ""true"", ""office_id"": ""lula_3-turismo"", ""office_name"": ""Turismo"", ""person_id"": ""person-ana-carla-machado-lopes"", ""person_name"": ""Ana Carla Machado Lopes"", ""raw_date_semantics"": ""Adjudicated half-open succession; independent source assertions retained in sabino_vacancy_successions.csv and sabino_date_conflicts.json; V5W7D002 separates actual ministerial exercise, formal reappointment and parliamentary notification; all interval endpoints retained"", ""raw_end"": ""2025-11-17"", ""raw_start"": ""2025-11-13"", ""scope_decision"": ""Documented true titular vacancy with designated substitute; the Nov14 Orla ceremony is retrospectively confirmed by attributed MTur post-event reporting naming Ana Carla acting minister. An event/signature alone does not prove titular absence through that day closing; Nov14-17 return bounds remain. Actual Sabino ministerial exercise is independently confirmed by the Nov17 morning Secom/EBC interview; Chamber notification at19h36 concerns legislative leave, not possession."", ""service_id"": ""service-C073-vacancy-5"", ""source_record_ids"": ""SABINO-2025-NOV"", ""start_inclusive"": ""2025-11-13""}"
services.csv,service-jair_bolsonaro-0-11,updated,capacity;scope_decision;evidence_ids;decision_ids,"{""administration_id"": ""bolsonaro"", ""capacity"": ""titular"", ""date_earliest"": """", ""date_latest"": """", ""date_status"": ""adjudicated_source_boundary"", ""decision_ids"": ""C028;POPULATION-REVIEW"", ""end_exclusive"": ""2023-01-01"", ""evidence_ids"": ""C028;LEG-3f060ebf15da"", ""included"": ""true"", ""office_id"": ""bolsonaro-comunicacoes"", ""office_name"": ""Ministério das Comunicações"", ""person_id"": ""person-561613fe4a6e"", ""person_name"": ""Maria Estella Dantas Antonichelli"", ""raw_date_semantics"": ""compiled stated tenure endpoints; daily close boundary adjudication except explicit administration/cutoff inclusive last day"", ""raw_end"": ""2022-12-31"", ""raw_start"": ""2022-12-21"", ""scope_decision"": ""Minister of State criterion; inherited qualifying office reviewed with OFF legal scope ledger"", ""service_id"": ""service-jair_bolsonaro-0-11"", ""source_record_ids"": ""jair_bolsonaro:0:11"", ""start_inclusive"": ""2022-12-21""}","{""administration_id"": ""bolsonaro"", ""capacity"": ""vacancy_acting"", ""date_earliest"": """", ""date_latest"": """", ""date_status"": ""adjudicated_source_boundary"", ""decision_ids"": ""C028;POPULATION-REVIEW;V5W5D002"", ""end_exclusive"": ""2023-01-01"", ""evidence_ids"": ""C028;LEG-3f060ebf15da;V5W5E002"", ""included"": ""true"", ""office_id"": ""bolsonaro-comunicacoes"", ""office_name"": ""Ministério das Comunicações"", ""person_id"": ""person-561613fe4a6e"", ""person_name"": ""Maria Estella Dantas Antonichelli"", ""raw_date_semantics"": ""compiled stated tenure endpoints; daily close boundary adjudication except explicit administration/cutoff inclusive last day"", ""raw_end"": ""2022-12-31"", ""raw_start"": ""2022-12-21"", ""scope_decision"": ""Designated executive-secretary substitution during true vacancy following Fabio Faria dismissal; interval unchanged"", ""service_id"": ""service-jair_bolsonaro-0-11"", ""source_record_ids"": ""jair_bolsonaro:0:11"", ""start_inclusive"": ""2022-12-21""}"
